{"type":"FeatureCollection","features":[{"type":"Feature","id":"24003","properties":{"fips":"24003"},"geometry":{"type":"Polygon","coordinates":[[[-76.4388,39.0529],[-76.4389,39.0528],[-76.437,39.0517],[-76.4229,39.0435],[-76.4074,39.0346],[-76.4072,39.0344],[-76.4072,39.0344],[-76.4053,39.0334],[-76.4051,39.0332],[-76.405,39.0331],[-76.4026,39.0296],[-76.3978,39.0226],[-76.3977,39.0225],[-76.3964,39.0184],[-76.3964,39.0184],[-76.3956,39.0161],[-76.3953,39.0152],[-76.3947,39.0132],[-76.3944,39.0122],[-76.3941,39.0113],[-76.4123,38.9968],[-76.4146,38.995],[-76.4215,38.9895],[-76.4222,38.989],[-76.4273,38.9878],[-76.4489,38.9828],[-76.449,38.9828],[-76.4492,38.9821],[-76.4502,38.9788],[-76.4505,38.9776],[-76.4516,38.9768],[-76.4546,38.9745],[-76.4742,38.9726],[-76.4742,38.9726],[-76.4744,38.9707],[-76.4749,38.9673],[-76.4747,38.9669],[-76.4732,38.9624],[-76.4713,38.9565],[-76.4631,38.9486],[-76.4602,38.9485],[-76.4578,38.9484],[-76.4572,38.9479],[-76.4517,38.9425],[-76.4503,38.9411],[-76.4508,38.9404],[-76.4619,38.924],[-76.4617,38.9237],[-76.4603,38.9199],[-76.459,38.9166],[-76.4588,38.916],[-76.4581,38.9143],[-76.4595,38.9071],[-76.4603,38.9072],[-76.4607,38.9072],[-76.4623,38.9073],[-76.4653,38.9074],[-76.4694,38.9076],[-76.4695,38.9115],[-76.4758,38.9145],[-76.4937,38.91],[-76.4938,38.9042],[-76.4938,38.9039],[-76.4938,38.9034],[-76.4939,38.9008],[-76.4939,38.8996],[-76.4928,38.8956],[-76.4909,38.8945],[-76.4904,38.8923],[-76.4903,38.892],[-76.4899,38.89],[-76.4897,38.889],[-76.4897,38.8888],[-76.4897,38.8888],[-76.4894,38.8874],[-76.4907,38.8848],[-76.4911,38.8845],[-76.4914,38.8842],[-76.4944,38.882],[-76.4946,38.8819],[-76.4949,38.8817],[-76.4985,38.8789],[-76.5079,38.8719],[-76.5111,38.8694],[-76.5194,38.8631],[-76.5169,38.8512],[-76.5166,38.851],[-76.5093,38.8484],[-76.5092,38.8484],[-76.4992,38.8522],[-76.4976,38.8527],[-76.4966,38.8531],[-76.4965,38.853],[-76.4936,38.8486],[-76.4928,38.8472],[-76.492,38.8461],[-76.4916,38.8454],[-76.4915,38.8453],[-76.4899,38.8429],[-76.4899,38.8428],[-76.4899,38.8387],[-76.4901,38.8382],[-76.4914,38.8352],[-76.4916,38.8346],[-76.4917,38.8345],[-76.4918,38.8341],[-76.497,38.822],[-76.4977,38.8203],[-76.4989,38.8175],[-76.4991,38.8173],[-76.5029,38.8116],[-76.5065,38.8064],[-76.5069,38.8059],[-76.5093,38.8023],[-76.5101,38.8012],[-76.5111,38.8008],[-76.5143,38.7994],[-76.5158,38.7988],[-76.5234,38.7956],[-76.5247,38.795],[-76.5248,38.7949],[-76.525,38.7947],[-76.525,38.7946],[-76.5252,38.7944],[-76.5255,38.794],[-76.5275,38.7918],[-76.5275,38.7918],[-76.5275,38.7917],[-76.5274,38.7908],[-76.5274,38.7908],[-76.5271,38.7882],[-76.527,38.7876],[-76.527,38.787],[-76.5273,38.7867],[-76.5281,38.7858],[-76.5325,38.7812],[-76.534,38.7796],[-76.5352,38.7783],[-76.5354,38.7781],[-76.5354,38.7781],[-76.5354,38.7781],[-76.5356,38.778],[-76.5363,38.7777],[-76.5368,38.7775],[-76.5368,38.7775],[-76.5372,38.7773],[-76.5391,38.7765],[-76.543,38.7748],[-76.5444,38.7742],[-76.5444,38.7742],[-76.5544,38.7697],[-76.5547,38.7696],[-76.5597,38.7674],[-76.5599,38.7674],[-76.5598,38.7663],[-76.5589,38.7582],[-76.5575,38.7447],[-76.5573,38.7442],[-76.5571,38.7438],[-76.557,38.7436],[-76.554,38.7378],[-76.5527,38.7353],[-76.552,38.7346],[-76.5446,38.7278],[-76.5445,38.7277],[-76.5439,38.7277],[-76.5436,38.7278],[-76.5434,38.7278],[-76.5421,38.7278],[-76.5398,38.7279],[-76.5299,38.7284],[-76.5293,38.7281],[-76.5272,38.7271],[-76.5267,38.7244],[-76.5292,38.7136],[-76.6159,38.7208],[-76.6231,38.7673],[-76.6862,38.7486],[-76.6864,38.7485],[-76.7106,38.8157],[-76.6933,38.9514],[-76.8404,39.1031],[-76.8246,39.1172],[-76.787,39.1288],[-76.777,39.1509],[-76.7637,39.1662],[-76.7406,39.1792],[-76.7226,39.1829],[-76.7192,39.1915],[-76.6971,39.2141],[-76.6967,39.2174],[-76.6877,39.2213],[-76.6802,39.2202],[-76.6687,39.229],[-76.6617,39.2311],[-76.6472,39.229],[-76.6394,39.224],[-76.6307,39.2242],[-76.6186,39.2374],[-76.6117,39.2344],[-76.5824,39.2072],[-76.5501,39.1972],[-76.5331,39.2076],[-76.5331,39.2076],[-76.5333,39.2072],[-76.5348,39.2048],[-76.5354,39.2038],[-76.5342,39.1906],[-76.5258,39.1779],[-76.5255,39.1777],[-76.525,39.1775],[-76.5242,39.1771],[-76.5203,39.1752],[-76.5193,39.1747],[-76.5118,39.1711],[-76.5084,39.1694],[-76.5009,39.1613],[-76.5005,39.1614],[-76.484,39.1644],[-76.4838,39.1643],[-76.476,39.1611],[-76.4748,39.1594],[-76.4738,39.158],[-76.4715,39.1547],[-76.4689,39.1532],[-76.4591,39.1473],[-76.4589,39.1472],[-76.4586,39.147],[-76.4583,39.1468],[-76.4582,39.1467],[-76.4528,39.1435],[-76.4401,39.1373],[-76.4309,39.1328],[-76.4301,39.1324],[-76.4287,39.1317],[-76.4325,39.1267],[-76.4327,39.1208],[-76.433,39.1132],[-76.4329,39.1131],[-76.4272,39.0967],[-76.4271,39.0963],[-76.4265,39.0946],[-76.4263,39.0941],[-76.4263,39.0941],[-76.4236,39.0864],[-76.4233,39.0856],[-76.4233,39.0855],[-76.4227,39.0839],[-76.4222,39.0824],[-76.4221,39.0821],[-76.4219,39.0814],[-76.4231,39.0742],[-76.4324,39.0616],[-76.4388,39.0529]]]}},{"type":"Feature","id":"24009","properties":{"fips":"24009"},"geometry":{"type":"Polygon","coordinates":[[[-76.4031,38.3432],[-76.4049,38.3411],[-76.4093,38.3259],[-76.4057,38.3178],[-76.4066,38.3175],[-76.4133,38.3154],[-76.4158,38.3146],[-76.4188,38.3136],[-76.4218,38.3127],[-76.4218,38.3127],[-76.4234,38.3122],[-76.425,38.3116],[-76.425,38.3116],[-76.4341,38.3088],[-76.4449,38.3054],[-76.4453,38.3052],[-76.4456,38.3052],[-76.4471,38.3052],[-76.4473,38.3052],[-76.4479,38.3052],[-76.448,38.3052],[-76.4481,38.3052],[-76.4481,38.3052],[-76.4481,38.3052],[-76.4481,38.3052],[-76.4481,38.3052],[-76.4481,38.3052],[-76.4481,38.3052],[-76.4481,38.3052],[-76.4481,38.3052],[-76.4484,38.3052],[-76.4488,38.3051],[-76.449,38.3051],[-76.4535,38.3051],[-76.4543,38.3053],[-76.4583,38.3066],[-76.4616,38.3085],[-76.464,38.3109],[-76.4644,38.3113],[-76.4645,38.3114],[-76.4656,38.3132],[-76.466,38.3137],[-76.4664,38.3148],[-76.4669,38.3159],[-76.4671,38.3165],[-76.4671,38.3165],[-76.4671,38.3165],[-76.4671,38.3165],[-76.4672,38.3166],[-76.4672,38.3167],[-76.4672,38.3167],[-76.4673,38.3171],[-76.4676,38.3177],[-76.4679,38.3184],[-76.468,38.3186],[-76.468,38.3188],[-76.4685,38.3199],[-76.4696,38.3224],[-76.4699,38.3229],[-76.4717,38.3249],[-76.4725,38.3253],[-76.4726,38.3253],[-76.4726,38.3253],[-76.473,38.3255],[-76.4736,38.3258],[-76.475,38.3265],[-76.4762,38.3267],[-76.478,38.3271],[-76.4832,38.3267],[-76.4876,38.3263],[-76.4884,38.3267],[-76.4885,38.3268],[-76.489,38.3272],[-76.4892,38.3274],[-76.4892,38.3275],[-76.4894,38.328],[-76.489,38.3289],[-76.4869,38.3324],[-76.4864,38.3333],[-76.4861,38.334],[-76.4857,38.3346],[-76.4857,38.3347],[-76.4856,38.3348],[-76.485,38.3359],[-76.4843,38.3372],[-76.4835,38.3401],[-76.4834,38.3404],[-76.4834,38.3408],[-76.4831,38.3424],[-76.4832,38.3427],[-76.4832,38.3433],[-76.4834,38.3453],[-76.4836,38.3459],[-76.4841,38.3481],[-76.4852,38.3511],[-76.4858,38.3523],[-76.4861,38.3529],[-76.4864,38.3535],[-76.4866,38.354],[-76.4892,38.3584],[-76.4912,38.3612],[-76.4935,38.364],[-76.4957,38.3666],[-76.4973,38.3683],[-76.4985,38.3696],[-76.4997,38.3709],[-76.4997,38.3709],[-76.5004,38.3716],[-76.5015,38.3725],[-76.5024,38.3729],[-76.5038,38.3734],[-76.505,38.3739],[-76.5056,38.3744],[-76.506,38.3748],[-76.5063,38.3751],[-76.5065,38.3757],[-76.507,38.3766],[-76.5074,38.377],[-76.5078,38.3775],[-76.5101,38.3789],[-76.511,38.3792],[-76.5113,38.3793],[-76.5116,38.3794],[-76.5126,38.3797],[-76.5136,38.3804],[-76.5149,38.3808],[-76.5167,38.3817],[-76.5189,38.3834],[-76.52,38.3843],[-76.5201,38.3844],[-76.5212,38.3857],[-76.5226,38.388],[-76.5236,38.3892],[-76.5241,38.3898],[-76.5246,38.3903],[-76.5258,38.3911],[-76.5269,38.392],[-76.528,38.3931],[-76.5283,38.3934],[-76.5299,38.395],[-76.5313,38.3959],[-76.5331,38.3972],[-76.5341,38.3978],[-76.5357,38.3977],[-76.536,38.3977],[-76.5367,38.3975],[-76.5373,38.3974],[-76.5377,38.3974],[-76.5403,38.3966],[-76.5423,38.3961],[-76.5456,38.3957],[-76.5488,38.3954],[-76.5507,38.3952],[-76.5511,38.3952],[-76.5534,38.395],[-76.5549,38.395],[-76.5567,38.3953],[-76.5584,38.3959],[-76.5592,38.3964],[-76.56,38.3973],[-76.5606,38.3987],[-76.5614,38.4004],[-76.562,38.4023],[-76.5621,38.4024],[-76.5622,38.4027],[-76.5622,38.4027],[-76.5622,38.4027],[-76.5624,38.4031],[-76.5627,38.4039],[-76.5639,38.406],[-76.5656,38.4071],[-76.5673,38.4075],[-76.5681,38.4077],[-76.5718,38.4088],[-76.5733,38.4094],[-76.574,38.4096],[-76.5744,38.4098],[-76.5755,38.4102],[-76.5786,38.4113],[-76.5846,38.4147],[-76.5867,38.416],[-76.5889,38.4172],[-76.5917,38.4189],[-76.5939,38.421],[-76.5952,38.4222],[-76.5975,38.4234],[-76.5994,38.4239],[-76.6007,38.424],[-76.6011,38.4241],[-76.6016,38.4241],[-76.6022,38.4242],[-76.6053,38.4238],[-76.6063,38.424],[-76.6079,38.4242],[-76.6084,38.4244],[-76.6089,38.425],[-76.6101,38.4265],[-76.6106,38.427],[-76.6108,38.4272],[-76.6115,38.428],[-76.613,38.4288],[-76.614,38.4299],[-76.6148,38.4314],[-76.6158,38.4336],[-76.6164,38.4346],[-76.6172,38.4353],[-76.6178,38.4356],[-76.6184,38.4361],[-76.6188,38.4364],[-76.62,38.4376],[-76.6215,38.4389],[-76.6221,38.4402],[-76.6225,38.4414],[-76.6236,38.4429],[-76.6242,38.4435],[-76.6247,38.4437],[-76.6263,38.4446],[-76.6279,38.4456],[-76.628,38.4457],[-76.629,38.4463],[-76.63,38.4473],[-76.6322,38.4493],[-76.6323,38.4494],[-76.6324,38.4495],[-76.6324,38.4495],[-76.6324,38.4495],[-76.6324,38.4495],[-76.6324,38.4495],[-76.6324,38.4495],[-76.6324,38.4495],[-76.6324,38.4495],[-76.6324,38.4495],[-76.6324,38.4495],[-76.6325,38.4496],[-76.6326,38.4497],[-76.6345,38.4515],[-76.6355,38.4522],[-76.6364,38.4529],[-76.6392,38.455],[-76.6393,38.455],[-76.6398,38.4555],[-76.6443,38.4583],[-76.6465,38.4596],[-76.6491,38.4608],[-76.6513,38.4618],[-76.6526,38.4624],[-76.6538,38.4633],[-76.6539,38.4634],[-76.6541,38.4639],[-76.6543,38.4652],[-76.6537,38.467],[-76.653,38.4681],[-76.653,38.4681],[-76.6521,38.4695],[-76.652,38.4713],[-76.6521,38.4738],[-76.6526,38.4746],[-76.6529,38.475],[-76.6534,38.4758],[-76.6534,38.4759],[-76.6539,38.4766],[-76.6539,38.4767],[-76.654,38.4767],[-76.6566,38.4812],[-76.6593,38.4857],[-76.6603,38.4874],[-76.6611,38.4884],[-76.6612,38.4885],[-76.6613,38.4886],[-76.6633,38.4912],[-76.6654,38.4937],[-76.6659,38.4944],[-76.6664,38.4948],[-76.6671,38.4952],[-76.6727,38.4982],[-76.673,38.4985],[-76.6736,38.4991],[-76.6741,38.4996],[-76.663,38.5266],[-76.6755,38.5359],[-76.6726,38.5468],[-76.6723,38.5528],[-76.6755,38.5588],[-76.6789,38.568],[-76.6778,38.5724],[-76.6807,38.5805],[-76.6795,38.5852],[-76.6752,38.5921],[-76.6726,38.5993],[-76.6735,38.6072],[-76.6723,38.6175],[-76.6776,38.6262],[-76.6794,38.6279],[-76.6861,38.6302],[-76.692,38.6349],[-76.6929,38.6364],[-76.6916,38.6485],[-76.6851,38.6548],[-76.6832,38.6588],[-76.6833,38.6612],[-76.6874,38.6638],[-76.6942,38.6638],[-76.7004,38.667],[-76.7007,38.6701],[-76.6905,38.6737],[-76.6874,38.6787],[-76.6871,38.6814],[-76.6955,38.6858],[-76.6984,38.6904],[-76.6979,38.6948],[-76.695,38.7003],[-76.6949,38.7025],[-76.6977,38.707],[-76.702,38.7109],[-76.6936,38.7248],[-76.6956,38.7315],[-76.695,38.7351],[-76.687,38.7359],[-76.684,38.7383],[-76.6864,38.7485],[-76.6862,38.7486],[-76.6231,38.7673],[-76.6159,38.7208],[-76.5292,38.7136],[-76.5295,38.7123],[-76.5297,38.7115],[-76.5306,38.7079],[-76.5308,38.707],[-76.5308,38.7069],[-76.5325,38.7],[-76.5325,38.6997],[-76.5325,38.6982],[-76.5324,38.6836],[-76.5324,38.6801],[-76.5324,38.6784],[-76.5321,38.6769],[-76.5305,38.6703],[-76.5278,38.6594],[-76.5274,38.6577],[-76.525,38.6476],[-76.5246,38.646],[-76.5241,38.645],[-76.5179,38.6336],[-76.517,38.632],[-76.5156,38.6294],[-76.5113,38.6157],[-76.5125,38.6098],[-76.5126,38.6092],[-76.5148,38.5979],[-76.5157,38.5932],[-76.5158,38.5932],[-76.5158,38.5931],[-76.5163,38.5902],[-76.5151,38.5558],[-76.5154,38.5539],[-76.5154,38.5537],[-76.5154,38.5536],[-76.5155,38.5529],[-76.5175,38.5391],[-76.5158,38.5293],[-76.5157,38.529],[-76.5153,38.5281],[-76.5075,38.5083],[-76.5069,38.5067],[-76.506,38.5046],[-76.4993,38.4936],[-76.4988,38.4928],[-76.4982,38.4919],[-76.4927,38.4828],[-76.4916,38.4819],[-76.4734,38.4663],[-76.4713,38.4645],[-76.4673,38.4611],[-76.4672,38.461],[-76.4672,38.461],[-76.464,38.4583],[-76.4611,38.4558],[-76.4558,38.4512],[-76.456,38.4479],[-76.4541,38.4459],[-76.4509,38.4424],[-76.4454,38.439],[-76.4424,38.4372],[-76.4424,38.4372],[-76.4412,38.4364],[-76.4389,38.4351],[-76.4363,38.4334],[-76.4357,38.4329],[-76.4154,38.4147],[-76.4027,38.396],[-76.3934,38.3895],[-76.3883,38.3878],[-76.3883,38.3877],[-76.3862,38.382],[-76.3862,38.3816],[-76.3869,38.3632],[-76.387,38.3625],[-76.387,38.3613],[-76.3874,38.3608],[-76.3888,38.3592],[-76.3889,38.3591],[-76.3983,38.3486],[-76.4009,38.3457],[-76.4015,38.3449],[-76.402,38.3443],[-76.4031,38.3432]]]}},{"type":"Feature","id":"24017","properties":{"fips":"24017"},"geometry":{"type":"Polygon","coordinates":[[[-77.1252,38.6191],[-77.1246,38.6198],[-77.1302,38.635],[-77.1359,38.6498],[-77.1325,38.6738],[-77.1211,38.6866],[-77.1059,38.6968],[-77.0861,38.7058],[-77.0786,38.6941],[-77.077,38.6902],[-77.011,38.652],[-76.863,38.6586],[-76.7473,38.6167],[-76.6755,38.5359],[-76.663,38.5266],[-76.6741,38.4996],[-76.6838,38.4953],[-76.6993,38.4971],[-76.7001,38.4976],[-76.7003,38.4979],[-76.7,38.4991],[-76.701,38.4996],[-76.7015,38.5002],[-76.7022,38.5017],[-76.7033,38.5024],[-76.7037,38.5023],[-76.7044,38.5018],[-76.7054,38.502],[-76.7055,38.503],[-76.7065,38.5043],[-76.7084,38.5048],[-76.7084,38.5055],[-76.7092,38.5074],[-76.71,38.5081],[-76.7104,38.5075],[-76.7105,38.5092],[-76.7118,38.5099],[-76.7135,38.5095],[-76.7138,38.5105],[-76.7153,38.5095],[-76.7159,38.5095],[-76.7164,38.5101],[-76.7178,38.5104],[-76.7185,38.5098],[-76.7191,38.5098],[-76.7204,38.5107],[-76.7226,38.5107],[-76.7266,38.5118],[-76.7301,38.5118],[-76.7337,38.5125],[-76.7349,38.5122],[-76.7387,38.5123],[-76.74,38.5126],[-76.7422,38.5125],[-76.7441,38.5122],[-76.7459,38.5126],[-76.7481,38.5125],[-76.7521,38.5137],[-76.7539,38.5135],[-76.7565,38.5135],[-76.758,38.5131],[-76.7598,38.513],[-76.7602,38.5133],[-76.7626,38.5132],[-76.7648,38.5134],[-76.7669,38.5133],[-76.7687,38.5126],[-76.7702,38.5105],[-76.771,38.5099],[-76.7749,38.5089],[-76.8718,38.389],[-76.8499,38.3658],[-76.8536,38.3401],[-76.834,38.2997],[-76.8458,38.2978],[-76.8461,38.2977],[-76.8463,38.2977],[-76.8462,38.292],[-76.8462,38.2918],[-76.8417,38.2898],[-76.8412,38.2896],[-76.8404,38.2892],[-76.8385,38.2842],[-76.8349,38.2743],[-76.8348,38.274],[-76.8351,38.2726],[-76.8377,38.262],[-76.8378,38.2616],[-76.842,38.2547],[-76.8421,38.2545],[-76.8434,38.2549],[-76.8442,38.2552],[-76.8449,38.2554],[-76.846,38.2558],[-76.8471,38.2562],[-76.8643,38.2689],[-76.8663,38.2697],[-76.8664,38.2697],[-76.8865,38.277],[-76.9085,38.2884],[-76.9208,38.2915],[-76.9209,38.2916],[-76.9222,38.3111],[-76.9222,38.3113],[-76.9236,38.3149],[-76.9247,38.316],[-76.927,38.3185],[-76.9296,38.3211],[-76.9421,38.3296],[-76.9539,38.3333],[-76.9663,38.3414],[-76.9751,38.3471],[-76.9755,38.3473],[-76.9836,38.363],[-76.9865,38.3826],[-76.9867,38.3842],[-76.987,38.3862],[-76.9878,38.392],[-76.9883,38.395],[-76.9893,38.3964],[-76.9893,38.3964],[-76.9903,38.3978],[-76.9938,38.4027],[-76.9967,38.4066],[-76.9967,38.4067],[-76.9986,38.4093],[-76.9988,38.4104],[-77.001,38.4193],[-77.0015,38.4215],[-77.0016,38.422],[-77.0019,38.4224],[-77.0026,38.4234],[-77.0065,38.4297],[-77.0068,38.4302],[-77.0164,38.4456],[-77.0167,38.4456],[-77.0406,38.4446],[-77.042,38.444],[-77.0429,38.4436],[-77.0442,38.443],[-77.0532,38.4378],[-77.0533,38.4377],[-77.0534,38.4376],[-77.0537,38.4375],[-77.054,38.4373],[-77.055,38.4367],[-77.0552,38.4366],[-77.0553,38.4365],[-77.0569,38.4356],[-77.0573,38.4354],[-77.0575,38.4353],[-77.0577,38.4351],[-77.0626,38.4322],[-77.0742,38.4255],[-77.0743,38.4254],[-77.0747,38.4252],[-77.0755,38.4247],[-77.0813,38.4194],[-77.0814,38.4193],[-77.0864,38.4148],[-77.0911,38.4075],[-77.1066,38.4062],[-77.107,38.4065],[-77.1076,38.407],[-77.1079,38.4072],[-77.1091,38.4081],[-77.1092,38.4082],[-77.1106,38.4092],[-77.1106,38.4092],[-77.1233,38.4106],[-77.1259,38.4048],[-77.1274,38.4016],[-77.1277,38.4008],[-77.1284,38.4002],[-77.1286,38.3999],[-77.1288,38.3997],[-77.1289,38.3997],[-77.1291,38.3995],[-77.1303,38.3983],[-77.1352,38.3933],[-77.1364,38.3921],[-77.1367,38.3918],[-77.1369,38.3917],[-77.14,38.3901],[-77.1432,38.3884],[-77.1475,38.3861],[-77.1635,38.3778],[-77.1687,38.3751],[-77.177,38.3707],[-77.1798,38.3692],[-77.1826,38.3678],[-77.1833,38.3674],[-77.1849,38.3666],[-77.1867,38.3656],[-77.1894,38.3649],[-77.205,38.3605],[-77.2072,38.3599],[-77.2073,38.3599],[-77.2074,38.3599],[-77.2083,38.3602],[-77.2122,38.3616],[-77.2167,38.3632],[-77.2168,38.3632],[-77.2362,38.3746],[-77.2502,38.3828],[-77.2509,38.3843],[-77.2512,38.3851],[-77.2532,38.3896],[-77.2564,38.3968],[-77.2572,38.3985],[-77.2619,38.4091],[-77.2642,38.4143],[-77.2613,38.4237],[-77.26,38.4279],[-77.26,38.4358],[-77.2608,38.4384],[-77.2637,38.4478],[-77.2668,38.458],[-77.2695,38.4665],[-77.274,38.4811],[-77.2742,38.4816],[-77.2742,38.4818],[-77.2741,38.482],[-77.2711,38.4908],[-77.2636,38.5123],[-77.2574,38.5218],[-77.2549,38.5257],[-77.2461,38.5391],[-77.2427,38.5442],[-77.2377,38.5519],[-77.2367,38.5521],[-77.2265,38.5541],[-77.2211,38.5552],[-77.2099,38.5689],[-77.2053,38.5745],[-77.1838,38.6007],[-77.176,38.6041],[-77.17,38.6067],[-77.1697,38.6069],[-77.1675,38.6067],[-77.1639,38.6065],[-77.1634,38.6065],[-77.1632,38.6065],[-77.1626,38.6064],[-77.1616,38.6064],[-77.1487,38.6056],[-77.1461,38.6067],[-77.1355,38.6115],[-77.1292,38.6143],[-77.1291,38.6144],[-77.1288,38.6147],[-77.1263,38.6177],[-77.1252,38.6191]]]}},{"type":"Feature","id":"24019","properties":{"fips":"24019"},"geometry":{"type":"MultiPolygon","coordinates":[[[[-76.0484,38.1206],[-76.0568,38.1251],[-76.061,38.127],[-76.0611,38.127],[-76.0615,38.1268],[-76.0637,38.1261],[-76.0647,38.1257],[-76.0811,38.12],[-76.0816,38.1199],[-76.0852,38.1186],[-76.0853,38.1186],[-76.0855,38.1179],[-76.0859,38.1168],[-76.0859,38.1167],[-76.0862,38.1165],[-76.089,38.1153],[-76.0892,38.1152],[-76.0909,38.1145],[-76.0955,38.1251],[-76.0906,38.1312],[-76.0906,38.1312],[-76.0905,38.1319],[-76.089,38.141],[-76.0899,38.1438],[-76.0902,38.1448],[-76.0923,38.1514],[-76.0886,38.1926],[-76.0715,38.2035],[-76.0678,38.2035],[-76.0671,38.2035],[-76.067,38.2035],[-76.0619,38.2036],[-76.0597,38.2036],[-76.0596,38.2036],[-76.0592,38.2036],[-76.0592,38.2036],[-76.059,38.2036],[-76.0589,38.2036],[-76.0538,38.2037],[-76.0522,38.2037],[-76.0505,38.2037],[-76.0489,38.2037],[-76.0488,38.2037],[-76.0465,38.2015],[-76.0463,38.2013],[-76.0427,38.1978],[-76.0426,38.1977],[-76.0424,38.1975],[-76.0423,38.1974],[-76.042,38.1971],[-76.0407,38.1959],[-76.0389,38.1942],[-76.0368,38.192],[-76.0286,38.1841],[-76.0284,38.1839],[-76.0269,38.1825],[-76.0259,38.1815],[-76.0222,38.1779],[-76.0219,38.172],[-76.0259,38.1709],[-76.0328,38.1692],[-76.0328,38.1691],[-76.034,38.1579],[-76.034,38.1576],[-76.0319,38.1486],[-76.0319,38.1483],[-76.0314,38.1476],[-76.0484,38.1206]]],[[[-75.9255,38.2667],[-75.9386,38.2723],[-75.9403,38.2716],[-75.9425,38.2707],[-75.9427,38.2706],[-75.9483,38.2683],[-75.9514,38.267],[-75.9515,38.2669],[-75.9515,38.2669],[-75.9516,38.2669],[-75.9516,38.2668],[-75.9545,38.2644],[-75.9546,38.2643],[-75.9547,38.2642],[-75.9547,38.2641],[-75.9548,38.2641],[-75.9549,38.264],[-75.9549,38.264],[-75.9548,38.261],[-75.9546,38.2541],[-75.9546,38.2535],[-75.9545,38.2529],[-75.9501,38.2497],[-75.9495,38.2493],[-75.9488,38.2488],[-75.9479,38.2489],[-75.9457,38.2491],[-75.9445,38.2491],[-75.943,38.2483],[-75.9425,38.2479],[-75.9423,38.2478],[-75.9407,38.2469],[-75.9412,38.2462],[-75.9428,38.2439],[-75.9464,38.2389],[-75.9482,38.2385],[-75.9512,38.2379],[-75.9552,38.237],[-75.9558,38.2368],[-75.9583,38.2363],[-75.9588,38.2362],[-75.962,38.2355],[-75.9621,38.2355],[-75.9627,38.2354],[-75.9629,38.2353],[-75.9705,38.2337],[-75.9715,38.2335],[-75.9722,38.2333],[-75.9704,38.235],[-75.9701,38.2353],[-75.9694,38.236],[-75.9693,38.2361],[-75.9645,38.2407],[-75.9641,38.2411],[-75.964,38.2416],[-75.9622,38.2475],[-75.9635,38.2518],[-75.9843,38.2652],[-75.9858,38.2765],[-75.9878,38.2793],[-75.9887,38.2806],[-75.9904,38.2829],[-75.9912,38.2839],[-75.9917,38.2846],[-75.9927,38.2858],[-75.9928,38.286],[-75.9934,38.2867],[-76.0002,38.2953],[-76.004,38.3001],[-76.0071,38.304],[-76.0073,38.3042],[-76.0074,38.3043],[-76.0075,38.3044],[-76.0112,38.3056],[-76.0115,38.3056],[-76.0163,38.3072],[-76.0163,38.3072],[-76.0165,38.3076],[-76.0173,38.309],[-76.0174,38.3091],[-76.0094,38.312],[-76.0086,38.3123],[-75.9912,38.3141],[-75.9905,38.3142],[-75.986,38.3147],[-75.9848,38.3148],[-75.9844,38.3148],[-75.9832,38.315],[-75.9832,38.315],[-75.9825,38.315],[-75.9813,38.3151],[-75.9696,38.32],[-75.9693,38.3202],[-75.9689,38.3205],[-75.9642,38.3243],[-75.9619,38.3326],[-75.9619,38.3358],[-75.9619,38.336],[-75.9619,38.3414],[-75.9654,38.3484],[-75.9664,38.3505],[-75.9689,38.3556],[-75.9692,38.3562],[-75.9708,38.3596],[-75.971,38.36],[-75.9715,38.3611],[-75.9719,38.3618],[-75.9722,38.3624],[-75.9723,38.3626],[-75.9739,38.3659],[-75.9797,38.3676],[-75.9802,38.3678],[-75.9808,38.368],[-75.9957,38.3725],[-76.0018,38.3743],[-76.0022,38.3744],[-76.0023,38.3745],[-76.0049,38.372],[-76.0069,38.3702],[-76.0119,38.3606],[-76.0121,38.3571],[-76.011,38.3548],[-76.0107,38.3543],[-76.0103,38.3533],[-76.0102,38.3532],[-76.0104,38.3527],[-76.0104,38.3525],[-76.0167,38.3324],[-76.0339,38.3232],[-76.0414,38.3222],[-76.0416,38.3221],[-76.0417,38.3221],[-76.0432,38.3206],[-76.0439,38.3199],[-76.0446,38.3192],[-76.0451,38.3188],[-76.0456,38.3182],[-76.046,38.3175],[-76.0464,38.3166],[-76.0474,38.3143],[-76.048,38.313],[-76.0486,38.3116],[-76.049,38.3109],[-76.0492,38.3104],[-76.0495,38.3097],[-76.0496,38.3096],[-76.0496,38.3093],[-76.0496,38.309],[-76.0502,38.3041],[-76.0471,38.3016],[-76.04,38.2957],[-76.0305,38.288],[-76.0282,38.282],[-76.0276,38.2803],[-76.0275,38.2801],[-76.0326,38.2689],[-76.0327,38.2687],[-76.0328,38.2685],[-76.033,38.268],[-76.0336,38.2666],[-76.0337,38.2664],[-76.0389,38.2549],[-76.0397,38.2541],[-76.0439,38.2497],[-76.0443,38.2494],[-76.0441,38.2434],[-76.0441,38.2417],[-76.0438,38.2413],[-76.038,38.2336],[-76.0371,38.2324],[-76.0371,38.2324],[-76.0361,38.2311],[-76.0357,38.2306],[-76.0335,38.222],[-76.0333,38.2216],[-76.032,38.2167],[-76.058,38.2271],[-76.0695,38.2385],[-76.0708,38.2418],[-76.0712,38.2427],[-76.0735,38.2486],[-76.0737,38.2492],[-76.0745,38.2511],[-76.0745,38.2512],[-76.0746,38.2513],[-76.0746,38.2514],[-76.0747,38.2517],[-76.0748,38.2518],[-76.0749,38.2522],[-76.0823,38.2526],[-76.0825,38.2526],[-76.0898,38.2531],[-76.0924,38.2532],[-76.0927,38.2532],[-76.0947,38.2534],[-76.0997,38.2536],[-76.1076,38.2625],[-76.1025,38.2772],[-76.1113,38.2869],[-76.1269,38.2838],[-76.1311,38.2829],[-76.1372,38.2816],[-76.1374,38.2816],[-76.1385,38.2814],[-76.1385,38.2814],[-76.1386,38.2814],[-76.1407,38.282],[-76.1409,38.2821],[-76.1431,38.2827],[-76.1494,38.2845],[-76.1499,38.2847],[-76.1605,38.291],[-76.1608,38.2909],[-76.1613,38.2909],[-76.1662,38.2904],[-76.1734,38.2853],[-76.1736,38.2852],[-76.1738,38.2849],[-76.174,38.2847],[-76.1741,38.2845],[-76.1742,38.2845],[-76.1745,38.2841],[-76.1746,38.2839],[-76.1747,38.2838],[-76.1801,38.277],[-76.1802,38.277],[-76.1801,38.2767],[-76.1791,38.2733],[-76.1783,38.2703],[-76.1758,38.2616],[-76.1713,38.257],[-76.1644,38.2501],[-76.1632,38.2489],[-76.1463,38.2497],[-76.1352,38.2459],[-76.135,38.2458],[-76.1325,38.245],[-76.131,38.2444],[-76.1266,38.2429],[-76.1265,38.242],[-76.1259,38.2389],[-76.1258,38.2383],[-76.1285,38.2357],[-76.1289,38.2353],[-76.1313,38.2329],[-76.1401,38.2313],[-76.151,38.2342],[-76.1733,38.247],[-76.1886,38.2674],[-76.1896,38.2725],[-76.1897,38.2726],[-76.1905,38.2771],[-76.1972,38.2852],[-76.1977,38.2859],[-76.1979,38.2861],[-76.2016,38.2906],[-76.2016,38.2906],[-76.2023,38.2915],[-76.2026,38.2919],[-76.2029,38.2922],[-76.2034,38.2929],[-76.2039,38.2935],[-76.2114,38.3027],[-76.2163,38.305],[-76.2176,38.3057],[-76.2181,38.3059],[-76.2264,38.31],[-76.2264,38.31],[-76.2439,38.3103],[-76.2545,38.3151],[-76.2582,38.3184],[-76.2666,38.3395],[-76.2642,38.3464],[-76.2593,38.3416],[-76.2593,38.3416],[-76.2592,38.3416],[-76.2584,38.3419],[-76.2579,38.342],[-76.2385,38.348],[-76.2385,38.3484],[-76.2385,38.3492],[-76.2386,38.3502],[-76.239,38.3507],[-76.2391,38.3508],[-76.2396,38.3515],[-76.2399,38.3519],[-76.2402,38.3522],[-76.2404,38.3525],[-76.2473,38.3613],[-76.2488,38.3631],[-76.2497,38.3642],[-76.2568,38.3667],[-76.2575,38.3667],[-76.258,38.3667],[-76.273,38.3665],[-76.2787,38.3829],[-76.2788,38.3832],[-76.2807,38.3887],[-76.2812,38.3901],[-76.2813,38.3904],[-76.2814,38.3906],[-76.2817,38.3915],[-76.2821,38.3928],[-76.2823,38.3931],[-76.2806,38.4031],[-76.283,38.4135],[-76.2907,38.4244],[-76.3002,38.4379],[-76.3015,38.4398],[-76.3116,38.4503],[-76.3118,38.4504],[-76.3208,38.4599],[-76.3314,38.4733],[-76.3315,38.4734],[-76.3316,38.4735],[-76.3318,38.4743],[-76.332,38.4752],[-76.3364,38.4922],[-76.3273,38.5001],[-76.3181,38.4982],[-76.2895,38.5039],[-76.2836,38.5042],[-76.2818,38.5022],[-76.264,38.5035],[-76.2621,38.5049],[-76.2603,38.5063],[-76.2479,38.523],[-76.2473,38.5238],[-76.2444,38.537],[-76.2489,38.539],[-76.2503,38.5391],[-76.251,38.5392],[-76.2536,38.5394],[-76.2741,38.5312],[-76.2781,38.5325],[-76.281,38.5361],[-76.2775,38.5419],[-76.2759,38.5488],[-76.2796,38.5572],[-76.2832,38.5613],[-76.2836,38.5618],[-76.289,38.568],[-76.29,38.5692],[-76.2907,38.5692],[-76.2965,38.5701],[-76.2993,38.5705],[-76.3083,38.5718],[-76.3052,38.5753],[-76.292,38.582],[-76.2909,38.5825],[-76.2735,38.5914],[-76.2686,38.5978],[-76.2726,38.602],[-76.2746,38.6042],[-76.2749,38.6045],[-76.2752,38.6049],[-76.2753,38.6049],[-76.2757,38.6053],[-76.2796,38.6095],[-76.2781,38.6107],[-76.2767,38.6118],[-76.2718,38.6157],[-76.2642,38.6151],[-76.2636,38.6155],[-76.2628,38.616],[-76.2611,38.617],[-76.2603,38.6175],[-76.2539,38.6216],[-76.2479,38.6254],[-76.2465,38.6263],[-76.2366,38.6286],[-76.236,38.6268],[-76.2349,38.624],[-76.2312,38.614],[-76.2294,38.6133],[-76.2292,38.6132],[-76.2288,38.6131],[-76.223,38.6108],[-76.2207,38.6099],[-76.2124,38.6067],[-76.2124,38.6067],[-76.2031,38.6107],[-76.2026,38.613],[-76.1909,38.6211],[-76.175,38.6288],[-76.1701,38.6292],[-76.1601,38.6255],[-76.1529,38.6318],[-76.0234,38.5739],[-75.9911,38.5925],[-75.9452,38.6741],[-75.7627,38.6862],[-75.7074,38.6354],[-75.7073,38.6353],[-75.7066,38.6261],[-75.7062,38.6213],[-75.7059,38.6163],[-75.7058,38.6147],[-75.704,38.5921],[-75.7034,38.5851],[-75.7016,38.5607],[-75.7073,38.5595],[-75.7119,38.5509],[-75.7188,38.5462],[-75.7245,38.5412],[-75.7298,38.5387],[-75.7378,38.5376],[-75.7406,38.5384],[-75.7465,38.5368],[-75.7497,38.5317],[-75.7536,38.5281],[-75.756,38.5153],[-75.7598,38.5101],[-75.765,38.5065],[-75.7821,38.5016],[-75.785,38.5001],[-75.7947,38.4924],[-75.8005,38.491],[-75.8152,38.4888],[-75.8237,38.481],[-75.8248,38.4791],[-75.8229,38.476],[-75.8187,38.4723],[-75.8158,38.4694],[-75.8149,38.4665],[-75.8167,38.4633],[-75.822,38.461],[-75.8285,38.4596],[-75.8332,38.4576],[-75.8357,38.4533],[-75.8367,38.4481],[-75.836,38.4452],[-75.8331,38.4434],[-75.8266,38.4422],[-75.8213,38.4393],[-75.8198,38.4359],[-75.8213,38.4301],[-75.825,38.4254],[-75.8289,38.4234],[-75.8433,38.4227],[-75.8456,38.4219],[-75.8473,38.4173],[-75.851,38.4045],[-75.8513,38.4003],[-75.8467,38.3971],[-75.8424,38.3931],[-75.8384,38.3875],[-75.8383,38.3859],[-75.8403,38.3848],[-75.8462,38.3844],[-75.8553,38.3853],[-75.8609,38.3836],[-75.8654,38.3791],[-75.8673,38.3751],[-75.866,38.3731],[-75.8595,38.3668],[-75.8577,38.3635],[-75.8572,38.3599],[-75.8577,38.357],[-75.8603,38.3539],[-75.8642,38.3508],[-75.9286,38.2973],[-75.9255,38.2667]]]]}},{"type":"Feature","id":"24029","properties":{"fips":"24029"},"geometry":{"type":"Polygon","coordinates":[[[-75.8677,39.2595],[-75.8741,39.2498],[-75.925,39.2441],[-75.9307,39.239],[-75.9379,39.2355],[-75.9534,39.2353],[-75.9672,39.2393],[-75.9767,39.2405],[-75.9898,39.2384],[-75.9984,39.2348],[-76.0128,39.2345],[-76.0148,39.2342],[-76.0205,39.2274],[-76.0272,39.2267],[-76.0566,39.2103],[-76.0688,39.1923],[-76.0652,39.1852],[-76.0467,39.1808],[-76.0397,39.1741],[-76.0476,39.1627],[-76.0816,39.1477],[-76.0724,39.1382],[-76.1171,39.1071],[-76.1581,39.094],[-76.1673,39.0948],[-76.1691,39.095],[-76.1694,39.095],[-76.1699,39.0951],[-76.1839,39.0963],[-76.1899,39.093],[-76.1947,39.0904],[-76.2033,39.0857],[-76.2034,39.0856],[-76.2035,39.0851],[-76.2051,39.0801],[-76.2076,39.0722],[-76.21,39.0644],[-76.2103,39.0625],[-76.2109,39.0569],[-76.2118,39.0482],[-76.2126,39.0416],[-76.2126,39.0413],[-76.2126,39.0412],[-76.212,39.0389],[-76.2116,39.0371],[-76.2105,39.0327],[-76.2098,39.0301],[-76.2095,39.0288],[-76.2085,39.0248],[-76.2083,39.0246],[-76.2069,39.0226],[-76.2068,39.0226],[-76.206,39.0215],[-76.2007,39.0145],[-76.201,39.0143],[-76.2022,39.0137],[-76.2091,39.01],[-76.2093,39.0101],[-76.2168,39.0129],[-76.2211,39.0145],[-76.2237,39.0155],[-76.2318,39.0185],[-76.2402,39.0266],[-76.2419,39.0282],[-76.2427,39.0289],[-76.2409,39.0398],[-76.2394,39.042],[-76.2375,39.0449],[-76.2371,39.0455],[-76.2312,39.0608],[-76.2311,39.061],[-76.2314,39.0717],[-76.2317,39.0828],[-76.2335,39.0914],[-76.2406,39.1069],[-76.2451,39.1165],[-76.2529,39.1336],[-76.253,39.1336],[-76.2603,39.1427],[-76.2609,39.1434],[-76.2644,39.1439],[-76.2665,39.1442],[-76.2681,39.1444],[-76.2749,39.1453],[-76.2767,39.1455],[-76.2785,39.1458],[-76.2768,39.1545],[-76.2757,39.1603],[-76.2747,39.165],[-76.2746,39.1655],[-76.2743,39.1661],[-76.2695,39.1752],[-76.2686,39.1767],[-76.267,39.1798],[-76.2666,39.1805],[-76.2558,39.1916],[-76.251,39.1992],[-76.2487,39.2033],[-76.2326,39.2323],[-76.2321,39.2333],[-76.2262,39.2465],[-76.2205,39.2594],[-76.2193,39.262],[-76.2193,39.262],[-76.2183,39.263],[-76.2175,39.2638],[-76.2113,39.2698],[-76.2113,39.2698],[-76.2112,39.2698],[-76.2107,39.2698],[-76.203,39.2699],[-76.2026,39.2703],[-76.193,39.2788],[-76.1913,39.2804],[-76.1899,39.2816],[-76.1859,39.2852],[-76.1857,39.2854],[-76.1815,39.2918],[-76.1815,39.2918],[-76.1777,39.2987],[-76.1777,39.2987],[-76.1772,39.3031],[-76.1768,39.3062],[-76.1768,39.3064],[-76.1769,39.3066],[-76.179,39.3099],[-76.1791,39.3101],[-76.186,39.3125],[-76.1866,39.3154],[-76.1866,39.3155],[-76.186,39.3178],[-76.1856,39.3193],[-76.1855,39.3194],[-76.1706,39.332],[-76.1705,39.332],[-76.1704,39.3321],[-76.1694,39.3325],[-76.1684,39.3328],[-76.1597,39.3359],[-76.1572,39.3356],[-76.1527,39.3352],[-76.1455,39.3344],[-76.1332,39.3405],[-76.1351,39.3425],[-76.137,39.3444],[-76.1349,39.3511],[-76.13,39.3537],[-76.1167,39.3607],[-76.1164,39.3609],[-76.1159,39.3617],[-76.1132,39.367],[-76.1106,39.3721],[-76.1105,39.3723],[-76.1089,39.3722],[-76.1084,39.3722],[-76.075,39.3713],[-76.0659,39.3711],[-76.0657,39.3711],[-76.0615,39.371],[-76.0593,39.3709],[-76.0587,39.3709],[-76.0579,39.3709],[-76.0542,39.3708],[-76.0498,39.3706],[-76.0329,39.3674],[-76.0318,39.3668],[-76.0301,39.3658],[-76.023,39.3619],[-76.0191,39.363],[-76.0065,39.3664],[-76.0024,39.3675],[-76.0025,39.3764],[-76.0024,39.3764],[-76.0022,39.3765],[-76.0017,39.3765],[-76.0015,39.3765],[-76.0011,39.3766],[-76.0002,39.3767],[-75.9994,39.3766],[-75.9985,39.3765],[-75.9961,39.3762],[-75.9951,39.3761],[-75.9942,39.3759],[-75.9939,39.3758],[-75.9931,39.3757],[-75.9923,39.3753],[-75.9922,39.3753],[-75.992,39.3751],[-75.991,39.3747],[-75.989,39.3738],[-75.9871,39.3726],[-75.9853,39.3708],[-75.9841,39.3693],[-75.984,39.3692],[-75.9827,39.3675],[-75.9815,39.3668],[-75.9811,39.3666],[-75.9805,39.3666],[-75.979,39.3666],[-75.9777,39.3669],[-75.9762,39.3675],[-75.9744,39.3686],[-75.9736,39.3696],[-75.9728,39.3709],[-75.972,39.3716],[-75.9706,39.3729],[-75.9694,39.3734],[-75.9683,39.374],[-75.966,39.3745],[-75.9644,39.3747],[-75.9641,39.3747],[-75.9614,39.3747],[-75.9601,39.3747],[-75.9601,39.3747],[-75.9585,39.3746],[-75.957,39.3746],[-75.9543,39.3741],[-75.9518,39.3736],[-75.9512,39.3734],[-75.9504,39.3732],[-75.9493,39.3725],[-75.9492,39.3724],[-75.9478,39.371],[-75.9468,39.3698],[-75.9464,39.3695],[-75.9462,39.3693],[-75.9454,39.3686],[-75.9444,39.3683],[-75.9439,39.3681],[-75.9437,39.3681],[-75.9423,39.3678],[-75.941,39.3677],[-75.9398,39.3678],[-75.9378,39.3687],[-75.9377,39.3687],[-75.9364,39.3695],[-75.9341,39.3709],[-75.932,39.3715],[-75.9306,39.3716],[-75.93,39.3717],[-75.9279,39.3715],[-75.9272,39.3712],[-75.9266,39.371],[-75.9253,39.3698],[-75.9239,39.368],[-75.9239,39.368],[-75.9228,39.3672],[-75.9211,39.3671],[-75.9199,39.367],[-75.9198,39.3669],[-75.9189,39.3669],[-75.9185,39.3669],[-75.9176,39.3668],[-75.9167,39.3668],[-75.9166,39.3668],[-75.915,39.3666],[-75.915,39.3666],[-75.9136,39.3661],[-75.912,39.3654],[-75.9118,39.3654],[-75.9102,39.365],[-75.9093,39.3648],[-75.9085,39.3646],[-75.908,39.3645],[-75.9038,39.3643],[-75.9027,39.3645],[-75.9004,39.3648],[-75.8998,39.3649],[-75.8983,39.3654],[-75.8982,39.3654],[-75.8978,39.3655],[-75.8974,39.3656],[-75.896,39.3659],[-75.8949,39.3657],[-75.8949,39.3657],[-75.8945,39.3656],[-75.8923,39.3646],[-75.8912,39.3638],[-75.8902,39.363],[-75.8889,39.3621],[-75.8885,39.3619],[-75.8885,39.3619],[-75.8859,39.3608],[-75.8851,39.3608],[-75.8844,39.3614],[-75.8836,39.3623],[-75.8828,39.3635],[-75.8821,39.3643],[-75.8821,39.3643],[-75.8809,39.3649],[-75.8798,39.3653],[-75.8795,39.3655],[-75.878,39.3656],[-75.878,39.3656],[-75.8778,39.3656],[-75.8766,39.3657],[-75.8758,39.3658],[-75.875,39.3658],[-75.8744,39.3658],[-75.8733,39.366],[-75.8726,39.3662],[-75.8721,39.3663],[-75.8684,39.3677],[-75.8681,39.3678],[-75.8676,39.3678],[-75.8674,39.3676],[-75.8668,39.3673],[-75.8662,39.3669],[-75.8657,39.3665],[-75.865,39.3665],[-75.8638,39.3664],[-75.8625,39.3674],[-75.8614,39.3675],[-75.861,39.3676],[-75.8608,39.3675],[-75.8592,39.3663],[-75.8586,39.3659],[-75.8572,39.3651],[-75.8566,39.3649],[-75.8554,39.3646],[-75.8537,39.3653],[-75.8531,39.3659],[-75.8524,39.3665],[-75.8515,39.3669],[-75.8494,39.3676],[-75.849,39.3679],[-75.8488,39.368],[-75.8487,39.3681],[-75.8485,39.3682],[-75.847,39.3676],[-75.8469,39.3675],[-75.8468,39.3675],[-75.8467,39.3676],[-75.8466,39.3676],[-75.846,39.3676],[-75.8455,39.3677],[-75.8443,39.3695],[-75.8443,39.3696],[-75.8438,39.37],[-75.8424,39.371],[-75.8417,39.3712],[-75.8417,39.3712],[-75.8403,39.3717],[-75.8396,39.372],[-75.8366,39.3728],[-75.8366,39.3728],[-75.8357,39.3731],[-75.8355,39.3732],[-75.834,39.3738],[-75.8334,39.3738],[-75.8323,39.374],[-75.8315,39.3741],[-75.8312,39.3742],[-75.8308,39.3745],[-75.8307,39.3746],[-75.8305,39.3747],[-75.83,39.3751],[-75.8302,39.3753],[-75.8301,39.3757],[-75.83,39.3757],[-75.8297,39.3762],[-75.8295,39.3765],[-75.8294,39.3766],[-75.8282,39.3778],[-75.828,39.3779],[-75.8274,39.3782],[-75.8254,39.3798],[-75.8245,39.381],[-75.8244,39.381],[-75.8238,39.3814],[-75.8237,39.3814],[-75.8223,39.3816],[-75.8213,39.3818],[-75.82,39.3821],[-75.8196,39.3821],[-75.8188,39.3823],[-75.8187,39.3822],[-75.8183,39.3821],[-75.818,39.3819],[-75.8179,39.3819],[-75.8176,39.3816],[-75.8174,39.3814],[-75.817,39.3811],[-75.8164,39.3807],[-75.8163,39.3807],[-75.8146,39.3803],[-75.813,39.38],[-75.8115,39.38],[-75.8101,39.3798],[-75.81,39.3798],[-75.8098,39.3798],[-75.8096,39.3798],[-75.8095,39.3797],[-75.8093,39.3795],[-75.8092,39.3795],[-75.8094,39.3789],[-75.8094,39.3788],[-75.8094,39.3784],[-75.8092,39.3781],[-75.8089,39.378],[-75.8087,39.3781],[-75.8086,39.3781],[-75.8081,39.378],[-75.808,39.378],[-75.8079,39.378],[-75.8077,39.3778],[-75.8076,39.3777],[-75.8076,39.3777],[-75.8074,39.3776],[-75.8074,39.3776],[-75.8073,39.3775],[-75.8071,39.3774],[-75.8071,39.3773],[-75.807,39.3773],[-75.807,39.3773],[-75.8066,39.3771],[-75.8064,39.3771],[-75.8062,39.3768],[-75.8062,39.3767],[-75.8063,39.3762],[-75.8062,39.3759],[-75.8063,39.3756],[-75.8065,39.3755],[-75.8065,39.3755],[-75.8065,39.3754],[-75.8064,39.3753],[-75.8062,39.3752],[-75.8061,39.3753],[-75.8059,39.3754],[-75.8059,39.3755],[-75.8057,39.3755],[-75.8057,39.3755],[-75.8055,39.3755],[-75.8051,39.3755],[-75.805,39.3755],[-75.8048,39.3754],[-75.8047,39.3754],[-75.8045,39.3756],[-75.8044,39.3758],[-75.8043,39.3759],[-75.8043,39.3763],[-75.8042,39.3766],[-75.8038,39.377],[-75.8034,39.3772],[-75.8029,39.3773],[-75.8029,39.3773],[-75.8028,39.3775],[-75.8028,39.3775],[-75.8026,39.3776],[-75.8022,39.3777],[-75.8018,39.3779],[-75.8017,39.3779],[-75.8011,39.3779],[-75.8009,39.3777],[-75.8007,39.3777],[-75.8006,39.3776],[-75.8006,39.3773],[-75.8006,39.3772],[-75.8005,39.3772],[-75.8003,39.3772],[-75.7999,39.3774],[-75.7997,39.3774],[-75.7996,39.3774],[-75.7992,39.3772],[-75.7988,39.3771],[-75.7987,39.3771],[-75.7986,39.3772],[-75.7982,39.3773],[-75.798,39.3773],[-75.7978,39.3771],[-75.7976,39.3773],[-75.7973,39.3773],[-75.797,39.3773],[-75.7967,39.3776],[-75.7965,39.3776],[-75.7965,39.3776],[-75.7964,39.3775],[-75.7964,39.3772],[-75.7962,39.3772],[-75.796,39.3773],[-75.7958,39.3772],[-75.7957,39.3772],[-75.7956,39.3773],[-75.7954,39.3776],[-75.7952,39.3777],[-75.795,39.3778],[-75.7948,39.378],[-75.7947,39.3788],[-75.7945,39.379],[-75.7944,39.3791],[-75.7944,39.3795],[-75.7943,39.3796],[-75.7942,39.3797],[-75.7939,39.3799],[-75.7938,39.38],[-75.793,39.3801],[-75.7929,39.3801],[-75.7929,39.3801],[-75.7925,39.3798],[-75.7925,39.3798],[-75.7924,39.3798],[-75.7923,39.3798],[-75.792,39.3798],[-75.7918,39.3798],[-75.7912,39.3799],[-75.791,39.38],[-75.7905,39.3803],[-75.79,39.3808],[-75.7899,39.3809],[-75.7897,39.381],[-75.7895,39.3811],[-75.7894,39.3811],[-75.7888,39.3811],[-75.7886,39.3811],[-75.7885,39.3809],[-75.7884,39.3806],[-75.7884,39.3805],[-75.7882,39.3804],[-75.788,39.3804],[-75.7874,39.3803],[-75.7873,39.3803],[-75.7872,39.3803],[-75.7866,39.3802],[-75.7866,39.3802],[-75.7864,39.3801],[-75.786,39.3801],[-75.7857,39.3801],[-75.7854,39.3801],[-75.785,39.3801],[-75.7847,39.3802],[-75.7844,39.3804],[-75.7843,39.3807],[-75.7843,39.3809],[-75.7843,39.3814],[-75.7845,39.3821],[-75.7845,39.3823],[-75.7844,39.3825],[-75.7844,39.3825],[-75.7842,39.3825],[-75.7839,39.3825],[-75.7836,39.3824],[-75.783,39.3822],[-75.7822,39.3819],[-75.782,39.3819],[-75.7818,39.382],[-75.7818,39.382],[-75.7815,39.382],[-75.7811,39.3821],[-75.7811,39.3821],[-75.7805,39.3819],[-75.7804,39.3819],[-75.7803,39.3817],[-75.7801,39.3815],[-75.7795,39.3812],[-75.7792,39.3809],[-75.7781,39.3803],[-75.7779,39.3802],[-75.7777,39.3802],[-75.777,39.3804],[-75.7768,39.3803],[-75.7765,39.3803],[-75.7764,39.3803],[-75.7763,39.3803],[-75.7762,39.3802],[-75.7762,39.38],[-75.7764,39.3791],[-75.7763,39.379],[-75.7761,39.379],[-75.7759,39.379],[-75.7757,39.379],[-75.7754,39.379],[-75.7751,39.3791],[-75.775,39.3791],[-75.7746,39.379],[-75.7744,39.3789],[-75.7743,39.3789],[-75.7741,39.379],[-75.774,39.3793],[-75.7739,39.3794],[-75.7737,39.3795],[-75.7735,39.3795],[-75.7735,39.3795],[-75.7733,39.3795],[-75.7732,39.3795],[-75.7731,39.3795],[-75.7727,39.3795],[-75.7725,39.3794],[-75.772,39.3792],[-75.772,39.3791],[-75.7719,39.3791],[-75.7719,39.379],[-75.7718,39.3789],[-75.7717,39.3789],[-75.7716,39.3788],[-75.7715,39.3787],[-75.7713,39.3787],[-75.7711,39.3787],[-75.771,39.3787],[-75.7708,39.3786],[-75.7705,39.3787],[-75.7705,39.3787],[-75.7704,39.3787],[-75.77,39.3786],[-75.7699,39.3786],[-75.7698,39.3786],[-75.7697,39.3786],[-75.7696,39.3785],[-75.7695,39.3786],[-75.7695,39.3786],[-75.7694,39.3785],[-75.7694,39.3785],[-75.7695,39.3785],[-75.7695,39.3784],[-75.7694,39.3783],[-75.7694,39.3782],[-75.7693,39.3782],[-75.7693,39.3782],[-75.7692,39.3782],[-75.7692,39.3782],[-75.7691,39.3782],[-75.769,39.3781],[-75.7689,39.3781],[-75.7688,39.378],[-75.7687,39.378],[-75.7686,39.3781],[-75.7686,39.3781],[-75.7685,39.3781],[-75.7685,39.3781],[-75.7684,39.378],[-75.7684,39.378],[-75.7683,39.378],[-75.7682,39.378],[-75.7681,39.3781],[-75.7681,39.3781],[-75.768,39.3781],[-75.7678,39.3779],[-75.7678,39.3779],[-75.7677,39.3779],[-75.7675,39.3779],[-75.7674,39.3779],[-75.7674,39.3779],[-75.7673,39.3778],[-75.7671,39.3778],[-75.767,39.3777],[-75.7668,39.3776],[-75.7667,39.3775],[-75.7667,39.3775],[-75.7667,39.3775],[-75.7667,39.3772],[-75.7601,39.2968],[-75.756,39.2461],[-75.8677,39.2595]]]}},{"type":"Feature","id":"24035","properties":{"fips":"24035"},"geometry":{"type":"Polygon","coordinates":[[[-76.1581,39.094],[-76.1171,39.1071],[-76.0724,39.1382],[-76.0816,39.1477],[-76.0476,39.1627],[-76.0397,39.1741],[-76.0467,39.1808],[-76.0652,39.1852],[-76.0688,39.1923],[-76.0566,39.2103],[-76.0272,39.2267],[-76.0205,39.2274],[-76.0148,39.2342],[-76.0128,39.2345],[-75.9984,39.2348],[-75.9898,39.2384],[-75.9767,39.2405],[-75.9672,39.2393],[-75.9534,39.2353],[-75.9379,39.2355],[-75.9307,39.239],[-75.925,39.2441],[-75.8741,39.2498],[-75.8677,39.2595],[-75.756,39.2461],[-75.756,39.246],[-75.7477,39.1433],[-75.8349,39.1084],[-75.9297,38.9907],[-75.9493,38.9183],[-76.097,38.9443],[-76.1035,38.8823],[-76.1995,38.8508],[-76.2007,38.8554],[-76.2026,38.8626],[-76.2023,38.8649],[-76.2001,38.8829],[-76.2051,38.8927],[-76.2045,38.9057],[-76.2041,38.9161],[-76.2041,38.9163],[-76.2041,38.9171],[-76.2036,38.9284],[-76.2077,38.932],[-76.2137,38.9373],[-76.2138,38.9374],[-76.2281,38.9414],[-76.2284,38.9415],[-76.232,38.9425],[-76.2339,38.9421],[-76.2347,38.942],[-76.2502,38.9387],[-76.2509,38.9283],[-76.2508,38.9282],[-76.2496,38.9263],[-76.2492,38.9257],[-76.2489,38.9252],[-76.2488,38.9251],[-76.2487,38.9249],[-76.2486,38.9247],[-76.2485,38.9245],[-76.248,38.9238],[-76.2492,38.9218],[-76.2493,38.9216],[-76.2494,38.9215],[-76.2497,38.9209],[-76.2499,38.9208],[-76.2558,38.919],[-76.2562,38.9189],[-76.2564,38.9188],[-76.2581,38.9192],[-76.2582,38.9192],[-76.2622,38.92],[-76.2647,38.9246],[-76.2647,38.9248],[-76.2649,38.9303],[-76.2658,38.9315],[-76.2663,38.9322],[-76.2692,38.9363],[-76.271,38.9389],[-76.2716,38.9398],[-76.273,38.9418],[-76.2731,38.9419],[-76.2733,38.9418],[-76.276,38.9402],[-76.2842,38.9355],[-76.2888,38.9328],[-76.2912,38.9314],[-76.2956,38.9289],[-76.2959,38.9287],[-76.2982,38.9221],[-76.2994,38.9185],[-76.2994,38.9185],[-76.2985,38.9171],[-76.294,38.9103],[-76.2939,38.9101],[-76.2938,38.9098],[-76.2938,38.9096],[-76.2938,38.9092],[-76.2935,38.9055],[-76.2934,38.9039],[-76.2933,38.9036],[-76.2933,38.9035],[-76.2933,38.9032],[-76.2933,38.9026],[-76.2933,38.9026],[-76.3084,38.8984],[-76.3179,38.9113],[-76.318,38.9113],[-76.3185,38.9113],[-76.3193,38.9113],[-76.3227,38.9112],[-76.3233,38.9112],[-76.3241,38.9112],[-76.3241,38.9112],[-76.3361,38.906],[-76.3361,38.9059],[-76.3368,38.9019],[-76.337,38.9011],[-76.3371,38.9004],[-76.3372,38.8997],[-76.3374,38.8989],[-76.338,38.895],[-76.3381,38.8946],[-76.3384,38.893],[-76.3385,38.8925],[-76.3379,38.8913],[-76.337,38.8894],[-76.3366,38.8885],[-76.3363,38.888],[-76.3357,38.8867],[-76.3354,38.886],[-76.3353,38.8859],[-76.3338,38.8782],[-76.3333,38.8755],[-76.3332,38.8752],[-76.3327,38.8724],[-76.3311,38.8647],[-76.331,38.8643],[-76.334,38.8602],[-76.3379,38.8576],[-76.3381,38.8574],[-76.3397,38.8564],[-76.3406,38.8557],[-76.3488,38.8571],[-76.3504,38.8574],[-76.3564,38.8544],[-76.36,38.8526],[-76.3601,38.8525],[-76.3611,38.852],[-76.3613,38.8516],[-76.3665,38.8399],[-76.3682,38.8362],[-76.3682,38.8361],[-76.3684,38.8362],[-76.3727,38.8383],[-76.3731,38.8385],[-76.3751,38.8395],[-76.3751,38.84],[-76.3753,38.8416],[-76.3754,38.843],[-76.376,38.8488],[-76.3762,38.8505],[-76.3762,38.8505],[-76.3759,38.8511],[-76.3726,38.8579],[-76.3675,38.868],[-76.3673,38.8684],[-76.3647,38.8738],[-76.3652,38.8926],[-76.3654,38.8982],[-76.3657,38.9075],[-76.3651,38.9117],[-76.3648,38.9146],[-76.3645,38.9166],[-76.362,38.9366],[-76.3617,38.9392],[-76.3597,38.9439],[-76.3579,38.9478],[-76.3578,38.9483],[-76.3549,38.9547],[-76.3538,38.9572],[-76.3516,38.9602],[-76.3437,38.971],[-76.3337,38.9846],[-76.3313,38.9879],[-76.3233,38.9988],[-76.3227,38.9996],[-76.3223,39.0055],[-76.3223,39.0064],[-76.3236,39.009],[-76.3226,39.0131],[-76.3203,39.023],[-76.3203,39.023],[-76.3203,39.023],[-76.3118,39.0353],[-76.302,39.0396],[-76.3018,39.0397],[-76.3016,39.0377],[-76.3015,39.0363],[-76.3011,39.0319],[-76.301,39.0317],[-76.301,39.0316],[-76.3028,39.0258],[-76.3026,39.0253],[-76.2941,39.0043],[-76.294,39.0039],[-76.2919,39.0013],[-76.2893,38.9979],[-76.2865,38.9942],[-76.2849,38.9921],[-76.2833,38.99],[-76.2804,38.9862],[-76.2781,38.9832],[-76.2775,38.9825],[-76.2775,38.9825],[-76.276,38.9826],[-76.2588,38.9837],[-76.2587,38.9836],[-76.246,38.981],[-76.2436,38.9805],[-76.23,38.9777],[-76.2293,38.9776],[-76.2287,38.9772],[-76.2189,38.9705],[-76.2188,38.9706],[-76.2024,38.9731],[-76.2021,38.9733],[-76.1872,38.9836],[-76.1825,38.9868],[-76.1807,38.988],[-76.1683,38.9965],[-76.164,38.9995],[-76.164,38.9995],[-76.164,38.9995],[-76.164,39.0004],[-76.1639,39.0021],[-76.1636,39.0101],[-76.1676,39.0183],[-76.1734,39.0256],[-76.1746,39.0271],[-76.1778,39.0311],[-76.1781,39.0315],[-76.1783,39.0317],[-76.1842,39.0463],[-76.1795,39.0529],[-76.177,39.0563],[-76.1753,39.0588],[-76.1691,39.0628],[-76.159,39.0655],[-76.1566,39.0694],[-76.1535,39.0746],[-76.1505,39.0794],[-76.1452,39.0928],[-76.1581,39.094]]]}},{"type":"Feature","id":"24037","properties":{"fips":"24037"},"geometry":{"type":"Polygon","coordinates":[[[-76.4698,38.1191],[-76.4698,38.1186],[-76.4698,38.1184],[-76.4698,38.1169],[-76.4697,38.1157],[-76.4697,38.1155],[-76.4673,38.1125],[-76.467,38.1121],[-76.4666,38.1116],[-76.4664,38.1114],[-76.4664,38.1113],[-76.4664,38.1112],[-76.4659,38.1087],[-76.4655,38.1066],[-76.4653,38.1058],[-76.4679,38.1049],[-76.4733,38.103],[-76.4754,38.1043],[-76.4762,38.1047],[-76.4782,38.1092],[-76.4786,38.1102],[-76.4788,38.1107],[-76.4788,38.1107],[-76.4791,38.1113],[-76.4798,38.113],[-76.481,38.1158],[-76.481,38.1159],[-76.481,38.1159],[-76.4811,38.1159],[-76.482,38.117],[-76.484,38.1193],[-76.4851,38.1205],[-76.486,38.1215],[-76.4863,38.1218],[-76.4863,38.1219],[-76.492,38.1283],[-76.495,38.1317],[-76.4971,38.1341],[-76.4979,38.135],[-76.499,38.1363],[-76.4998,38.1372],[-76.4999,38.1372],[-76.5003,38.1374],[-76.5013,38.1377],[-76.5023,38.1382],[-76.5088,38.1407],[-76.5148,38.1412],[-76.5224,38.1394],[-76.529,38.1347],[-76.5294,38.1344],[-76.5299,38.1341],[-76.5404,38.153],[-76.5453,38.1654],[-76.5473,38.1757],[-76.5475,38.1759],[-76.5479,38.1768],[-76.5483,38.1776],[-76.5489,38.179],[-76.553,38.1872],[-76.5663,38.1985],[-76.5744,38.2038],[-76.5887,38.213],[-76.5906,38.2142],[-76.6244,38.2234],[-76.6257,38.2238],[-76.6281,38.2244],[-76.6297,38.2249],[-76.6299,38.2249],[-76.632,38.2255],[-76.632,38.2255],[-76.6325,38.2256],[-76.6325,38.2257],[-76.6439,38.2251],[-76.644,38.2251],[-76.645,38.2254],[-76.6452,38.2255],[-76.6592,38.2299],[-76.6735,38.2344],[-76.6787,38.2343],[-76.6871,38.234],[-76.7126,38.2333],[-76.7161,38.2332],[-76.7164,38.2332],[-76.7175,38.2333],[-76.7196,38.2335],[-76.7401,38.2352],[-76.7443,38.2307],[-76.7494,38.2252],[-76.752,38.2224],[-76.7521,38.2223],[-76.7523,38.2221],[-76.77,38.2264],[-76.7786,38.2285],[-76.7799,38.229],[-76.7919,38.2344],[-76.7966,38.2365],[-76.7975,38.2369],[-76.8116,38.2501],[-76.8118,38.2513],[-76.8119,38.2521],[-76.809,38.2522],[-76.8089,38.2522],[-76.8084,38.2522],[-76.8059,38.2523],[-76.8058,38.2526],[-76.8052,38.2536],[-76.8029,38.2751],[-76.8023,38.2807],[-76.8049,38.2833],[-76.805,38.2834],[-76.8054,38.2837],[-76.8055,38.2838],[-76.8066,38.285],[-76.8106,38.2889],[-76.8112,38.2895],[-76.8151,38.2934],[-76.8163,38.2946],[-76.8208,38.2991],[-76.8216,38.2998],[-76.8217,38.2999],[-76.8248,38.3011],[-76.8249,38.3012],[-76.834,38.2997],[-76.8536,38.3401],[-76.8499,38.3658],[-76.8718,38.389],[-76.7749,38.5089],[-76.771,38.5099],[-76.7702,38.5105],[-76.7687,38.5126],[-76.7669,38.5133],[-76.7648,38.5134],[-76.7626,38.5132],[-76.7602,38.5133],[-76.7598,38.513],[-76.758,38.5131],[-76.7565,38.5135],[-76.7539,38.5135],[-76.7521,38.5137],[-76.7481,38.5125],[-76.7459,38.5126],[-76.7441,38.5122],[-76.7422,38.5125],[-76.74,38.5126],[-76.7387,38.5123],[-76.7349,38.5122],[-76.7337,38.5125],[-76.7301,38.5118],[-76.7266,38.5118],[-76.7226,38.5107],[-76.7204,38.5107],[-76.7191,38.5098],[-76.7185,38.5098],[-76.7178,38.5104],[-76.7164,38.5101],[-76.7159,38.5095],[-76.7153,38.5095],[-76.7138,38.5105],[-76.7135,38.5095],[-76.7118,38.5099],[-76.7105,38.5092],[-76.7104,38.5075],[-76.71,38.5081],[-76.7092,38.5074],[-76.7084,38.5055],[-76.7084,38.5048],[-76.7065,38.5043],[-76.7055,38.503],[-76.7054,38.502],[-76.7044,38.5018],[-76.7037,38.5023],[-76.7033,38.5024],[-76.7022,38.5017],[-76.7015,38.5002],[-76.701,38.4996],[-76.7,38.4991],[-76.7003,38.4979],[-76.7001,38.4976],[-76.6993,38.4971],[-76.6838,38.4953],[-76.6741,38.4996],[-76.6736,38.4991],[-76.673,38.4985],[-76.6727,38.4982],[-76.6671,38.4952],[-76.6664,38.4948],[-76.6659,38.4944],[-76.6654,38.4937],[-76.6633,38.4912],[-76.6613,38.4886],[-76.6612,38.4885],[-76.6611,38.4884],[-76.6603,38.4874],[-76.6593,38.4857],[-76.6566,38.4812],[-76.654,38.4767],[-76.6539,38.4767],[-76.6539,38.4766],[-76.6534,38.4759],[-76.6534,38.4758],[-76.6529,38.475],[-76.6526,38.4746],[-76.6521,38.4738],[-76.652,38.4713],[-76.6521,38.4695],[-76.653,38.4681],[-76.653,38.4681],[-76.6537,38.467],[-76.6543,38.4652],[-76.6541,38.4639],[-76.6539,38.4634],[-76.6538,38.4633],[-76.6526,38.4624],[-76.6513,38.4618],[-76.6491,38.4608],[-76.6465,38.4596],[-76.6443,38.4583],[-76.6398,38.4555],[-76.6393,38.455],[-76.6392,38.455],[-76.6364,38.4529],[-76.6355,38.4522],[-76.6345,38.4515],[-76.6326,38.4497],[-76.6325,38.4496],[-76.6324,38.4495],[-76.6324,38.4495],[-76.6324,38.4495],[-76.6324,38.4495],[-76.6324,38.4495],[-76.6324,38.4495],[-76.6324,38.4495],[-76.6324,38.4495],[-76.6324,38.4495],[-76.6324,38.4495],[-76.6323,38.4494],[-76.6322,38.4493],[-76.63,38.4473],[-76.629,38.4463],[-76.628,38.4457],[-76.6279,38.4456],[-76.6263,38.4446],[-76.6247,38.4437],[-76.6242,38.4435],[-76.6236,38.4429],[-76.6225,38.4414],[-76.6221,38.4402],[-76.6215,38.4389],[-76.62,38.4376],[-76.6188,38.4364],[-76.6184,38.4361],[-76.6178,38.4356],[-76.6172,38.4353],[-76.6164,38.4346],[-76.6158,38.4336],[-76.6148,38.4314],[-76.614,38.4299],[-76.613,38.4288],[-76.6115,38.428],[-76.6108,38.4272],[-76.6106,38.427],[-76.6101,38.4265],[-76.6089,38.425],[-76.6084,38.4244],[-76.6079,38.4242],[-76.6063,38.424],[-76.6053,38.4238],[-76.6022,38.4242],[-76.6016,38.4241],[-76.6011,38.4241],[-76.6007,38.424],[-76.5994,38.4239],[-76.5975,38.4234],[-76.5952,38.4222],[-76.5939,38.421],[-76.5917,38.4189],[-76.5889,38.4172],[-76.5867,38.416],[-76.5846,38.4147],[-76.5786,38.4113],[-76.5755,38.4102],[-76.5744,38.4098],[-76.574,38.4096],[-76.5733,38.4094],[-76.5718,38.4088],[-76.5681,38.4077],[-76.5673,38.4075],[-76.5656,38.4071],[-76.5639,38.406],[-76.5627,38.4039],[-76.5624,38.4031],[-76.5622,38.4027],[-76.5622,38.4027],[-76.5622,38.4027],[-76.5621,38.4024],[-76.562,38.4023],[-76.5614,38.4004],[-76.5606,38.3987],[-76.56,38.3973],[-76.5592,38.3964],[-76.5584,38.3959],[-76.5567,38.3953],[-76.5549,38.395],[-76.5534,38.395],[-76.5511,38.3952],[-76.5507,38.3952],[-76.5488,38.3954],[-76.5456,38.3957],[-76.5423,38.3961],[-76.5403,38.3966],[-76.5377,38.3974],[-76.5373,38.3974],[-76.5367,38.3975],[-76.536,38.3977],[-76.5357,38.3977],[-76.5341,38.3978],[-76.5331,38.3972],[-76.5313,38.3959],[-76.5299,38.395],[-76.5283,38.3934],[-76.528,38.3931],[-76.5269,38.392],[-76.5258,38.3911],[-76.5246,38.3903],[-76.5241,38.3898],[-76.5236,38.3892],[-76.5226,38.388],[-76.5212,38.3857],[-76.5201,38.3844],[-76.52,38.3843],[-76.5189,38.3834],[-76.5167,38.3817],[-76.5149,38.3808],[-76.5136,38.3804],[-76.5126,38.3797],[-76.5116,38.3794],[-76.5113,38.3793],[-76.511,38.3792],[-76.5101,38.3789],[-76.5078,38.3775],[-76.5074,38.377],[-76.507,38.3766],[-76.5065,38.3757],[-76.5063,38.3751],[-76.506,38.3748],[-76.5056,38.3744],[-76.505,38.3739],[-76.5038,38.3734],[-76.5024,38.3729],[-76.5015,38.3725],[-76.5004,38.3716],[-76.4997,38.3709],[-76.4997,38.3709],[-76.4985,38.3696],[-76.4973,38.3683],[-76.4957,38.3666],[-76.4935,38.364],[-76.4912,38.3612],[-76.4892,38.3584],[-76.4866,38.354],[-76.4864,38.3535],[-76.4861,38.3529],[-76.4858,38.3523],[-76.4852,38.3511],[-76.4841,38.3481],[-76.4836,38.3459],[-76.4834,38.3453],[-76.4832,38.3433],[-76.4832,38.3427],[-76.4831,38.3424],[-76.4834,38.3408],[-76.4834,38.3404],[-76.4835,38.3401],[-76.4843,38.3372],[-76.485,38.3359],[-76.4856,38.3348],[-76.4857,38.3347],[-76.4857,38.3346],[-76.4861,38.334],[-76.4864,38.3333],[-76.4869,38.3324],[-76.489,38.3289],[-76.4894,38.328],[-76.4892,38.3275],[-76.4892,38.3274],[-76.489,38.3272],[-76.4885,38.3268],[-76.4884,38.3267],[-76.4876,38.3263],[-76.4832,38.3267],[-76.478,38.3271],[-76.4762,38.3267],[-76.475,38.3265],[-76.4736,38.3258],[-76.473,38.3255],[-76.4726,38.3253],[-76.4726,38.3253],[-76.4725,38.3253],[-76.4717,38.3249],[-76.4699,38.3229],[-76.4696,38.3224],[-76.4685,38.3199],[-76.468,38.3188],[-76.468,38.3186],[-76.4679,38.3184],[-76.4676,38.3177],[-76.4673,38.3171],[-76.4672,38.3167],[-76.4672,38.3167],[-76.4672,38.3166],[-76.4671,38.3165],[-76.4671,38.3165],[-76.4671,38.3165],[-76.4671,38.3165],[-76.4669,38.3159],[-76.4664,38.3148],[-76.466,38.3137],[-76.4656,38.3132],[-76.4645,38.3114],[-76.4644,38.3113],[-76.464,38.3109],[-76.4616,38.3085],[-76.4583,38.3066],[-76.4543,38.3053],[-76.4535,38.3051],[-76.449,38.3051],[-76.4488,38.3051],[-76.4484,38.3052],[-76.4481,38.3052],[-76.4481,38.3052],[-76.4481,38.3052],[-76.4481,38.3052],[-76.4481,38.3052],[-76.4481,38.3052],[-76.4481,38.3052],[-76.4481,38.3052],[-76.4481,38.3052],[-76.448,38.3052],[-76.4479,38.3052],[-76.4473,38.3052],[-76.4471,38.3052],[-76.4456,38.3052],[-76.4453,38.3052],[-76.4449,38.3054],[-76.4341,38.3088],[-76.425,38.3116],[-76.425,38.3116],[-76.4234,38.3122],[-76.4218,38.3127],[-76.4218,38.3127],[-76.4188,38.3136],[-76.4158,38.3146],[-76.4133,38.3154],[-76.4066,38.3175],[-76.4057,38.3178],[-76.4029,38.3114],[-76.3822,38.3034],[-76.3815,38.3031],[-76.3801,38.3023],[-76.3753,38.2996],[-76.375,38.2994],[-76.3745,38.2966],[-76.3745,38.2963],[-76.3766,38.2944],[-76.3821,38.2894],[-76.3942,38.2782],[-76.3969,38.2717],[-76.3989,38.267],[-76.399,38.2643],[-76.399,38.2638],[-76.3991,38.2633],[-76.3993,38.2594],[-76.3993,38.2593],[-76.3991,38.2586],[-76.3925,38.2391],[-76.3923,38.2385],[-76.3917,38.2367],[-76.3916,38.2366],[-76.3852,38.2178],[-76.3781,38.2099],[-76.3777,38.2094],[-76.3725,38.2038],[-76.3641,38.1945],[-76.3619,38.192],[-76.3599,38.1887],[-76.3538,38.1786],[-76.3535,38.1781],[-76.3526,38.1772],[-76.3524,38.1771],[-76.348,38.1728],[-76.3435,38.1685],[-76.3376,38.1628],[-76.3361,38.1614],[-76.3297,38.1552],[-76.3297,38.1552],[-76.3297,38.1552],[-76.3289,38.1537],[-76.3288,38.1536],[-76.3288,38.1536],[-76.3284,38.1529],[-76.3271,38.1506],[-76.3205,38.139],[-76.3201,38.1383],[-76.3241,38.1343],[-76.331,38.1272],[-76.3318,38.1264],[-76.3352,38.1228],[-76.3356,38.1224],[-76.3373,38.1207],[-76.3382,38.1199],[-76.3385,38.1195],[-76.3374,38.1109],[-76.3374,38.1108],[-76.3318,38.1011],[-76.3315,38.1005],[-76.3312,38.1001],[-76.3308,38.0994],[-76.3308,38.0993],[-76.3308,38.0992],[-76.3294,38.074],[-76.3293,38.0717],[-76.3292,38.0712],[-76.325,38.0594],[-76.3206,38.0465],[-76.3195,38.0433],[-76.3215,38.0381],[-76.3219,38.0369],[-76.3221,38.0365],[-76.327,38.0451],[-76.3328,38.0499],[-76.3412,38.0536],[-76.3414,38.0537],[-76.3443,38.0536],[-76.3457,38.0535],[-76.3507,38.0533],[-76.3527,38.0532],[-76.3612,38.0595],[-76.3615,38.0601],[-76.3617,38.0604],[-76.3618,38.0606],[-76.3693,38.0749],[-76.3702,38.0766],[-76.3708,38.0778],[-76.3718,38.0796],[-76.3783,38.0869],[-76.381,38.09],[-76.3813,38.0904],[-76.3818,38.0909],[-76.3818,38.091],[-76.3839,38.0933],[-76.3849,38.0944],[-76.3909,38.1013],[-76.3918,38.1023],[-76.3921,38.1026],[-76.3923,38.1029],[-76.3931,38.1031],[-76.394,38.1034],[-76.3965,38.1042],[-76.3977,38.1046],[-76.3981,38.1047],[-76.4054,38.107],[-76.406,38.107],[-76.4132,38.1069],[-76.4145,38.1059],[-76.415,38.1056],[-76.4165,38.1045],[-76.4211,38.106],[-76.4212,38.106],[-76.4219,38.107],[-76.4294,38.1179],[-76.4295,38.118],[-76.4304,38.1194],[-76.4304,38.1195],[-76.4301,38.1218],[-76.4297,38.1249],[-76.4296,38.1262],[-76.4372,38.1357],[-76.4398,38.1389],[-76.4592,38.1395],[-76.4597,38.1395],[-76.4601,38.1387],[-76.4607,38.1375],[-76.4657,38.1274],[-76.4698,38.1193],[-76.4698,38.1191]]]}},{"type":"Feature","id":"24039","properties":{"fips":"24039"},"geometry":{"type":"MultiPolygon","coordinates":[[[[-76.0314,38.1476],[-76.0225,38.1335],[-76.021,38.1328],[-76.0205,38.1326],[-76.0196,38.1322],[-76.0186,38.1317],[-76.0178,38.1314],[-76.0152,38.1315],[-76.0139,38.1316],[-76.0125,38.1317],[-76.0119,38.1222],[-76.0134,38.1213],[-76.0147,38.1205],[-76.0157,38.1199],[-76.0205,38.117],[-76.0213,38.1086],[-76.0214,38.1081],[-76.0214,38.1079],[-76.021,38.1076],[-76.0174,38.1042],[-76.0155,38.1023],[-76.0082,38.0954],[-76.0059,38.0772],[-76.0115,38.0723],[-76.0127,38.0722],[-76.0152,38.0718],[-76.0233,38.0708],[-76.0367,38.0765],[-76.0522,38.0897],[-76.0583,38.0949],[-76.0593,38.0958],[-76.0502,38.1078],[-76.0473,38.1085],[-76.0465,38.1087],[-76.0453,38.109],[-76.0445,38.1092],[-76.0421,38.1099],[-76.0411,38.1107],[-76.0409,38.1109],[-76.0396,38.112],[-76.0397,38.1121],[-76.0407,38.1136],[-76.0434,38.1179],[-76.0484,38.1206],[-76.0314,38.1476]]],[[[-75.6243,37.9942],[-75.6261,37.9925],[-75.6302,37.9886],[-75.6355,37.9835],[-75.6398,37.9794],[-75.6445,37.9749],[-75.6446,37.9748],[-75.6447,37.9748],[-75.6451,37.9744],[-75.6453,37.9742],[-75.6463,37.9732],[-75.6465,37.973],[-75.661,37.9592],[-75.6697,37.9508],[-75.6651,37.9563],[-75.6631,37.9612],[-75.665,37.9624],[-75.6694,37.9651],[-75.6717,37.9666],[-75.686,37.9676],[-75.6865,37.9678],[-75.7082,37.975],[-75.7131,37.9766],[-75.7221,37.9734],[-75.7227,37.9713],[-75.7247,37.9698],[-75.7253,37.9693],[-75.728,37.9673],[-75.7351,37.9646],[-75.7375,37.9637],[-75.738,37.9635],[-75.7502,37.9689],[-75.7591,37.9707],[-75.7768,37.972],[-75.779,37.9722],[-75.7834,37.9726],[-75.7838,37.9726],[-75.785,37.9717],[-75.7852,37.9716],[-75.7853,37.9715],[-75.7855,37.9714],[-75.7884,37.9692],[-75.7899,37.9681],[-75.8061,37.9561],[-75.8069,37.9555],[-75.8078,37.9549],[-75.8191,37.9465],[-75.8208,37.9453],[-75.8229,37.9437],[-75.8242,37.9427],[-75.8244,37.9426],[-75.8299,37.9386],[-75.8302,37.938],[-75.8317,37.9348],[-75.8318,37.9345],[-75.8324,37.9333],[-75.8328,37.9331],[-75.8438,37.9273],[-75.846,37.9261],[-75.8466,37.9258],[-75.8472,37.9255],[-75.8475,37.9253],[-75.8478,37.9252],[-75.8479,37.9251],[-75.8481,37.925],[-75.8491,37.9245],[-75.8607,37.9183],[-75.8819,37.9126],[-75.8837,37.9121],[-75.885,37.9117],[-75.8927,37.9168],[-75.8958,37.9214],[-75.8959,37.9216],[-75.8983,37.9251],[-75.8941,37.9308],[-75.8937,37.9339],[-75.8928,37.9402],[-75.8909,37.9548],[-75.899,37.9745],[-75.8828,38.003],[-75.8753,38.012],[-75.8754,38.0282],[-75.8732,38.0344],[-75.8695,38.0354],[-75.8659,38.0364],[-75.8646,38.0368],[-75.8589,38.0384],[-75.8575,38.0388],[-75.8569,38.0386],[-75.8555,38.0382],[-75.8547,38.0379],[-75.8527,38.0373],[-75.8505,38.0367],[-75.8503,38.0359],[-75.85,38.0343],[-75.8479,38.0344],[-75.8477,38.0345],[-75.836,38.04],[-75.8346,38.0407],[-75.8337,38.0411],[-75.8334,38.0412],[-75.83,38.0428],[-75.8294,38.0432],[-75.8293,38.0432],[-75.8265,38.0459],[-75.826,38.0464],[-75.8129,38.0589],[-75.8134,38.0595],[-75.8135,38.0596],[-75.8194,38.0666],[-75.8195,38.0667],[-75.8196,38.0668],[-75.83,38.0691],[-75.8311,38.0694],[-75.8327,38.0697],[-75.8399,38.0713],[-75.8411,38.0716],[-75.8412,38.0716],[-75.8443,38.0723],[-75.8472,38.0713],[-75.8523,38.0696],[-75.8589,38.0673],[-75.859,38.0672],[-75.8596,38.0664],[-75.8601,38.0657],[-75.8597,38.0641],[-75.8594,38.0628],[-75.8593,38.062],[-75.859,38.0607],[-75.8589,38.0601],[-75.8606,38.06],[-75.8609,38.0599],[-75.861,38.0599],[-75.8615,38.0599],[-75.8662,38.0594],[-75.8673,38.0593],[-75.8675,38.0593],[-75.8689,38.0591],[-75.8715,38.0589],[-75.8742,38.0603],[-75.8805,38.075],[-75.8714,38.0892],[-75.8703,38.0909],[-75.8657,38.098],[-75.8651,38.0989],[-75.8638,38.101],[-75.8426,38.1131],[-75.8376,38.1138],[-75.8372,38.1145],[-75.8372,38.1145],[-75.837,38.1148],[-75.828,38.1328],[-75.8279,38.133],[-75.8277,38.1334],[-75.8277,38.1335],[-75.8439,38.1446],[-75.8499,38.1444],[-75.8545,38.1426],[-75.8587,38.1409],[-75.8595,38.1405],[-75.866,38.1349],[-75.8686,38.1344],[-75.8701,38.1347],[-75.871,38.1349],[-75.8807,38.137],[-75.881,38.137],[-75.9004,38.1412],[-75.9011,38.1408],[-75.902,38.1404],[-75.9034,38.1397],[-75.9056,38.1387],[-75.9065,38.1383],[-75.9073,38.138],[-75.9238,38.1303],[-75.9327,38.1262],[-75.9368,38.1244],[-75.9371,38.1242],[-75.9371,38.1231],[-75.937,38.1217],[-75.9369,38.1167],[-75.9367,38.11],[-75.9385,38.11],[-75.9453,38.1131],[-75.9496,38.1181],[-75.9564,38.1311],[-75.9564,38.1311],[-75.9588,38.1356],[-75.9595,38.1369],[-75.9596,38.1371],[-75.9524,38.1585],[-75.9514,38.1614],[-75.9513,38.1619],[-75.9498,38.1645],[-75.9475,38.1683],[-75.9475,38.1687],[-75.9474,38.1694],[-75.9473,38.1708],[-75.9481,38.1718],[-75.9482,38.1719],[-75.9486,38.1723],[-75.9487,38.1725],[-75.9518,38.1761],[-75.952,38.1762],[-75.9518,38.1768],[-75.9516,38.178],[-75.9516,38.1781],[-75.9496,38.18],[-75.9494,38.1802],[-75.9489,38.1807],[-75.9487,38.1809],[-75.9466,38.183],[-75.9454,38.1841],[-75.9424,38.1871],[-75.9414,38.1874],[-75.9339,38.1897],[-75.8881,38.2038],[-75.8862,38.2033],[-75.8849,38.2005],[-75.8846,38.1998],[-75.8845,38.1997],[-75.8783,38.1984],[-75.8778,38.1983],[-75.8772,38.1984],[-75.871,38.1996],[-75.8685,38.2],[-75.8641,38.2009],[-75.8624,38.2018],[-75.857,38.2047],[-75.8544,38.2061],[-75.8523,38.2073],[-75.8485,38.2093],[-75.8473,38.21],[-75.847,38.2101],[-75.8467,38.2103],[-75.8464,38.2105],[-75.8514,38.2264],[-75.8515,38.2266],[-75.8592,38.2334],[-75.8646,38.2383],[-75.7687,38.2852],[-75.6128,38.2786],[-75.5459,38.1787],[-75.5409,38.0895],[-75.6618,38.0419],[-75.6243,37.9942]]],[[[-75.9939,37.9535],[-75.9947,37.9535],[-76.0059,37.9537],[-76.0177,37.9538],[-76.0208,37.9539],[-76.0209,37.9539],[-76.0217,37.9539],[-76.0223,37.9539],[-76.0294,37.9538],[-76.0295,37.9538],[-76.0301,37.9537],[-76.038,37.9539],[-76.0414,37.954],[-76.0417,37.954],[-76.0456,37.9537],[-76.0465,37.9536],[-76.0496,37.9836],[-76.0496,37.9851],[-76.0495,37.9855],[-76.0495,37.9862],[-76.0494,37.9903],[-76.0486,38.0148],[-76.0462,38.0255],[-76.0417,38.0321],[-76.0208,38.0391],[-76.0131,38.0398],[-76.0088,38.0383],[-76.0087,38.0382],[-76.0046,38.0368],[-75.9918,38.0255],[-75.9812,38.0225],[-75.9772,38.0213],[-75.9755,38.0208],[-75.9755,38.0208],[-75.9734,38.0188],[-75.9723,38.0178],[-75.9702,38.0157],[-75.9702,38.0157],[-75.9702,38.0157],[-75.9702,38.0153],[-75.9703,38.0082],[-75.9704,38.0063],[-75.9709,38.0062],[-75.9799,38.0047],[-75.9807,38.0046],[-75.9829,38.0042],[-75.9843,38.004],[-75.9845,38.0034],[-75.9847,38.0028],[-75.985,38.0019],[-75.9857,37.9999],[-75.9862,37.9984],[-75.9866,37.9975],[-75.9885,37.992],[-75.9887,37.9915],[-75.9891,37.9904],[-75.9925,37.981],[-75.9947,37.9747],[-75.9947,37.9747],[-75.9928,37.9699],[-75.9915,37.9669],[-75.9889,37.9603],[-75.9939,37.9535]]]]}},{"type":"Feature","id":"24041","properties":{"fips":"24041"},"geometry":{"type":"Polygon","coordinates":[[[-76.1476,38.6379],[-76.1482,38.6395],[-76.1486,38.6404],[-76.149,38.6414],[-76.1494,38.6424],[-76.1526,38.6504],[-76.1526,38.6505],[-76.1526,38.6506],[-76.153,38.6515],[-76.1534,38.6526],[-76.1538,38.6535],[-76.1541,38.6543],[-76.1546,38.6555],[-76.1546,38.6556],[-76.1549,38.6563],[-76.1549,38.6564],[-76.1556,38.6581],[-76.1605,38.6619],[-76.1645,38.6649],[-76.1688,38.6683],[-76.1746,38.6728],[-76.1752,38.6732],[-76.1967,38.6729],[-76.1997,38.6711],[-76.1999,38.671],[-76.2003,38.6708],[-76.2128,38.6819],[-76.2263,38.6981],[-76.2292,38.7015],[-76.2314,38.7041],[-76.2318,38.7045],[-76.2321,38.705],[-76.2324,38.7052],[-76.2325,38.7055],[-76.2328,38.7058],[-76.2328,38.7058],[-76.2329,38.7059],[-76.2329,38.7059],[-76.2342,38.7075],[-76.2344,38.7077],[-76.2344,38.7077],[-76.2348,38.7082],[-76.2378,38.7118],[-76.2379,38.7119],[-76.2381,38.7121],[-76.2382,38.7122],[-76.2383,38.7123],[-76.2387,38.7128],[-76.2394,38.7169],[-76.2394,38.7172],[-76.2398,38.7198],[-76.237,38.7245],[-76.2387,38.7354],[-76.2551,38.7365],[-76.2553,38.7363],[-76.2573,38.7347],[-76.2574,38.7346],[-76.2574,38.7346],[-76.2579,38.7343],[-76.2587,38.7336],[-76.2592,38.7332],[-76.2597,38.7328],[-76.2597,38.7328],[-76.2599,38.7327],[-76.2599,38.7327],[-76.26,38.7326],[-76.261,38.7318],[-76.2619,38.7311],[-76.2683,38.726],[-76.2687,38.7256],[-76.2694,38.7251],[-76.2695,38.725],[-76.2703,38.7244],[-76.2712,38.7162],[-76.2714,38.7145],[-76.2716,38.7136],[-76.2716,38.7132],[-76.275,38.7127],[-76.275,38.7127],[-76.2985,38.718],[-76.2992,38.7193],[-76.2966,38.7232],[-76.2965,38.7233],[-76.296,38.7242],[-76.2982,38.7263],[-76.2993,38.7273],[-76.2994,38.7274],[-76.3128,38.7307],[-76.3161,38.7296],[-76.3218,38.7236],[-76.3219,38.7235],[-76.322,38.7233],[-76.322,38.7233],[-76.3227,38.7227],[-76.3227,38.7226],[-76.3227,38.7226],[-76.3227,38.7226],[-76.3228,38.7225],[-76.3229,38.7224],[-76.323,38.7223],[-76.3232,38.7221],[-76.3235,38.7217],[-76.3261,38.719],[-76.3272,38.7179],[-76.328,38.7169],[-76.3283,38.7166],[-76.3301,38.7147],[-76.3315,38.7133],[-76.3325,38.7091],[-76.3331,38.7069],[-76.3335,38.7051],[-76.3338,38.7041],[-76.334,38.7031],[-76.3339,38.703],[-76.3321,38.701],[-76.3219,38.6895],[-76.3219,38.6892],[-76.3219,38.6889],[-76.3219,38.6888],[-76.3219,38.6886],[-76.3224,38.6793],[-76.3386,38.672],[-76.3401,38.6714],[-76.3403,38.6712],[-76.3432,38.6769],[-76.3433,38.677],[-76.3438,38.678],[-76.3442,38.6788],[-76.348,38.6862],[-76.3451,38.7035],[-76.3446,38.7064],[-76.3405,38.7303],[-76.3406,38.731],[-76.3406,38.7322],[-76.3406,38.7325],[-76.3406,38.7328],[-76.3406,38.7329],[-76.3406,38.733],[-76.3406,38.733],[-76.3406,38.7331],[-76.3406,38.7332],[-76.3407,38.7341],[-76.3407,38.7352],[-76.3407,38.7357],[-76.3407,38.7359],[-76.3407,38.7359],[-76.3411,38.746],[-76.3411,38.7461],[-76.3411,38.7461],[-76.3413,38.7515],[-76.3413,38.7517],[-76.3413,38.7518],[-76.3413,38.7519],[-76.3346,38.7729],[-76.3338,38.7734],[-76.3297,38.7758],[-76.3238,38.7793],[-76.3227,38.7807],[-76.3129,38.7932],[-76.3107,38.796],[-76.3107,38.7961],[-76.3106,38.7961],[-76.3106,38.7962],[-76.3101,38.7968],[-76.3089,38.8133],[-76.3083,38.8143],[-76.3083,38.8143],[-76.3081,38.8146],[-76.3073,38.816],[-76.3019,38.8246],[-76.3009,38.8262],[-76.3009,38.8262],[-76.299,38.8275],[-76.2978,38.8283],[-76.2966,38.8282],[-76.2965,38.8282],[-76.2964,38.8282],[-76.2964,38.8282],[-76.2963,38.8282],[-76.2963,38.8282],[-76.2963,38.8282],[-76.296,38.8281],[-76.2955,38.8281],[-76.2955,38.8281],[-76.2954,38.8281],[-76.2936,38.8279],[-76.2921,38.8277],[-76.2885,38.8273],[-76.2848,38.8287],[-76.2779,38.8313],[-76.2777,38.8313],[-76.2774,38.8314],[-76.2774,38.8315],[-76.2782,38.8355],[-76.278,38.8358],[-76.2744,38.8448],[-76.2716,38.8518],[-76.2672,38.8517],[-76.266,38.8516],[-76.2642,38.8516],[-76.2658,38.8476],[-76.2658,38.8475],[-76.2657,38.8473],[-76.2622,38.8423],[-76.2619,38.8419],[-76.2616,38.8415],[-76.2574,38.8354],[-76.2558,38.8332],[-76.2553,38.8326],[-76.2553,38.8325],[-76.2504,38.8254],[-76.2503,38.8254],[-76.2459,38.8222],[-76.2388,38.8196],[-76.2292,38.816],[-76.2281,38.8156],[-76.2212,38.8131],[-76.2193,38.8124],[-76.1981,38.8144],[-76.1974,38.8155],[-76.1965,38.817],[-76.1964,38.8171],[-76.1954,38.8188],[-76.1934,38.8218],[-76.1933,38.8223],[-76.1931,38.823],[-76.193,38.8232],[-76.1929,38.8235],[-76.1929,38.8237],[-76.1928,38.824],[-76.1925,38.8248],[-76.1911,38.8297],[-76.1912,38.8298],[-76.1929,38.8335],[-76.1929,38.8336],[-76.193,38.8337],[-76.1977,38.8437],[-76.1977,38.8438],[-76.1995,38.8508],[-76.1035,38.8823],[-76.097,38.9443],[-75.9493,38.9183],[-75.9443,38.9165],[-75.944,38.9143],[-75.9482,38.9145],[-75.9487,38.912],[-75.9431,38.9073],[-75.9439,38.9062],[-75.9481,38.9046],[-75.9487,38.9024],[-75.9449,38.9003],[-75.9444,38.8975],[-75.9459,38.8939],[-75.9486,38.8923],[-75.9483,38.8913],[-75.9446,38.8901],[-75.9404,38.8851],[-75.9415,38.8841],[-75.9455,38.884],[-75.9496,38.8848],[-75.9509,38.8841],[-75.9515,38.8802],[-75.9488,38.8784],[-75.9438,38.8793],[-75.9415,38.8812],[-75.9392,38.8813],[-75.9376,38.8798],[-75.9376,38.878],[-75.9389,38.8764],[-75.9436,38.8764],[-75.9444,38.8751],[-75.9431,38.8705],[-75.9416,38.868],[-75.9393,38.8666],[-75.9347,38.8675],[-75.9329,38.866],[-75.9302,38.8613],[-75.9243,38.8604],[-75.9222,38.8573],[-75.9224,38.8564],[-75.9228,38.8548],[-75.9283,38.8524],[-75.9304,38.8509],[-75.9293,38.849],[-75.9268,38.847],[-75.9195,38.8469],[-75.919,38.8461],[-75.9193,38.845],[-75.9281,38.8411],[-75.9278,38.8389],[-75.9194,38.8352],[-75.9152,38.8348],[-75.9137,38.833],[-75.9129,38.8295],[-75.9043,38.8264],[-75.9013,38.8247],[-75.9017,38.8229],[-75.9055,38.8216],[-75.9065,38.8197],[-75.9033,38.8168],[-75.8968,38.8151],[-75.9038,38.8069],[-75.9114,38.8063],[-75.9208,38.8026],[-75.928,38.7992],[-75.9325,38.7961],[-75.9373,38.7872],[-75.9495,38.7784],[-75.9546,38.7775],[-75.9664,38.7798],[-75.9682,38.7777],[-75.9677,38.7744],[-75.9764,38.7655],[-75.98,38.7637],[-75.9938,38.7593],[-75.9969,38.7575],[-75.9989,38.7556],[-75.9993,38.7521],[-75.9946,38.7419],[-75.9954,38.7367],[-75.9997,38.7348],[-76.0074,38.7368],[-76.01,38.736],[-76.0132,38.7333],[-76.015,38.7287],[-75.9452,38.6741],[-75.9911,38.5925],[-76.0234,38.5739],[-76.1529,38.6318],[-76.1472,38.6368],[-76.1476,38.6379]]]}},{"type":"Feature","id":"34007","properties":{"fips":"34007"},"geometry":{"type":"Polygon","coordinates":[[[-75.1332,39.9225],[-75.0858,39.9676],[-75.072,39.9806],[-75.056,39.9918],[-75.0355,39.996],[-75.0101,39.9798],[-75.0192,39.9675],[-75.0187,39.9637],[-75.0175,39.9635],[-75.0167,39.9606],[-75.0175,39.9591],[-75.0131,39.9564],[-75.0135,39.9542],[-75.015,39.9465],[-74.9944,39.9393],[-74.9889,39.941],[-74.9749,39.9384],[-74.9845,39.9312],[-74.9837,39.9269],[-74.9641,39.9207],[-74.9518,39.9015],[-74.9322,39.8875],[-74.9269,39.8738],[-74.9033,39.7912],[-74.9025,39.7908],[-74.8891,39.7818],[-74.8765,39.7816],[-74.8452,39.79],[-74.8125,39.7853],[-74.7915,39.7721],[-74.7729,39.7509],[-74.7581,39.7437],[-74.7363,39.7299],[-74.8011,39.6741],[-74.8772,39.6083],[-74.9306,39.6909],[-75.0871,39.7796],[-75.1539,39.9061],[-75.1332,39.9225]]]}},{"type":"Feature","id":"34015","properties":{"fips":"34015"},"geometry":{"type":"Polygon","coordinates":[[[-75.211,39.8657],[-75.2104,39.8659],[-75.185,39.8816],[-75.1539,39.9061],[-75.0871,39.7796],[-74.9306,39.6909],[-74.8772,39.6083],[-74.9116,39.5786],[-74.9852,39.5148],[-75.062,39.5686],[-75.1997,39.6669],[-75.3265,39.69],[-75.3782,39.7458],[-75.4406,39.7809],[-75.4379,39.7834],[-75.4161,39.7958],[-75.415,39.8018],[-75.3902,39.8165],[-75.3746,39.8258],[-75.3065,39.8498],[-75.2712,39.8494],[-75.235,39.8566],[-75.211,39.8657]]]}},{"type":"Feature","id":"34031","properties":{"fips":"34031"},"geometry":{"type":"Polygon","coordinates":[[[-74.2345,41.1429],[-74.2134,41.1338],[-74.2705,41.0221],[-74.171,40.977],[-74.1702,40.9839],[-74.141,40.9663],[-74.1464,40.9484],[-74.1482,40.9423],[-74.1481,40.9416],[-74.13,40.82],[-74.2467,40.8808],[-74.2598,40.8838],[-74.2707,40.8969],[-74.3003,41.0027],[-74.3098,40.9985],[-74.3152,41.002],[-74.3346,41.0037],[-74.5029,41.0859],[-74.3659,41.2029],[-74.3657,41.2034],[-74.2345,41.1429]]]}},{"type":"Feature","id":"36021","properties":{"fips":"36021"},"geometry":{"type":"Polygon","coordinates":[[[-73.9296,42.0788],[-73.9215,42.11],[-73.9107,42.1273],[-73.7895,42.2677],[-73.7837,42.4642],[-73.3525,42.51],[-73.4106,42.3517],[-73.5081,42.0863],[-73.4969,42.0497],[-73.5271,41.978],[-73.7109,42.0055],[-73.9296,42.0788]]]}},{"type":"Feature","id":"42015","properties":{"fips":"42015"},"geometry":{"type":"Polygon","coordinates":[[[-76.8747,41.5969],[-76.8787,41.6203],[-76.8835,41.6663],[-76.8932,41.7485],[-76.9271,42.0017],[-76.9219,42.0017],[-76.9208,42.0018],[-76.8351,42.0018],[-76.8159,42.0017],[-76.5581,42.0002],[-76.5576,42.0001],[-76.4665,41.999],[-76.4622,41.9989],[-76.3499,41.9984],[-76.3437,41.9983],[-76.1455,41.9989],[-76.1152,41.6518],[-76.198,41.6478],[-76.2201,41.5413],[-76.8137,41.59],[-76.8747,41.5969]]]}},{"type":"Feature","id":"42069","properties":{"fips":"42069"},"geometry":{"type":"Polygon","coordinates":[[[-75.6872,41.3392],[-75.7415,41.3482],[-75.7605,41.3609],[-75.7679,41.3658],[-75.7953,41.3781],[-75.8326,41.3999],[-75.8347,41.4272],[-75.7199,41.6423],[-75.4693,41.6414],[-75.4624,41.6416],[-75.4414,41.2601],[-75.5056,41.2325],[-75.6007,41.1615],[-75.6493,41.191],[-75.6872,41.3392]]]}},{"type":"Feature","id":"42087","properties":{"fips":"42087"},"geometry":{"type":"Polygon","coordinates":[[[-77.6678,40.7353],[-77.3642,40.8469],[-77.3571,40.8445],[-77.3566,40.8073],[-77.3541,40.7017],[-77.2879,40.6936],[-77.3231,40.6831],[-77.3607,40.67],[-77.4978,40.6095],[-77.6113,40.515],[-77.7521,40.3785],[-77.9138,40.3987],[-77.8165,40.5001],[-77.8418,40.55],[-77.6871,40.6768],[-77.6813,40.7298],[-77.6678,40.7353]]]}},{"type":"Feature","id":"42093","properties":{"fips":"42093"},"geometry":{"type":"Polygon","coordinates":[[[-76.6408,41.1557],[-76.619,41.0638],[-76.515,40.959],[-76.528,40.8825],[-76.557,40.9386],[-76.6613,40.968],[-76.7929,40.9466],[-76.7327,41.172],[-76.6788,41.1542],[-76.6408,41.1557]]]}},{"type":"Feature","id":"42113","properties":{"fips":"42113"},"geometry":{"type":"Polygon","coordinates":[[[-76.4476,41.2756],[-76.5925,41.3043],[-76.7495,41.4056],[-76.8137,41.59],[-76.2201,41.5413],[-76.2239,41.5245],[-76.2831,41.3765],[-76.2849,41.3727],[-76.3101,41.3102],[-76.4079,41.3084],[-76.4476,41.2756]]]}},{"type":"Feature","id":"51510","properties":{"fips":"51510"},"geometry":{"type":"Polygon","coordinates":[[[-77.0392,38.7852],[-77.088,38.825],[-77.0879,38.8275],[-77.0856,38.8442],[-77.0639,38.845],[-77.0546,38.841],[-77.033,38.8395],[-77.0386,38.7915],[-77.0392,38.7852]]]}},{"type":"Feature","id":"51101","properties":{"fips":"51101"},"geometry":{"type":"Polygon","coordinates":[[[-77.3452,37.7894],[-77.2432,37.9002],[-77.1814,37.8917],[-77.0333,37.7208],[-76.9156,37.6933],[-76.7777,37.5544],[-76.7922,37.5176],[-76.8536,37.5726],[-76.9812,37.5671],[-77.1237,37.6269],[-77.2925,37.7147],[-77.3452,37.7894]]]}},{"type":"Feature","id":"10005","properties":{"fips":"10005"},"geometry":{"type":"Polygon","coordinates":[[[-75.3119,38.9459],[-75.3119,38.9457],[-75.3115,38.9446],[-75.3026,38.939],[-75.3123,38.9246],[-75.3041,38.9132],[-75.2631,38.8774],[-75.232,38.8443],[-75.2053,38.8234],[-75.1906,38.8069],[-75.1607,38.7912],[-75.159,38.7902],[-75.134,38.7822],[-75.1133,38.783],[-75.0971,38.7887],[-75.0937,38.794],[-75.0972,38.8031],[-75.0938,38.8038],[-75.0895,38.7972],[-75.0822,38.7722],[-75.0802,38.7501],[-75.0792,38.7382],[-75.0655,38.661],[-75.0652,38.6324],[-75.0619,38.6089],[-75.0613,38.6086],[-75.0605,38.608],[-75.06,38.6077],[-75.0497,38.4864],[-75.0489,38.4513],[-75.0493,38.4513],[-75.0525,38.4513],[-75.0535,38.4513],[-75.0663,38.4513],[-75.0699,38.4513],[-75.0704,38.4513],[-75.0858,38.4513],[-75.0883,38.4513],[-75.0896,38.4513],[-75.1419,38.4512],[-75.1854,38.451],[-75.2527,38.4514],[-75.2603,38.4515],[-75.3412,38.452],[-75.3412,38.452],[-75.3558,38.452],[-75.3711,38.4521],[-75.3936,38.4521],[-75.3948,38.4522],[-75.4109,38.4524],[-75.4248,38.4526],[-75.4287,38.4527],[-75.4791,38.4537],[-75.5001,38.4541],[-75.503,38.4542],[-75.5213,38.4547],[-75.5227,38.4547],[-75.5338,38.455],[-75.5592,38.4556],[-75.5599,38.4556],[-75.5741,38.456],[-75.5836,38.4564],[-75.5893,38.4563],[-75.5931,38.4564],[-75.5981,38.4569],[-75.6305,38.4579],[-75.6628,38.4588],[-75.6656,38.4589],[-75.6935,38.4601],[-75.6964,38.4924],[-75.6967,38.4965],[-75.6988,38.522],[-75.7002,38.5427],[-75.7015,38.5594],[-75.7016,38.5607],[-75.7034,38.5851],[-75.704,38.5921],[-75.7058,38.6147],[-75.7059,38.6163],[-75.7062,38.6213],[-75.7066,38.6261],[-75.7073,38.6353],[-75.7074,38.6354],[-75.722,38.8221],[-75.7226,38.8299],[-75.555,38.8356],[-75.3813,38.9613],[-75.3119,38.9459]]]}},{"type":"Feature","id":"24011","properties":{"fips":"24011"},"geometry":{"type":"Polygon","coordinates":[[[-75.9487,38.912],[-75.9482,38.9145],[-75.944,38.9143],[-75.9443,38.9165],[-75.9493,38.9183],[-75.9297,38.9907],[-75.8349,39.1084],[-75.7477,39.1433],[-75.7477,39.1433],[-75.7461,39.1203],[-75.7458,39.1149],[-75.7258,38.8693],[-75.7256,38.8682],[-75.7241,38.8478],[-75.724,38.8467],[-75.7229,38.8332],[-75.7226,38.83],[-75.7226,38.8299],[-75.722,38.8221],[-75.7074,38.6354],[-75.7627,38.6862],[-75.9452,38.6741],[-76.015,38.7287],[-76.0132,38.7333],[-76.01,38.736],[-76.0074,38.7368],[-75.9997,38.7348],[-75.9954,38.7367],[-75.9946,38.7419],[-75.9993,38.7521],[-75.9989,38.7556],[-75.9969,38.7575],[-75.9938,38.7593],[-75.98,38.7637],[-75.9764,38.7655],[-75.9677,38.7744],[-75.9682,38.7777],[-75.9664,38.7798],[-75.9546,38.7775],[-75.9495,38.7784],[-75.9373,38.7872],[-75.9325,38.7961],[-75.928,38.7992],[-75.9208,38.8026],[-75.9114,38.8063],[-75.9038,38.8069],[-75.8968,38.8151],[-75.9033,38.8168],[-75.9065,38.8197],[-75.9055,38.8216],[-75.9017,38.8229],[-75.9013,38.8247],[-75.9043,38.8264],[-75.9129,38.8295],[-75.9137,38.833],[-75.9152,38.8348],[-75.9194,38.8352],[-75.9278,38.8389],[-75.9281,38.8411],[-75.9193,38.845],[-75.919,38.8461],[-75.9195,38.8469],[-75.9268,38.847],[-75.9293,38.849],[-75.9304,38.8509],[-75.9283,38.8524],[-75.9228,38.8548],[-75.9224,38.8564],[-75.9222,38.8573],[-75.9243,38.8604],[-75.9302,38.8613],[-75.9329,38.866],[-75.9347,38.8675],[-75.9393,38.8666],[-75.9416,38.868],[-75.9431,38.8705],[-75.9444,38.8751],[-75.9436,38.8764],[-75.9389,38.8764],[-75.9376,38.878],[-75.9376,38.8798],[-75.9392,38.8813],[-75.9415,38.8812],[-75.9438,38.8793],[-75.9488,38.8784],[-75.9515,38.8802],[-75.9509,38.8841],[-75.9496,38.8848],[-75.9455,38.884],[-75.9415,38.8841],[-75.9404,38.8851],[-75.9446,38.8901],[-75.9483,38.8913],[-75.9486,38.8923],[-75.9459,38.8939],[-75.9444,38.8975],[-75.9449,38.9003],[-75.9487,38.9024],[-75.9481,38.9046],[-75.9439,38.9062],[-75.9431,38.9073],[-75.9487,38.912]]]}},{"type":"Feature","id":"24013","properties":{"fips":"24013"},"geometry":{"type":"Polygon","coordinates":[[[-77.217,39.72],[-77.2168,39.72],[-77.0589,39.7201],[-77.0582,39.7202],[-77.0471,39.72],[-76.9995,39.7201],[-76.8976,39.7204],[-76.8901,39.7204],[-76.8092,39.7207],[-76.8064,39.7206],[-76.7871,39.7208],[-76.7871,39.7208],[-76.8667,39.5009],[-76.8684,39.4941],[-76.8798,39.3659],[-76.8807,39.3605],[-76.8734,39.3572],[-76.8797,39.3568],[-76.8823,39.3502],[-77.1681,39.354],[-77.1068,39.4917],[-77.2001,39.5786],[-77.2877,39.6045],[-77.217,39.72]]]}},{"type":"Feature","id":"24021","properties":{"fips":"24021"},"geometry":{"type":"Polygon","coordinates":[[[-77.4588,39.2203],[-77.4577,39.225],[-77.4602,39.2284],[-77.4846,39.2459],[-77.5112,39.2535],[-77.5345,39.2624],[-77.5432,39.2669],[-77.5458,39.2715],[-77.5609,39.2862],[-77.5927,39.3013],[-77.6677,39.3181],[-77.6775,39.3187],[-77.5702,39.62],[-77.4691,39.72],[-77.4594,39.72],[-77.2433,39.72],[-77.2398,39.72],[-77.217,39.72],[-77.2877,39.6045],[-77.2001,39.5786],[-77.1068,39.4917],[-77.1681,39.354],[-77.1686,39.3537],[-77.1688,39.3535],[-77.1715,39.3525],[-77.3138,39.2865],[-77.337,39.2757],[-77.4549,39.2216],[-77.4588,39.2203]]]}},{"type":"Feature","id":"24031","properties":{"fips":"24031"},"geometry":{"type":"Polygon","coordinates":[[[-77.1199,38.9343],[-77.1377,38.9553],[-77.1482,38.965],[-77.1669,38.9681],[-77.1975,38.9668],[-77.2215,38.9713],[-77.2354,38.9766],[-77.2498,38.9859],[-77.2557,39.0024],[-77.2518,39.0114],[-77.2614,39.031],[-77.2916,39.0454],[-77.328,39.0586],[-77.3403,39.063],[-77.3751,39.0613],[-77.4232,39.0669],[-77.4582,39.0737],[-77.5199,39.1209],[-77.5246,39.1278],[-77.5273,39.1462],[-77.5164,39.1709],[-77.5106,39.1785],[-77.5052,39.182],[-77.486,39.1857],[-77.4786,39.1892],[-77.4589,39.2198],[-77.4588,39.2203],[-77.4549,39.2216],[-77.337,39.2757],[-77.3138,39.2865],[-77.1715,39.3525],[-77.1688,39.3535],[-77.1868,39.3382],[-77.1447,39.2947],[-76.8885,39.131],[-76.9697,39.0213],[-76.9711,39.0193],[-76.9721,39.0181],[-76.9738,39.0157],[-76.9746,39.0147],[-76.9773,39.0109],[-76.9796,39.0082],[-76.9841,39.0014],[-76.9857,39],[-76.9883,38.9963],[-76.9891,38.9956],[-76.9911,38.9923],[-76.9857,38.9773],[-77.0026,38.9655],[-77.0083,38.9701],[-77.0138,38.9744],[-77.0156,38.9759],[-77.0363,38.9917],[-77.041,38.9951],[-77.0543,38.9851],[-77.1007,38.9489],[-77.1199,38.9343]]]}},{"type":"Feature","id":"24033","properties":{"fips":"24033"},"geometry":{"type":"Polygon","coordinates":[[[-77.0599,38.7344],[-77.0414,38.7639],[-77.0392,38.7852],[-77.0386,38.7915],[-77.0244,38.803],[-77.0014,38.8215],[-76.9537,38.8585],[-76.9497,38.8613],[-76.9202,38.8844],[-76.9193,38.8851],[-76.9108,38.8917],[-76.9094,38.8928],[-76.9417,38.918],[-77.0025,38.9654],[-77.0026,38.9655],[-76.9857,38.9773],[-76.9911,38.9923],[-76.9891,38.9956],[-76.9883,38.9963],[-76.9857,39],[-76.9841,39.0014],[-76.9796,39.0082],[-76.9773,39.0109],[-76.9746,39.0147],[-76.9738,39.0157],[-76.9721,39.0181],[-76.9711,39.0193],[-76.9697,39.0213],[-76.8885,39.131],[-76.869,39.1122],[-76.8491,39.1091],[-76.8404,39.1031],[-76.6933,38.9514],[-76.7106,38.8157],[-76.6864,38.7485],[-76.684,38.7383],[-76.687,38.7359],[-76.695,38.7351],[-76.6956,38.7315],[-76.6936,38.7248],[-76.702,38.7109],[-76.6977,38.707],[-76.6949,38.7025],[-76.695,38.7003],[-76.6979,38.6948],[-76.6984,38.6904],[-76.6955,38.6858],[-76.6871,38.6814],[-76.6874,38.6787],[-76.6905,38.6737],[-76.7007,38.6701],[-76.7004,38.667],[-76.6942,38.6638],[-76.6874,38.6638],[-76.6833,38.6612],[-76.6832,38.6588],[-76.6851,38.6548],[-76.6916,38.6485],[-76.6929,38.6364],[-76.692,38.6349],[-76.6861,38.6302],[-76.6794,38.6279],[-76.6776,38.6262],[-76.6723,38.6175],[-76.6735,38.6072],[-76.6726,38.5993],[-76.6752,38.5921],[-76.6795,38.5852],[-76.6807,38.5805],[-76.6778,38.5724],[-76.6789,38.568],[-76.6755,38.5588],[-76.6723,38.5528],[-76.6726,38.5468],[-76.6755,38.5359],[-76.7473,38.6167],[-76.863,38.6586],[-77.011,38.652],[-77.077,38.6902],[-77.0786,38.6941],[-77.0861,38.7058],[-77.0746,38.711],[-77.0599,38.7344]]]}},{"type":"Feature","id":"24043","properties":{"fips":"24043"},"geometry":{"type":"Polygon","coordinates":[[[-77.8254,39.494],[-77.8451,39.4983],[-77.8654,39.5165],[-77.8889,39.556],[-77.8861,39.5604],[-77.8845,39.5682],[-77.9026,39.5878],[-77.9464,39.5849],[-78.01,39.6029],[-78.0234,39.6199],[-78.036,39.6357],[-78.0746,39.6667],[-78.1078,39.6821],[-78.1435,39.6904],[-78.1766,39.696],[-78.1828,39.6951],[-78.1911,39.6903],[-78.2243,39.6633],[-78.2711,39.6196],[-78.283,39.6205],[-78.313,39.631],[-78.334,39.6358],[-78.3428,39.7225],[-78.3425,39.7225],[-78.3405,39.7225],[-78.3395,39.7226],[-78.3371,39.7225],[-78.3307,39.7227],[-78.269,39.7226],[-78.2689,39.7226],[-78.2431,39.7225],[-78.2403,39.7225],[-78.2044,39.7225],[-78.2029,39.7224],[-78.0991,39.7223],[-78.0758,39.7223],[-78.0737,39.7223],[-77.7685,39.7214],[-77.7432,39.7212],[-77.7326,39.7211],[-77.7241,39.7209],[-77.6745,39.7208],[-77.6722,39.7208],[-77.5348,39.7201],[-77.5334,39.7202],[-77.4691,39.72],[-77.5702,39.62],[-77.6775,39.3187],[-77.719,39.3211],[-77.7274,39.3217],[-77.7558,39.3339],[-77.7606,39.3389],[-77.7604,39.3442],[-77.7392,39.3857],[-77.7654,39.4286],[-77.8078,39.4902],[-77.8254,39.494]]]}},{"type":"Feature","id":"34003","properties":{"fips":"34003"},"geometry":{"type":"Polygon","coordinates":[[[-74.2134,41.1338],[-74.0968,41.0838],[-74.0925,41.0819],[-74.0411,41.0591],[-74.041,41.0591],[-73.9119,41.0013],[-73.9027,40.9973],[-73.894,40.9972],[-73.9179,40.9176],[-73.9197,40.9135],[-73.9275,40.8957],[-73.9334,40.8821],[-73.9334,40.8821],[-73.9381,40.8747],[-73.9483,40.8584],[-73.9869,40.7983],[-74.0172,40.8235],[-74.045,40.8077],[-74.1475,40.7865],[-74.1385,40.7987],[-74.1398,40.8031],[-74.1365,40.8182],[-74.13,40.82],[-74.1481,40.9416],[-74.1482,40.9423],[-74.1464,40.9484],[-74.141,40.9663],[-74.1702,40.9839],[-74.171,40.977],[-74.2705,41.0221],[-74.2134,41.1338]]]}},{"type":"Feature","id":"34009","properties":{"fips":"34009"},"geometry":{"type":"Polygon","coordinates":[[[-74.9149,39.1776],[-74.8611,39.3238],[-74.6997,39.2896],[-74.5414,39.3002],[-74.5512,39.2935],[-74.5534,39.2869],[-74.561,39.2787],[-74.581,39.2708],[-74.5979,39.2589],[-74.6145,39.2447],[-74.6363,39.2208],[-74.6466,39.212],[-74.6514,39.1986],[-74.6714,39.1798],[-74.7143,39.1198],[-74.7153,39.1169],[-74.7141,39.1146],[-74.7044,39.1079],[-74.7059,39.1029],[-74.7383,39.0747],[-74.7788,39.0231],[-74.7864,39.0001],[-74.7927,38.992],[-74.8079,38.9859],[-74.8194,38.9794],[-74.8507,38.9545],[-74.8645,38.9404],[-74.8652,38.9414],[-74.8705,38.9435],[-74.8823,38.9418],[-74.907,38.932],[-74.9204,38.9291],[-74.9336,38.9285],[-74.9635,38.9312],[-74.9673,38.9334],[-74.972,38.9404],[-74.9554,39.0013],[-74.9495,39.0156],[-74.9383,39.0352],[-74.9037,39.0874],[-74.8978,39.0988],[-74.8925,39.1132],[-74.8859,39.1436],[-74.8872,39.1588],[-74.9052,39.1749],[-74.9149,39.1776]]]}},{"type":"Feature","id":"34013","properties":{"fips":"34013"},"geometry":{"type":"Polygon","coordinates":[[[-74.1648,40.7547],[-74.166,40.7452],[-74.162,40.736],[-74.117,40.7371],[-74.1171,40.7104],[-74.1128,40.7031],[-74.1229,40.6912],[-74.1367,40.6744],[-74.2016,40.6866],[-74.2225,40.7072],[-74.2859,40.7222],[-74.3012,40.7135],[-74.3021,40.7133],[-74.3027,40.7136],[-74.3037,40.7133],[-74.3054,40.7137],[-74.307,40.714],[-74.3076,40.7142],[-74.3088,40.7145],[-74.3094,40.7149],[-74.3098,40.7155],[-74.3117,40.7156],[-74.3128,40.7171],[-74.3138,40.718],[-74.3153,40.7186],[-74.316,40.7192],[-74.319,40.7192],[-74.3214,40.7191],[-74.3256,40.7171],[-74.3427,40.7252],[-74.3549,40.7345],[-74.3719,40.7392],[-74.3343,40.9053],[-74.2707,40.8969],[-74.2598,40.8838],[-74.2467,40.8808],[-74.13,40.82],[-74.1365,40.8182],[-74.1398,40.8031],[-74.1385,40.7987],[-74.1475,40.7865],[-74.1479,40.7847],[-74.1483,40.7799],[-74.1558,40.7708],[-74.1577,40.7661],[-74.1634,40.7594],[-74.1648,40.7547]]]}},{"type":"Feature","id":"24047","properties":{"fips":"24047"},"geometry":{"type":"Polygon","coordinates":[[[-75.2423,38.0272],[-75.2423,38.0272],[-75.2504,38.0265],[-75.2561,38.026],[-75.2606,38.0256],[-75.2621,38.0254],[-75.2638,38.0253],[-75.3779,38.0151],[-75.3988,38.0133],[-75.4288,38.0109],[-75.436,38.0103],[-75.6243,37.9942],[-75.6618,38.0419],[-75.5409,38.0895],[-75.5459,38.1787],[-75.6128,38.2786],[-75.3646,38.2904],[-75.307,38.3548],[-75.3412,38.452],[-75.2603,38.4515],[-75.2527,38.4514],[-75.1854,38.451],[-75.1419,38.4512],[-75.0896,38.4513],[-75.0883,38.4513],[-75.0858,38.4513],[-75.0704,38.4513],[-75.0699,38.4513],[-75.0663,38.4513],[-75.0535,38.4513],[-75.0525,38.4513],[-75.0493,38.4513],[-75.0489,38.4513],[-75.0494,38.4485],[-75.0494,38.448],[-75.0496,38.4471],[-75.052,38.4315],[-75.052,38.4315],[-75.0522,38.4305],[-75.0522,38.4302],[-75.0522,38.4301],[-75.0524,38.4292],[-75.0524,38.4288],[-75.0525,38.4285],[-75.0525,38.4285],[-75.0525,38.4283],[-75.0527,38.4267],[-75.0528,38.4263],[-75.0528,38.4262],[-75.0531,38.4244],[-75.0531,38.4242],[-75.0533,38.4233],[-75.0533,38.4231],[-75.0546,38.4148],[-75.0558,38.4102],[-75.056,38.4096],[-75.0562,38.4089],[-75.0573,38.4047],[-75.0614,38.3895],[-75.0681,38.3687],[-75.0682,38.3686],[-75.0684,38.3678],[-75.0685,38.3674],[-75.0686,38.3673],[-75.0698,38.3635],[-75.0698,38.3634],[-75.0713,38.3588],[-75.0716,38.3579],[-75.0717,38.3577],[-75.0717,38.3577],[-75.0721,38.3564],[-75.0725,38.3553],[-75.0739,38.352],[-75.0745,38.3504],[-75.0841,38.3275],[-75.0852,38.3251],[-75.0853,38.3247],[-75.0855,38.3244],[-75.0855,38.3243],[-75.0875,38.3228],[-75.0921,38.3233],[-75.0939,38.3234],[-75.1029,38.3115],[-75.1038,38.3093],[-75.1168,38.2742],[-75.1432,38.2205],[-75.1554,38.1926],[-75.159,38.1842],[-75.1616,38.1764],[-75.1774,38.13],[-75.1789,38.1268],[-75.1929,38.0978],[-75.1938,38.096],[-75.1954,38.0936],[-75.2047,38.0793],[-75.2049,38.079],[-75.2065,38.0765],[-75.2161,38.0618],[-75.2243,38.0509],[-75.2276,38.0466],[-75.2359,38.0357],[-75.2361,38.0354],[-75.2375,38.0335],[-75.2418,38.0278],[-75.2423,38.0272]]]}},{"type":"Feature","id":"34017","properties":{"fips":"34017"},"geometry":{"type":"Polygon","coordinates":[[[-73.9869,40.7983],[-73.993,40.7887],[-74.0009,40.7765],[-74.0092,40.7636],[-74.0138,40.7566],[-74.0245,40.7094],[-74.0385,40.7107],[-74.0512,40.6958],[-74.0699,40.6845],[-74.0828,40.6737],[-74.09,40.6599],[-74.0874,40.6536],[-74.0941,40.6497],[-74.1434,40.6419],[-74.1614,40.6441],[-74.1603,40.6459],[-74.153,40.6548],[-74.1367,40.6744],[-74.1229,40.6912],[-74.1128,40.7031],[-74.1171,40.7104],[-74.117,40.7371],[-74.162,40.736],[-74.166,40.7452],[-74.1648,40.7547],[-74.1634,40.7594],[-74.1577,40.7661],[-74.1558,40.7708],[-74.1483,40.7799],[-74.1479,40.7847],[-74.1475,40.7865],[-74.045,40.8077],[-74.0172,40.8235],[-73.9869,40.7983]]]}},{"type":"Feature","id":"34019","properties":{"fips":"34019"},"geometry":{"type":"Polygon","coordinates":[[[-74.7244,40.7195],[-74.7131,40.5839],[-74.7825,40.4878],[-74.7481,40.4242],[-74.8563,40.3467],[-74.938,40.3406],[-75.0248,40.4035],[-75.0355,40.4063],[-75.0588,40.4181],[-75.0615,40.4228],[-75.0706,40.4552],[-75.0659,40.5195],[-75.0651,40.5261],[-75.0673,40.5364],[-75.0686,40.5422],[-75.1003,40.5678],[-75.1173,40.5732],[-75.1354,40.5756],[-75.1474,40.5732],[-75.1902,40.5893],[-75.1909,40.5913],[-74.9685,40.7108],[-74.8898,40.7878],[-74.7244,40.7195]]]}},{"type":"Feature","id":"34021","properties":{"fips":"34021"},"geometry":{"type":"Polygon","coordinates":[[[-74.7242,40.1473],[-74.7216,40.1538],[-74.7223,40.1606],[-74.7586,40.2013],[-74.7707,40.2149],[-74.8605,40.2846],[-74.938,40.3406],[-74.8563,40.3467],[-74.7481,40.4242],[-74.7222,40.3751],[-74.6227,40.3844],[-74.6175,40.3779],[-74.6196,40.3744],[-74.5726,40.3011],[-74.4843,40.2533],[-74.5878,40.1382],[-74.5893,40.1381],[-74.5896,40.1382],[-74.5896,40.1387],[-74.59,40.1389],[-74.5912,40.1379],[-74.5918,40.138],[-74.5925,40.1385],[-74.5927,40.1378],[-74.5934,40.1379],[-74.594,40.1375],[-74.5948,40.1379],[-74.7242,40.1473]]]}},{"type":"Feature","id":"34029","properties":{"fips":"34029"},"geometry":{"type":"Polygon","coordinates":[[[-74.4174,39.5573],[-74.3904,39.596],[-74.3899,39.7734],[-74.4347,39.8548],[-74.5288,40.037],[-74.5531,40.0791],[-74.4068,40.1724],[-74.2638,40.1683],[-74.2244,40.109],[-74.108,40.1369],[-74.0319,40.101],[-74.0313,40.1005],[-74.0335,40.0995],[-74.0394,40.0814],[-74.0588,40.0012],[-74.0641,39.9792],[-74.0772,39.911],[-74.0909,39.8],[-74.0971,39.7678],[-74.0969,39.763],[-74.0989,39.7595],[-74.1014,39.7562],[-74.1137,39.7407],[-74.1417,39.6894],[-74.191,39.6251],[-74.2405,39.5549],[-74.249,39.548],[-74.2774,39.5141],[-74.2916,39.5077],[-74.311,39.5067],[-74.3125,39.4999],[-74.4174,39.5573]]]}},{"type":"Feature","id":"34033","properties":{"fips":"34033"},"geometry":{"type":"Polygon","coordinates":[[[-75.4406,39.7809],[-75.3782,39.7458],[-75.3265,39.69],[-75.1997,39.6669],[-75.062,39.5686],[-75.0842,39.458],[-75.2395,39.5592],[-75.3682,39.4565],[-75.4073,39.382],[-75.4221,39.3865],[-75.4318,39.3916],[-75.4424,39.4023],[-75.4652,39.4389],[-75.4763,39.4381],[-75.4836,39.4408],[-75.5057,39.4529],[-75.5084,39.4591],[-75.5364,39.4606],[-75.5429,39.4704],[-75.5444,39.4796],[-75.5427,39.4966],[-75.5281,39.4981],[-75.5271,39.5001],[-75.5148,39.5626],[-75.5119,39.5676],[-75.5127,39.578],[-75.5257,39.584],[-75.5311,39.588],[-75.5345,39.5904],[-75.5372,39.5929],[-75.5395,39.5943],[-75.5399,39.5944],[-75.544,39.596],[-75.5454,39.5968],[-75.5559,39.6058],[-75.5594,39.6298],[-75.5268,39.6557],[-75.5263,39.6564],[-75.5093,39.6853],[-75.5097,39.6861],[-75.504,39.6983],[-75.4754,39.7311],[-75.4742,39.7355],[-75.4692,39.7436],[-75.4663,39.7507],[-75.4662,39.7508],[-75.4481,39.774],[-75.4406,39.7809]]]}},{"type":"Feature","id":"34035","properties":{"fips":"34035"},"geometry":{"type":"Polygon","coordinates":[[[-74.7825,40.4878],[-74.7131,40.5839],[-74.7244,40.7195],[-74.5558,40.758],[-74.549,40.741],[-74.5288,40.7281],[-74.5268,40.7109],[-74.5136,40.6973],[-74.5344,40.6673],[-74.5236,40.6497],[-74.5105,40.6503],[-74.5039,40.6596],[-74.4841,40.6634],[-74.4843,40.6661],[-74.47,40.6679],[-74.4612,40.6734],[-74.4083,40.6442],[-74.417,40.6281],[-74.438,40.6099],[-74.4634,40.5992],[-74.5158,40.545],[-74.5146,40.5427],[-74.5127,40.5405],[-74.5033,40.5341],[-74.4994,40.532],[-74.4954,40.5294],[-74.4905,40.523],[-74.4599,40.491],[-74.4895,40.4744],[-74.4932,40.4708],[-74.4943,40.4698],[-74.6196,40.3744],[-74.6175,40.3779],[-74.6227,40.3844],[-74.7222,40.3751],[-74.7481,40.4242],[-74.7825,40.4878]]]}},{"type":"Feature","id":"34041","properties":{"fips":"34041"},"geometry":{"type":"Polygon","coordinates":[[[-74.9807,41.0782],[-74.9684,41.0878],[-74.9668,41.0934],[-74.9674,41.094],[-74.9663,41.094],[-74.7892,40.9313],[-74.7679,40.9118],[-74.8898,40.7878],[-74.9685,40.7108],[-75.1909,40.5913],[-75.1968,40.6086],[-75.2007,40.6184],[-75.2039,40.6915],[-75.1965,40.7516],[-75.1716,40.7777],[-75.1636,40.7784],[-75.1494,40.7748],[-75.1344,40.7738],[-75.1085,40.7911],[-75.0533,40.8599],[-75.051,40.8657],[-75.0525,40.8721],[-75.1178,40.953],[-75.1199,40.9616],[-75.1203,40.9626],[-75.1204,40.9683],[-75.1206,40.9683],[-75.1314,40.9693],[-75.1355,40.9738],[-75.1306,40.9911],[-75.1091,41.0041],[-75.0914,41.0123],[-75.0693,41.0193],[-75.0518,41.0271],[-75.037,41.0347],[-75.026,41.0427],[-74.9807,41.0782]]]}},{"type":"Feature","id":"36007","properties":{"fips":"36007"},"geometry":{"type":"Polygon","coordinates":[[[-75.3596,41.9994],[-75.432,41.9994],[-75.4362,41.9994],[-75.4771,41.9994],[-75.4831,41.9993],[-75.4837,41.9992],[-75.9802,41.999],[-75.9831,41.999],[-76.1058,41.9989],[-76.1111,42.1124],[-76.114,42.1534],[-76.0811,42.2305],[-76.1302,42.4103],[-75.864,42.4157],[-75.8438,42.2597],[-75.6383,42.2487],[-75.6371,42.1956],[-75.5328,42.1952],[-75.4199,42.1949],[-75.4184,42.195],[-75.4185,42.1895],[-75.4188,42.1881],[-75.4187,42.188],[-75.4184,42.1868],[-75.4188,42.1807],[-75.4197,42.1504],[-75.4218,42.042],[-75.3596,41.9994]]]}},{"type":"Feature","id":"36027","properties":{"fips":"36027"},"geometry":{"type":"Polygon","coordinates":[[[-73.9533,41.59],[-73.9474,41.6675],[-73.9425,41.6841],[-73.9435,41.6903],[-73.9458,41.6956],[-73.9467,41.6994],[-73.9444,41.7146],[-73.9411,41.7327],[-73.9411,41.736],[-73.9622,41.901],[-73.9296,42.0788],[-73.7109,42.0055],[-73.5271,41.978],[-73.4969,42.0497],[-73.4873,42.0496],[-73.5049,41.8243],[-73.505,41.8238],[-73.5102,41.7587],[-73.5175,41.6666],[-73.5215,41.6164],[-73.5301,41.5272],[-73.9338,41.4883],[-73.9815,41.4389],[-74.0001,41.4565],[-73.9976,41.4872],[-73.9533,41.59]]]}},{"type":"Feature","id":"36039","properties":{"fips":"36039"},"geometry":{"type":"Polygon","coordinates":[[[-74.4517,42.1692],[-74.5373,42.2014],[-74.4435,42.355],[-74.2447,42.3772],[-74.2543,42.4082],[-73.7837,42.4642],[-73.7895,42.2677],[-73.9107,42.1273],[-74.0424,42.1704],[-74.0748,42.0966],[-74.3076,42.1143],[-74.4517,42.1692]]]}},{"type":"Feature","id":"36059","properties":{"fips":"36059"},"geometry":{"type":"Polygon","coordinates":[[[-73.7543,40.5864],[-73.7006,40.7432],[-73.7009,40.7469],[-73.7017,40.7525],[-73.7468,40.7804],[-73.7684,40.8007],[-73.7683,40.8008],[-73.754,40.8209],[-73.7544,40.8268],[-73.7283,40.8529],[-73.7267,40.8568],[-73.7307,40.8654],[-73.7296,40.8665],[-73.7137,40.8701],[-73.6756,40.857],[-73.6707,40.8587],[-73.6559,40.8639],[-73.6544,40.8782],[-73.6411,40.8926],[-73.6338,40.8982],[-73.627,40.8994],[-73.6176,40.8979],[-73.6019,40.9028],[-73.5952,40.9073],[-73.57,40.9154],[-73.5662,40.9158],[-73.5481,40.9087],[-73.5193,40.9143],[-73.515,40.9128],[-73.4999,40.9182],[-73.4971,40.9228],[-73.4542,40.8341],[-73.441,40.7644],[-73.4248,40.6791],[-73.4233,40.6709],[-73.4246,40.6663],[-73.4256,40.6563],[-73.4238,40.6099],[-73.4504,40.6035],[-73.5624,40.5837],[-73.5838,40.5867],[-73.6109,40.5877],[-73.6467,40.5828],[-73.7011,40.5836],[-73.7548,40.5844],[-73.7543,40.5864]]]}},{"type":"Feature","id":"36071","properties":{"fips":"36071"},"geometry":{"type":"Polygon","coordinates":[[[-73.9533,41.59],[-73.9976,41.4872],[-74.0001,41.4565],[-73.9815,41.4389],[-73.9814,41.3247],[-74.1618,41.1958],[-74.2345,41.1429],[-74.3657,41.2034],[-74.3921,41.2156],[-74.4576,41.2482],[-74.6949,41.3574],[-74.6898,41.3616],[-74.6911,41.3673],[-74.7526,41.4265],[-74.7559,41.4268],[-74.7524,41.4937],[-74.4756,41.5043],[-74.3671,41.591],[-74.2641,41.6327],[-74.1264,41.5825],[-73.9533,41.59]]]}},{"type":"Feature","id":"36081","properties":{"fips":"36081"},"geometry":{"type":"Polygon","coordinates":[[[-73.8689,40.6952],[-73.874,40.6942],[-73.8896,40.6842],[-73.8965,40.6824],[-73.9044,40.6957],[-73.9121,40.7034],[-73.9215,40.709],[-73.9239,40.7201],[-73.9292,40.7278],[-73.9373,40.7299],[-73.9471,40.7375],[-73.9547,40.7393],[-73.9612,40.7371],[-73.9628,40.7377],[-73.9615,40.7431],[-73.9583,40.7457],[-73.9549,40.7515],[-73.944,40.7644],[-73.9408,40.7674],[-73.9365,40.7698],[-73.9352,40.7717],[-73.9381,40.7726],[-73.9384,40.7746],[-73.9351,40.7792],[-73.928,40.7768],[-73.9163,40.7866],[-73.9106,40.791],[-73.9125,40.7962],[-73.8998,40.7925],[-73.8922,40.7904],[-73.8906,40.7901],[-73.8899,40.7874],[-73.8849,40.7866],[-73.871,40.787],[-73.8667,40.7937],[-73.8627,40.7973],[-73.8305,40.8032],[-73.811,40.8051],[-73.7934,40.7999],[-73.786,40.8009],[-73.7814,40.7949],[-73.776,40.7953],[-73.7684,40.8007],[-73.7468,40.7804],[-73.7017,40.7525],[-73.7009,40.7469],[-73.7006,40.7432],[-73.7543,40.5864],[-73.7533,40.5906],[-73.7749,40.5908],[-73.8014,40.5857],[-73.8068,40.5846],[-73.8344,40.5772],[-73.8789,40.5609],[-73.9345,40.5452],[-73.9345,40.5553],[-73.9327,40.5603],[-73.9357,40.5649],[-73.9386,40.5662],[-73.8499,40.5887],[-73.8605,40.6547],[-73.8557,40.6638],[-73.866,40.6819],[-73.8689,40.6952]]]}},{"type":"Feature","id":"36087","properties":{"fips":"36087"},"geometry":{"type":"Polygon","coordinates":[[[-73.948,41.2231],[-73.9315,41.205],[-73.9093,41.1644],[-73.8954,41.154],[-73.8872,41.1331],[-73.8949,41.0824],[-73.8947,41.0699],[-73.8894,41.0376],[-73.894,40.9972],[-73.9027,40.9973],[-73.9119,41.0013],[-74.041,41.0591],[-74.0411,41.0591],[-74.0925,41.0819],[-74.0968,41.0838],[-74.2134,41.1338],[-74.2345,41.1429],[-74.1618,41.1958],[-73.9814,41.3247],[-73.9826,41.3217],[-73.948,41.2231]]]}},{"type":"Feature","id":"36103","properties":{"fips":"36103"},"geometry":{"type":"MultiPolygon","coordinates":[[[[-72.1322,41.1044],[-72.1284,41.1081],[-72.1267,41.1151],[-72.0842,41.1015],[-72.0812,41.0939],[-72.087,41.0583],[-72.0957,41.054],[-72.0972,41.0549],[-72.0971,41.0758],[-72.1032,41.0865],[-72.1064,41.0889],[-72.1206,41.0932],[-72.1392,41.0925],[-72.1419,41.0944],[-72.1429,41.0978],[-72.1407,41.1008],[-72.1322,41.1044]]],[[[-71.9436,41.2867],[-71.9268,41.2901],[-71.9353,41.2806],[-71.9463,41.2763],[-71.9626,41.271],[-71.9789,41.265],[-71.9947,41.2565],[-72.0025,41.2529],[-72.0368,41.2498],[-72.035,41.2555],[-72.0294,41.2631],[-72.0234,41.271],[-72.0189,41.2741],[-72.0069,41.2735],[-71.9911,41.2813],[-71.9801,41.2803],[-71.9529,41.2851],[-71.9436,41.2867]]],[[[-73.4542,40.8341],[-73.4971,40.9228],[-73.4966,40.9235],[-73.4918,40.9421],[-73.4854,40.9464],[-73.4848,40.9461],[-73.4801,40.9433],[-73.4784,40.9423],[-73.4744,40.9411],[-73.4637,40.9377],[-73.4606,40.9374],[-73.4565,40.937],[-73.445,40.9358],[-73.4375,40.935],[-73.4367,40.9349],[-73.4299,40.9298],[-73.4297,40.9282],[-73.4288,40.9215],[-73.4061,40.9202],[-73.403,40.9251],[-73.4035,40.9422],[-73.4009,40.954],[-73.3998,40.9552],[-73.3929,40.9553],[-73.3745,40.9376],[-73.366,40.9317],[-73.3528,40.9267],[-73.3456,40.9253],[-73.3442,40.9273],[-73.3314,40.9296],[-73.2951,40.9245],[-73.2951,40.9245],[-73.2293,40.9051],[-73.149,40.9289],[-73.1462,40.9351],[-73.1447,40.9558],[-73.1408,40.9662],[-73.1104,40.9719],[-73.0816,40.9731],[-73.0437,40.9622],[-73.0404,40.9645],[-72.9959,40.9665],[-72.9552,40.9661],[-72.9138,40.9625],[-72.8882,40.963],[-72.8261,40.9698],[-72.7741,40.9653],[-72.76,40.9753],[-72.7144,40.9856],[-72.6893,40.9898],[-72.665,40.9875],[-72.6354,40.9905],[-72.5853,40.9976],[-72.5654,41.0095],[-72.561,41.0154],[-72.5499,41.0198],[-72.5215,41.0377],[-72.4773,41.0522],[-72.4608,41.067],[-72.4452,41.0861],[-72.4179,41.088],[-72.397,41.0963],[-72.3561,41.1336],[-72.3334,41.138],[-72.3224,41.1407],[-72.2911,41.1559],[-72.2788,41.1587],[-72.273,41.155],[-72.2681,41.1541],[-72.2453,41.1612],[-72.2382,41.1595],[-72.2377,41.1564],[-72.2536,41.1371],[-72.2651,41.1285],[-72.3004,41.1123],[-72.3,41.1321],[-72.3064,41.1378],[-72.3127,41.1385],[-72.3181,41.1371],[-72.3266,41.1322],[-72.3353,41.1203],[-72.3352,41.1069],[-72.3172,41.0887],[-72.2977,41.081],[-72.2804,41.0804],[-72.2767,41.0767],[-72.2831,41.0679],[-72.2737,41.0515],[-72.2605,41.0421],[-72.2413,41.0448],[-72.2294,41.0444],[-72.2175,41.0406],[-72.2019,41.0323],[-72.1906,41.0326],[-72.1833,41.0356],[-72.1795,41.0384],[-72.1749,41.0461],[-72.1629,41.0532],[-72.1604,41.0538],[-72.1539,41.0519],[-72.1373,41.0397],[-72.1351,41.0313],[-72.1374,41.0239],[-72.1164,40.9998],[-72.109,40.9941],[-72.1022,40.9915],[-72.0955,40.9913],[-72.083,40.9965],[-72.08,41.0034],[-72.0792,41.0064],[-72.0762,41.0091],[-72.0614,41.0094],[-72.0579,41.0048],[-72.0571,41.0049],[-72.0552,41.0052],[-72.0516,41.0064],[-72.0495,41.0097],[-72.0515,41.0157],[-72.0519,41.0205],[-72.0475,41.0226],[-72.0358,41.0208],[-72.015,41.0283],[-71.9993,41.0397],[-71.967,41.0478],[-71.9611,41.0543],[-71.9604,41.0599],[-71.9616,41.064],[-71.9596,41.0712],[-71.9382,41.0774],[-71.9194,41.0805],[-71.8993,41.0808],[-71.8955,41.0774],[-71.8895,41.0757],[-71.8696,41.075],[-71.8645,41.0769],[-71.8575,41.0736],[-71.8562,41.0706],[-71.8739,41.0523],[-71.9037,41.0402],[-71.9357,41.0342],[-72.0294,40.9999],[-72.1144,40.9721],[-72.3958,40.8667],[-72.47,40.8427],[-72.5734,40.8133],[-72.7452,40.7671],[-72.7531,40.7636],[-72.7572,40.7644],[-72.7682,40.7616],[-72.8632,40.733],[-72.9232,40.7133],[-73.0125,40.6797],[-73.055,40.6664],[-73.1453,40.6455],[-73.2084,40.6309],[-73.2391,40.6251],[-73.2621,40.6215],[-73.2645,40.6214],[-73.3064,40.6208],[-73.3097,40.6225],[-73.3193,40.6358],[-73.3515,40.6305],[-73.392,40.6175],[-73.4238,40.6099],[-73.4256,40.6563],[-73.4246,40.6663],[-73.4233,40.6709],[-73.4248,40.6791],[-73.441,40.7644],[-73.4542,40.8341]]]]}},{"type":"Feature","id":"36107","properties":{"fips":"36107"},"geometry":{"type":"Polygon","coordinates":[[[-76.1455,41.9989],[-76.3437,41.9983],[-76.3499,41.9984],[-76.4622,41.9989],[-76.4665,41.999],[-76.5576,42.0001],[-76.5383,42.2818],[-76.4162,42.263],[-76.4153,42.3184],[-76.3946,42.3185],[-76.2501,42.2967],[-76.2534,42.4076],[-76.1302,42.4103],[-76.0811,42.2305],[-76.114,42.1534],[-76.1111,42.1124],[-76.1058,41.9989],[-76.1237,41.999],[-76.1312,41.999],[-76.1455,41.9989]]]}},{"type":"Feature","id":"42017","properties":{"fips":"42017"},"geometry":{"type":"Polygon","coordinates":[[[-75.1069,40.1923],[-75.2998,40.3078],[-75.4841,40.4185],[-75.4097,40.488],[-75.3679,40.5146],[-75.3666,40.5154],[-75.3386,40.5341],[-75.3335,40.5371],[-75.1968,40.6086],[-75.1909,40.5913],[-75.1902,40.5893],[-75.1474,40.5732],[-75.1354,40.5756],[-75.1173,40.5732],[-75.1003,40.5678],[-75.0686,40.5422],[-75.0673,40.5364],[-75.0651,40.5261],[-75.0659,40.5195],[-75.0706,40.4552],[-75.0615,40.4228],[-75.0588,40.4181],[-75.0355,40.4063],[-75.0248,40.4035],[-74.938,40.3406],[-74.8605,40.2846],[-74.7707,40.2149],[-74.7586,40.2013],[-74.7223,40.1606],[-74.7216,40.1538],[-74.7242,40.1473],[-74.7243,40.147],[-74.7406,40.1352],[-74.838,40.1009],[-74.9002,40.0771],[-74.9743,40.0489],[-74.9849,40.0573],[-74.9713,40.0737],[-74.9588,40.0825],[-74.9562,40.0957],[-74.9613,40.0975],[-74.965,40.1186],[-74.9819,40.1202],[-75.0059,40.1325],[-75.0085,40.134],[-75.0151,40.138],[-75.1049,40.1911],[-75.1069,40.1923]]]}},{"type":"Feature","id":"42027","properties":{"fips":"42027"},"geometry":{"type":"Polygon","coordinates":[[[-77.6678,40.7353],[-77.6813,40.7298],[-77.8245,40.7437],[-77.9442,40.6916],[-78.1165,40.7391],[-78.1318,40.743],[-78.3599,40.7326],[-78.3765,40.7544],[-78.2492,40.8554],[-78.1681,40.9609],[-78.0777,40.9588],[-78.0563,41.0042],[-78.1122,41.1142],[-78.0382,41.1536],[-77.8982,41.2528],[-77.8927,41.1783],[-77.7986,41.182],[-77.7419,41.1076],[-77.6218,41.0912],[-77.5086,40.9629],[-77.1442,41.0443],[-77.3642,40.8469],[-77.6678,40.7353]]]}},{"type":"Feature","id":"42029","properties":{"fips":"42029"},"geometry":{"type":"Polygon","coordinates":[[[-75.3611,40.0655],[-75.415,40.0418],[-75.4358,39.9851],[-75.5625,39.9016],[-75.5948,39.8373],[-75.5958,39.8372],[-75.6347,39.8302],[-75.6415,39.8284],[-75.6628,39.8212],[-75.686,39.8111],[-75.717,39.792],[-75.7397,39.7726],[-75.7884,39.7218],[-75.7996,39.7219],[-75.8101,39.7219],[-76.0131,39.7219],[-76.0276,39.7218],[-76.1356,39.7216],[-76.0667,39.76],[-75.9916,39.8687],[-75.9851,39.9379],[-75.943,40.1093],[-75.8734,40.1371],[-75.7299,40.2245],[-75.6968,40.2419],[-75.5927,40.2255],[-75.5733,40.1953],[-75.5629,40.1974],[-75.5571,40.2072],[-75.5492,40.1895],[-75.5259,40.1486],[-75.3611,40.0655]]]}},{"type":"Feature","id":"42045","properties":{"fips":"42045"},"geometry":{"type":"Polygon","coordinates":[[[-75.5625,39.9016],[-75.4358,39.9851],[-75.415,40.0418],[-75.3611,40.0655],[-75.3565,40.0628],[-75.3495,40.0529],[-75.2765,39.977],[-75.2625,39.8766],[-75.2405,39.8724],[-75.2157,39.8761],[-75.211,39.8657],[-75.235,39.8566],[-75.2712,39.8494],[-75.3065,39.8498],[-75.3746,39.8258],[-75.3902,39.8165],[-75.415,39.8018],[-75.428,39.8092],[-75.4537,39.8203],[-75.4988,39.8333],[-75.5393,39.8382],[-75.5798,39.8385],[-75.5799,39.8385],[-75.5931,39.8375],[-75.5937,39.8375],[-75.5948,39.8373],[-75.5625,39.9016]]]}},{"type":"Feature","id":"42055","properties":{"fips":"42055"},"geometry":{"type":"Polygon","coordinates":[[[-77.703,40.2636],[-77.6852,40.2763],[-77.6718,40.2898],[-77.6147,40.1985],[-77.4711,39.9441],[-77.4594,39.72],[-77.4691,39.72],[-77.5334,39.7202],[-77.5348,39.7201],[-77.6722,39.7208],[-77.6745,39.7208],[-77.7241,39.7209],[-77.7326,39.7211],[-77.7432,39.7212],[-77.7685,39.7214],[-78.0737,39.7223],[-78.0758,39.7223],[-78.0991,39.7223],[-78.0027,39.8266],[-77.921,40.0005],[-77.8645,40.0616],[-77.703,40.2636]]]}},{"type":"Feature","id":"42067","properties":{"fips":"42067"},"geometry":{"type":"Polygon","coordinates":[[[-77.7521,40.3785],[-77.6113,40.515],[-77.4978,40.6095],[-77.3607,40.67],[-77.3231,40.6831],[-77.2879,40.6936],[-77.1989,40.6825],[-77.0355,40.6769],[-76.9397,40.6384],[-76.9474,40.6295],[-76.9494,40.6282],[-77.1829,40.5821],[-77.17,40.5627],[-77.3381,40.4953],[-77.5401,40.3992],[-77.6718,40.2898],[-77.6852,40.2763],[-77.703,40.2636],[-77.7521,40.3785]]]}},{"type":"Feature","id":"42079","properties":{"fips":"42079"},"geometry":{"type":"Polygon","coordinates":[[[-76.2078,40.9497],[-76.229,41.1385],[-76.3179,41.2054],[-76.3101,41.3102],[-76.2849,41.3727],[-76.2831,41.3765],[-76.0051,41.3846],[-75.8347,41.4272],[-75.8326,41.3999],[-75.7953,41.3781],[-75.7679,41.3658],[-75.7605,41.3609],[-75.7415,41.3482],[-75.6872,41.3392],[-75.6493,41.191],[-75.6007,41.1615],[-75.603,41.1519],[-75.6156,41.15],[-75.635,41.1232],[-75.6496,41.1223],[-75.772,41.0768],[-75.7319,41.0082],[-75.9973,40.913],[-76.0281,40.902],[-76.2078,40.9497]]]}},{"type":"Feature","id":"42089","properties":{"fips":"42089"},"geometry":{"type":"Polygon","coordinates":[[[-75.6007,41.1615],[-75.5056,41.2325],[-75.3592,41.2392],[-75.1297,41.2521],[-75.1565,41.1503],[-74.9807,41.0782],[-75.026,41.0427],[-75.037,41.0347],[-75.0518,41.0271],[-75.0693,41.0193],[-75.0914,41.0123],[-75.1091,41.0041],[-75.1306,40.9911],[-75.1355,40.9738],[-75.1314,40.9693],[-75.1206,40.9683],[-75.3006,40.8596],[-75.4742,40.8147],[-75.5746,40.9513],[-75.496,40.9872],[-75.6496,41.1223],[-75.635,41.1232],[-75.6156,41.15],[-75.603,41.1519],[-75.6007,41.1615]]]}},{"type":"Feature","id":"42095","properties":{"fips":"42095"},"geometry":{"type":"Polygon","coordinates":[[[-75.4742,40.8147],[-75.3006,40.8596],[-75.1206,40.9683],[-75.1204,40.9683],[-75.1203,40.9626],[-75.1199,40.9616],[-75.1178,40.953],[-75.0525,40.8721],[-75.051,40.8657],[-75.0533,40.8599],[-75.1085,40.7911],[-75.1344,40.7738],[-75.1494,40.7748],[-75.1636,40.7784],[-75.1716,40.7777],[-75.1965,40.7516],[-75.2039,40.6915],[-75.2007,40.6184],[-75.1968,40.6086],[-75.3335,40.5371],[-75.4044,40.5812],[-75.4304,40.6742],[-75.4815,40.6557],[-75.609,40.7874],[-75.4742,40.8147]]]}},{"type":"Feature","id":"42101","properties":{"fips":"42101"},"geometry":{"type":"Polygon","coordinates":[[[-75.2644,40.0541],[-75.1764,40.0846],[-75.1516,40.0703],[-75.1352,40.061],[-75.129,40.0571],[-75.1249,40.0547],[-75.1094,40.0458],[-75.0874,40.0636],[-75.0967,40.069],[-75.0151,40.138],[-75.0085,40.134],[-75.0059,40.1325],[-74.9819,40.1202],[-74.965,40.1186],[-74.9613,40.0975],[-74.9562,40.0957],[-74.9588,40.0825],[-74.9713,40.0737],[-74.9849,40.0573],[-74.9743,40.0489],[-74.9747,40.0487],[-75.0143,40.021],[-75.056,39.9918],[-75.072,39.9806],[-75.0858,39.9676],[-75.1332,39.9225],[-75.1539,39.9061],[-75.185,39.8816],[-75.2104,39.8659],[-75.211,39.8657],[-75.2157,39.8761],[-75.2405,39.8724],[-75.2625,39.8766],[-75.2765,39.977],[-75.2637,39.9827],[-75.2561,39.9873],[-75.2492,39.9905],[-75.2644,40.0541]]]}},{"type":"Feature","id":"42109","properties":{"fips":"42109"},"geometry":{"type":"Polygon","coordinates":[[[-76.8002,40.882],[-76.7987,40.8784],[-76.7989,40.8769],[-76.7995,40.8747],[-76.8016,40.8706],[-76.8062,40.8625],[-76.8084,40.8574],[-76.8112,40.8517],[-76.8122,40.8503],[-76.8127,40.8475],[-76.8175,40.8438],[-76.8209,40.8399],[-76.8256,40.8355],[-76.8297,40.831],[-76.8363,40.8258],[-76.8406,40.8213],[-76.8454,40.8152],[-76.8493,40.8098],[-76.8497,40.8082],[-76.8489,40.806],[-76.8522,40.8008],[-76.8561,40.7912],[-76.8563,40.7897],[-76.8587,40.7815],[-76.8585,40.7794],[-76.8593,40.777],[-76.8584,40.7695],[-76.8575,40.766],[-76.8577,40.7644],[-76.8572,40.7594],[-76.8564,40.7558],[-76.8575,40.7496],[-76.8567,40.7473],[-76.857,40.746],[-76.856,40.7379],[-76.8555,40.7371],[-76.8554,40.7288],[-76.9397,40.6384],[-77.0355,40.6769],[-77.1989,40.6825],[-77.2879,40.6936],[-77.3541,40.7017],[-77.3566,40.8073],[-76.9407,40.888],[-76.8002,40.882]]]}},{"type":"Feature","id":"42115","properties":{"fips":"42115"},"geometry":{"type":"Polygon","coordinates":[[[-75.7199,41.6423],[-76.1152,41.6518],[-76.1455,41.9989],[-76.1312,41.999],[-76.1237,41.999],[-76.1058,41.9989],[-75.9831,41.999],[-75.9802,41.999],[-75.4837,41.9992],[-75.4831,41.9993],[-75.4624,41.6416],[-75.4693,41.6414],[-75.7199,41.6423]]]}},{"type":"Feature","id":"42119","properties":{"fips":"42119"},"geometry":{"type":"Polygon","coordinates":[[[-77.3566,40.8073],[-77.3571,40.8445],[-77.3642,40.8469],[-77.1442,41.0443],[-77.1437,41.0458],[-77.1441,41.0688],[-76.9779,41.0879],[-76.8961,41.1391],[-76.8823,40.9713],[-76.8002,40.882],[-76.9407,40.888],[-77.3566,40.8073]]]}},{"type":"Feature","id":"42133","properties":{"fips":"42133"},"geometry":{"type":"Polygon","coordinates":[[[-76.7216,40.1201],[-76.6638,40.0632],[-76.5345,40.0513],[-76.4736,39.9474],[-76.2398,39.7213],[-76.3801,39.7213],[-76.3806,39.7213],[-76.3956,39.7212],[-76.4187,39.7213],[-76.4188,39.7212],[-76.4919,39.7213],[-76.5171,39.7213],[-76.5694,39.7212],[-76.5695,39.7212],[-76.7119,39.7211],[-76.7156,39.7211],[-76.7871,39.7208],[-76.7871,39.7208],[-76.8064,39.7206],[-76.8092,39.7207],[-76.8901,39.7204],[-76.8976,39.7204],[-76.9995,39.7201],[-76.9984,39.8321],[-76.9549,39.8569],[-77.0186,40.0139],[-77.1374,40.0699],[-77.0289,40.1478],[-76.9059,40.1657],[-76.859,40.2263],[-76.7216,40.1201]]]}},{"type":"Feature","id":"51600","properties":{"fips":"51600"},"geometry":{"type":"Polygon","coordinates":[[[-77.3348,38.8514],[-77.3288,38.8648],[-77.2706,38.8661],[-77.2705,38.841],[-77.3187,38.8347],[-77.3348,38.8514]]]}},{"type":"Feature","id":"51013","properties":{"fips":"51013"},"geometry":{"type":"Polygon","coordinates":[[[-77.033,38.8395],[-77.0546,38.841],[-77.0639,38.845],[-77.0856,38.8442],[-77.0879,38.8275],[-77.088,38.825],[-77.1107,38.8435],[-77.1503,38.8762],[-77.1722,38.8933],[-77.1681,38.8965],[-77.1575,38.9049],[-77.1544,38.907],[-77.1497,38.9105],[-77.1485,38.912],[-77.1199,38.9343],[-77.1012,38.9111],[-77.0902,38.9042],[-77.0682,38.8998],[-77.0406,38.8712],[-77.0317,38.8505],[-77.033,38.8395]]]}},{"type":"Feature","id":"51033","properties":{"fips":"51033"},"geometry":{"type":"Polygon","coordinates":[[[-77.1814,37.8917],[-77.2432,37.9002],[-77.3452,37.7894],[-77.4036,37.7796],[-77.4452,37.8948],[-77.4841,37.8835],[-77.6422,37.9909],[-77.6262,38.0034],[-77.5516,38.0736],[-77.5182,38.1049],[-77.3747,38.2431],[-77.3703,38.2466],[-77.3604,38.2424],[-77.3459,38.2522],[-77.3389,38.2521],[-77.3327,38.2458],[-77.3267,38.2451],[-77.2247,38.2422],[-77.116,38.1499],[-77.1701,38.0795],[-77.0701,37.9648],[-77.1486,37.972],[-77.1814,37.8917]]]}},{"type":"Feature","id":"51085","properties":{"fips":"51085"},"geometry":{"type":"Polygon","coordinates":[[[-77.2285,37.5364],[-77.3338,37.5769],[-77.4458,37.684],[-77.6301,37.707],[-77.7969,37.7291],[-77.7968,37.7306],[-77.6873,38.008],[-77.6841,38.0083],[-77.6806,38.0076],[-77.6766,38.0064],[-77.6709,38.0038],[-77.6679,38.0001],[-77.668,37.9984],[-77.6672,37.9971],[-77.6648,37.9969],[-77.6623,37.9978],[-77.6606,37.9971],[-77.6605,37.9937],[-77.6597,37.9921],[-77.6579,37.9919],[-77.6537,37.9936],[-77.6492,37.9942],[-77.6472,37.9939],[-77.6423,37.9923],[-77.6422,37.9909],[-77.4841,37.8835],[-77.4452,37.8948],[-77.4036,37.7796],[-77.3452,37.7894],[-77.2925,37.7147],[-77.1237,37.6269],[-77.2285,37.5364]]]}},{"type":"Feature","id":"51103","properties":{"fips":"51103"},"geometry":{"type":"Polygon","coordinates":[[[-76.6423,37.7923],[-76.5078,37.8388],[-76.4187,37.8229],[-76.3767,37.7129],[-76.3202,37.6807],[-76.3248,37.677],[-76.3399,37.656],[-76.3326,37.6458],[-76.3065,37.642],[-76.2925,37.6361],[-76.288,37.6318],[-76.2794,37.6182],[-76.2804,37.6137],[-76.3092,37.6219],[-76.3623,37.6104],[-76.3811,37.627],[-76.3901,37.6303],[-76.3992,37.6286],[-76.4433,37.6523],[-76.4724,37.6658],[-76.4896,37.6662],[-76.4918,37.6636],[-76.4976,37.6471],[-76.5015,37.6438],[-76.5102,37.6423],[-76.5365,37.6636],[-76.5377,37.6689],[-76.5353,37.6875],[-76.5372,37.6989],[-76.54,37.7044],[-76.5605,37.7278],[-76.5764,37.7575],[-76.5843,37.7689],[-76.5938,37.7728],[-76.5959,37.7717],[-76.602,37.7727],[-76.6154,37.7808],[-76.6423,37.7923]]]}},{"type":"Feature","id":"51057","properties":{"fips":"51057"},"geometry":{"type":"Polygon","coordinates":[[[-76.7511,37.7286],[-76.8044,37.7949],[-76.9431,37.7829],[-77.0188,37.8448],[-77.0701,37.9648],[-77.1701,38.0795],[-77.116,38.1499],[-77.0948,38.1616],[-77.0846,38.1602],[-77.0826,38.1468],[-77.0755,38.1411],[-77.0669,38.1476],[-77.0693,38.1577],[-77.0617,38.1616],[-77.0497,38.1098],[-76.937,38.0771],[-76.9054,38.0035],[-76.7754,37.8743],[-76.7846,37.8696],[-76.7828,37.8632],[-76.7663,37.8404],[-76.7512,37.8241],[-76.7343,37.7987],[-76.7239,37.7885],[-76.7155,37.7859],[-76.6898,37.7852],[-76.6838,37.7814],[-76.6819,37.7781],[-76.6833,37.7758],[-76.6834,37.7703],[-76.7031,37.7557],[-76.7231,37.7567],[-76.7511,37.7286]]]}},{"type":"Feature","id":"36017","properties":{"fips":"36017"},"geometry":{"type":"Polygon","coordinates":[[[-75.5328,42.1952],[-75.6371,42.1956],[-75.6383,42.2487],[-75.8438,42.2597],[-75.864,42.4157],[-75.8898,42.7238],[-75.2959,42.7441],[-75.3301,42.5681],[-75.4045,42.4791],[-75.3749,42.4108],[-75.4153,42.3142],[-75.4184,42.195],[-75.4199,42.1949],[-75.5328,42.1952]]]}},{"type":"Feature","id":"36101","properties":{"fips":"36101"},"geometry":{"type":"Polygon","coordinates":[[[-76.9657,42.0013],[-77.0075,42.0008],[-77.0076,42.0008],[-77.1247,41.9994],[-77.5053,42.0001],[-77.61,41.9995],[-77.7499,41.9988],[-77.723,42.4712],[-77.6599,42.5804],[-77.4909,42.5773],[-77.3665,42.5764],[-77.1438,42.5769],[-77.1072,42.4838],[-77.0997,42.2724],[-76.965,42.2785],[-76.9657,42.0013]]]}},{"type":"Feature","id":"42011","properties":{"fips":"42011"},"geometry":{"type":"Polygon","coordinates":[[[-75.7394,40.5799],[-75.738,40.5791],[-75.6943,40.5511],[-75.6822,40.5436],[-75.5297,40.447],[-75.696,40.2424],[-75.6968,40.2419],[-75.7299,40.2245],[-75.8734,40.1371],[-75.8752,40.1381],[-76.0918,40.2777],[-76.1495,40.3145],[-76.1512,40.316],[-76.152,40.3165],[-76.4402,40.496],[-76.1716,40.5349],[-76.0122,40.5777],[-75.9962,40.63],[-75.9932,40.6397],[-75.8915,40.6773],[-75.7667,40.597],[-75.7394,40.5799]]]}},{"type":"Feature","id":"42025","properties":{"fips":"42025"},"geometry":{"type":"Polygon","coordinates":[[[-75.9973,40.913],[-75.7319,41.0082],[-75.772,41.0768],[-75.6496,41.1223],[-75.496,40.9872],[-75.5746,40.9513],[-75.4742,40.8147],[-75.609,40.7874],[-75.7578,40.7354],[-75.9973,40.913]]]}},{"type":"Feature","id":"42037","properties":{"fips":"42037"},"geometry":{"type":"Polygon","coordinates":[[[-76.4635,41.2626],[-76.4608,41.2648],[-76.4476,41.2756],[-76.4079,41.3084],[-76.3101,41.3102],[-76.3179,41.2054],[-76.229,41.1385],[-76.2078,40.9497],[-76.2846,40.8836],[-76.3072,40.8018],[-76.3802,40.7755],[-76.4097,40.8336],[-76.5013,40.8248],[-76.528,40.8825],[-76.515,40.959],[-76.619,41.0638],[-76.6408,41.1557],[-76.5926,41.1578],[-76.4635,41.2626]]]}},{"type":"Feature","id":"42075","properties":{"fips":"42075"},"geometry":{"type":"Polygon","coordinates":[[[-76.152,40.3165],[-76.1512,40.316],[-76.3076,40.2551],[-76.5663,40.1966],[-76.678,40.4747],[-76.5354,40.5552],[-76.4402,40.496],[-76.152,40.3165]]]}},{"type":"Feature","id":"42081","properties":{"fips":"42081"},"geometry":{"type":"Polygon","coordinates":[[[-76.4635,41.2626],[-76.5926,41.1578],[-76.6408,41.1557],[-76.6788,41.1542],[-76.7327,41.172],[-76.7887,41.1758],[-76.881,41.158],[-76.8881,41.1538],[-76.8961,41.1391],[-76.9779,41.0879],[-77.1441,41.0688],[-77.3209,41.2189],[-77.5265,41.3585],[-77.5981,41.4786],[-77.5993,41.5423],[-77.0087,41.5499],[-76.8747,41.5969],[-76.8137,41.59],[-76.7495,41.4056],[-76.5925,41.3043],[-76.4476,41.2756],[-76.4608,41.2648],[-76.4635,41.2626]]]}},{"type":"Feature","id":"42099","properties":{"fips":"42099"},"geometry":{"type":"Polygon","coordinates":[[[-77.0839,40.3012],[-77.2292,40.2837],[-77.2417,40.2828],[-77.2701,40.2787],[-77.2805,40.2759],[-77.4198,40.2641],[-77.366,40.3136],[-77.6147,40.1985],[-77.6718,40.2898],[-77.5401,40.3992],[-77.3381,40.4953],[-77.17,40.5627],[-77.1829,40.5821],[-76.9494,40.6282],[-76.9574,40.5947],[-76.9837,40.5783],[-76.9919,40.5615],[-76.9494,40.469],[-77.0286,40.3912],[-76.9336,40.356],[-76.9285,40.348],[-76.9262,40.341],[-76.9173,40.3327],[-76.915,40.3285],[-77.0839,40.3012]]]}},{"type":"Feature","id":"42117","properties":{"fips":"42117"},"geometry":{"type":"Polygon","coordinates":[[[-77.0087,41.5499],[-77.5993,41.5423],[-77.61,41.9995],[-77.5053,42.0001],[-77.1247,41.9994],[-77.0076,42.0008],[-77.0075,42.0008],[-76.9657,42.0013],[-76.9657,42.0013],[-76.9426,42.0016],[-76.9371,42.0017],[-76.9271,42.0017],[-76.8932,41.7485],[-76.8835,41.6663],[-76.8787,41.6203],[-76.8747,41.5969],[-77.0087,41.5499]]]}},{"type":"Feature","id":"42131","properties":{"fips":"42131"},"geometry":{"type":"Polygon","coordinates":[[[-76.2831,41.3765],[-76.2239,41.5245],[-76.2201,41.5413],[-76.198,41.6478],[-76.1152,41.6518],[-75.7199,41.6423],[-75.8347,41.4272],[-76.0051,41.3846],[-76.2831,41.3765]]]}},{"type":"Feature","id":"24015","properties":{"fips":"24015"},"geometry":{"type":"Polygon","coordinates":[[[-76.2333,39.7213],[-76.2242,39.7213],[-76.1356,39.7216],[-76.0276,39.7218],[-76.0131,39.7219],[-75.8101,39.7219],[-75.7996,39.7219],[-75.7884,39.7218],[-75.7884,39.7003],[-75.7884,39.7],[-75.7887,39.6819],[-75.7886,39.6807],[-75.7875,39.6375],[-75.7869,39.6306],[-75.7794,39.5365],[-75.7792,39.5347],[-75.7667,39.3775],[-75.7667,39.3775],[-75.7667,39.3775],[-75.7668,39.3776],[-75.767,39.3777],[-75.7671,39.3778],[-75.7673,39.3778],[-75.7674,39.3779],[-75.7674,39.3779],[-75.7675,39.3779],[-75.7677,39.3779],[-75.7678,39.3779],[-75.7678,39.3779],[-75.768,39.3781],[-75.7681,39.3781],[-75.7681,39.3781],[-75.7682,39.378],[-75.7683,39.378],[-75.7684,39.378],[-75.7684,39.378],[-75.7685,39.3781],[-75.7685,39.3781],[-75.7686,39.3781],[-75.7686,39.3781],[-75.7687,39.378],[-75.7688,39.378],[-75.7689,39.3781],[-75.769,39.3781],[-75.7691,39.3782],[-75.7692,39.3782],[-75.7692,39.3782],[-75.7693,39.3782],[-75.7693,39.3782],[-75.7694,39.3782],[-75.7694,39.3783],[-75.7695,39.3784],[-75.7695,39.3785],[-75.7694,39.3785],[-75.7694,39.3785],[-75.7695,39.3786],[-75.7695,39.3786],[-75.7696,39.3785],[-75.7697,39.3786],[-75.7698,39.3786],[-75.7699,39.3786],[-75.77,39.3786],[-75.7704,39.3787],[-75.7705,39.3787],[-75.7705,39.3787],[-75.7708,39.3786],[-75.771,39.3787],[-75.7711,39.3787],[-75.7713,39.3787],[-75.7715,39.3787],[-75.7716,39.3788],[-75.7717,39.3789],[-75.7718,39.3789],[-75.7719,39.379],[-75.7719,39.3791],[-75.772,39.3791],[-75.772,39.3792],[-75.7725,39.3794],[-75.7727,39.3795],[-75.7731,39.3795],[-75.7732,39.3795],[-75.7733,39.3795],[-75.7735,39.3795],[-75.7735,39.3795],[-75.7737,39.3795],[-75.7739,39.3794],[-75.774,39.3793],[-75.7741,39.379],[-75.7743,39.3789],[-75.7744,39.3789],[-75.7746,39.379],[-75.775,39.3791],[-75.7751,39.3791],[-75.7754,39.379],[-75.7757,39.379],[-75.7759,39.379],[-75.7761,39.379],[-75.7763,39.379],[-75.7764,39.3791],[-75.7762,39.38],[-75.7762,39.3802],[-75.7763,39.3803],[-75.7764,39.3803],[-75.7765,39.3803],[-75.7768,39.3803],[-75.777,39.3804],[-75.7777,39.3802],[-75.7779,39.3802],[-75.7781,39.3803],[-75.7792,39.3809],[-75.7795,39.3812],[-75.7801,39.3815],[-75.7803,39.3817],[-75.7804,39.3819],[-75.7805,39.3819],[-75.7811,39.3821],[-75.7811,39.3821],[-75.7815,39.382],[-75.7818,39.382],[-75.7818,39.382],[-75.782,39.3819],[-75.7822,39.3819],[-75.783,39.3822],[-75.7836,39.3824],[-75.7839,39.3825],[-75.7842,39.3825],[-75.7844,39.3825],[-75.7844,39.3825],[-75.7845,39.3823],[-75.7845,39.3821],[-75.7843,39.3814],[-75.7843,39.3809],[-75.7843,39.3807],[-75.7844,39.3804],[-75.7847,39.3802],[-75.785,39.3801],[-75.7854,39.3801],[-75.7857,39.3801],[-75.786,39.3801],[-75.7864,39.3801],[-75.7866,39.3802],[-75.7866,39.3802],[-75.7872,39.3803],[-75.7873,39.3803],[-75.7874,39.3803],[-75.788,39.3804],[-75.7882,39.3804],[-75.7884,39.3805],[-75.7884,39.3806],[-75.7885,39.3809],[-75.7886,39.3811],[-75.7888,39.3811],[-75.7894,39.3811],[-75.7895,39.3811],[-75.7897,39.381],[-75.7899,39.3809],[-75.79,39.3808],[-75.7905,39.3803],[-75.791,39.38],[-75.7912,39.3799],[-75.7918,39.3798],[-75.792,39.3798],[-75.7923,39.3798],[-75.7924,39.3798],[-75.7925,39.3798],[-75.7925,39.3798],[-75.7929,39.3801],[-75.7929,39.3801],[-75.793,39.3801],[-75.7938,39.38],[-75.7939,39.3799],[-75.7942,39.3797],[-75.7943,39.3796],[-75.7944,39.3795],[-75.7944,39.3791],[-75.7945,39.379],[-75.7947,39.3788],[-75.7948,39.378],[-75.795,39.3778],[-75.7952,39.3777],[-75.7954,39.3776],[-75.7956,39.3773],[-75.7957,39.3772],[-75.7958,39.3772],[-75.796,39.3773],[-75.7962,39.3772],[-75.7964,39.3772],[-75.7964,39.3775],[-75.7965,39.3776],[-75.7965,39.3776],[-75.7967,39.3776],[-75.797,39.3773],[-75.7973,39.3773],[-75.7976,39.3773],[-75.7978,39.3771],[-75.798,39.3773],[-75.7982,39.3773],[-75.7986,39.3772],[-75.7987,39.3771],[-75.7988,39.3771],[-75.7992,39.3772],[-75.7996,39.3774],[-75.7997,39.3774],[-75.7999,39.3774],[-75.8003,39.3772],[-75.8005,39.3772],[-75.8006,39.3772],[-75.8006,39.3773],[-75.8006,39.3776],[-75.8007,39.3777],[-75.8009,39.3777],[-75.8011,39.3779],[-75.8017,39.3779],[-75.8018,39.3779],[-75.8022,39.3777],[-75.8026,39.3776],[-75.8028,39.3775],[-75.8028,39.3775],[-75.8029,39.3773],[-75.8029,39.3773],[-75.8034,39.3772],[-75.8038,39.377],[-75.8042,39.3766],[-75.8043,39.3763],[-75.8043,39.3759],[-75.8044,39.3758],[-75.8045,39.3756],[-75.8047,39.3754],[-75.8048,39.3754],[-75.805,39.3755],[-75.8051,39.3755],[-75.8055,39.3755],[-75.8057,39.3755],[-75.8057,39.3755],[-75.8059,39.3755],[-75.8059,39.3754],[-75.8061,39.3753],[-75.8062,39.3752],[-75.8064,39.3753],[-75.8065,39.3754],[-75.8065,39.3755],[-75.8065,39.3755],[-75.8063,39.3756],[-75.8062,39.3759],[-75.8063,39.3762],[-75.8062,39.3767],[-75.8062,39.3768],[-75.8064,39.3771],[-75.8066,39.3771],[-75.807,39.3773],[-75.807,39.3773],[-75.8071,39.3773],[-75.8071,39.3774],[-75.8073,39.3775],[-75.8074,39.3776],[-75.8074,39.3776],[-75.8076,39.3777],[-75.8076,39.3777],[-75.8077,39.3778],[-75.8079,39.378],[-75.808,39.378],[-75.8081,39.378],[-75.8086,39.3781],[-75.8087,39.3781],[-75.8089,39.378],[-75.8092,39.3781],[-75.8094,39.3784],[-75.8094,39.3788],[-75.8094,39.3789],[-75.8092,39.3795],[-75.8093,39.3795],[-75.8095,39.3797],[-75.8096,39.3798],[-75.8098,39.3798],[-75.81,39.3798],[-75.8101,39.3798],[-75.8115,39.38],[-75.813,39.38],[-75.8146,39.3803],[-75.8163,39.3807],[-75.8164,39.3807],[-75.817,39.3811],[-75.8174,39.3814],[-75.8176,39.3816],[-75.8179,39.3819],[-75.818,39.3819],[-75.8183,39.3821],[-75.8187,39.3822],[-75.8188,39.3823],[-75.8196,39.3821],[-75.82,39.3821],[-75.8213,39.3818],[-75.8223,39.3816],[-75.8237,39.3814],[-75.8238,39.3814],[-75.8244,39.381],[-75.8245,39.381],[-75.8254,39.3798],[-75.8274,39.3782],[-75.828,39.3779],[-75.8282,39.3778],[-75.8294,39.3766],[-75.8295,39.3765],[-75.8297,39.3762],[-75.83,39.3757],[-75.8301,39.3757],[-75.8302,39.3753],[-75.83,39.3751],[-75.8305,39.3747],[-75.8307,39.3746],[-75.8308,39.3745],[-75.8312,39.3742],[-75.8315,39.3741],[-75.8323,39.374],[-75.8334,39.3738],[-75.834,39.3738],[-75.8355,39.3732],[-75.8357,39.3731],[-75.8366,39.3728],[-75.8366,39.3728],[-75.8396,39.372],[-75.8403,39.3717],[-75.8417,39.3712],[-75.8417,39.3712],[-75.8424,39.371],[-75.8438,39.37],[-75.8443,39.3696],[-75.8443,39.3695],[-75.8455,39.3677],[-75.846,39.3676],[-75.8466,39.3676],[-75.8467,39.3676],[-75.8468,39.3675],[-75.8469,39.3675],[-75.847,39.3676],[-75.8485,39.3682],[-75.8487,39.3681],[-75.8488,39.368],[-75.849,39.3679],[-75.8494,39.3676],[-75.8515,39.3669],[-75.8524,39.3665],[-75.8531,39.3659],[-75.8537,39.3653],[-75.8554,39.3646],[-75.8566,39.3649],[-75.8572,39.3651],[-75.8586,39.3659],[-75.8592,39.3663],[-75.8608,39.3675],[-75.861,39.3676],[-75.8614,39.3675],[-75.8625,39.3674],[-75.8638,39.3664],[-75.865,39.3665],[-75.8657,39.3665],[-75.8662,39.3669],[-75.8668,39.3673],[-75.8674,39.3676],[-75.8676,39.3678],[-75.8681,39.3678],[-75.8684,39.3677],[-75.8721,39.3663],[-75.8726,39.3662],[-75.8733,39.366],[-75.8744,39.3658],[-75.875,39.3658],[-75.8758,39.3658],[-75.8766,39.3657],[-75.8778,39.3656],[-75.878,39.3656],[-75.878,39.3656],[-75.8795,39.3655],[-75.8798,39.3653],[-75.8809,39.3649],[-75.8821,39.3643],[-75.8821,39.3643],[-75.8828,39.3635],[-75.8836,39.3623],[-75.8844,39.3614],[-75.8851,39.3608],[-75.8859,39.3608],[-75.8885,39.3619],[-75.8885,39.3619],[-75.8889,39.3621],[-75.8902,39.363],[-75.8912,39.3638],[-75.8923,39.3646],[-75.8945,39.3656],[-75.8949,39.3657],[-75.8949,39.3657],[-75.896,39.3659],[-75.8974,39.3656],[-75.8978,39.3655],[-75.8982,39.3654],[-75.8983,39.3654],[-75.8998,39.3649],[-75.9004,39.3648],[-75.9027,39.3645],[-75.9038,39.3643],[-75.908,39.3645],[-75.9085,39.3646],[-75.9093,39.3648],[-75.9102,39.365],[-75.9118,39.3654],[-75.912,39.3654],[-75.9136,39.3661],[-75.915,39.3666],[-75.915,39.3666],[-75.9166,39.3668],[-75.9167,39.3668],[-75.9176,39.3668],[-75.9185,39.3669],[-75.9189,39.3669],[-75.9198,39.3669],[-75.9199,39.367],[-75.9211,39.3671],[-75.9228,39.3672],[-75.9239,39.368],[-75.9239,39.368],[-75.9253,39.3698],[-75.9266,39.371],[-75.9272,39.3712],[-75.9279,39.3715],[-75.93,39.3717],[-75.9306,39.3716],[-75.932,39.3715],[-75.9341,39.3709],[-75.9364,39.3695],[-75.9377,39.3687],[-75.9378,39.3687],[-75.9398,39.3678],[-75.941,39.3677],[-75.9423,39.3678],[-75.9437,39.3681],[-75.9439,39.3681],[-75.9444,39.3683],[-75.9454,39.3686],[-75.9462,39.3693],[-75.9464,39.3695],[-75.9468,39.3698],[-75.9478,39.371],[-75.9492,39.3724],[-75.9493,39.3725],[-75.9504,39.3732],[-75.9512,39.3734],[-75.9518,39.3736],[-75.9543,39.3741],[-75.957,39.3746],[-75.9585,39.3746],[-75.9601,39.3747],[-75.9601,39.3747],[-75.9614,39.3747],[-75.9641,39.3747],[-75.9644,39.3747],[-75.966,39.3745],[-75.9683,39.374],[-75.9694,39.3734],[-75.9706,39.3729],[-75.972,39.3716],[-75.9728,39.3709],[-75.9736,39.3696],[-75.9744,39.3686],[-75.9762,39.3675],[-75.9777,39.3669],[-75.979,39.3666],[-75.9805,39.3666],[-75.9811,39.3666],[-75.9815,39.3668],[-75.9827,39.3675],[-75.984,39.3692],[-75.9841,39.3693],[-75.9853,39.3708],[-75.9871,39.3726],[-75.989,39.3738],[-75.991,39.3747],[-75.992,39.3751],[-75.9922,39.3753],[-75.9923,39.3753],[-75.9931,39.3757],[-75.9939,39.3758],[-75.9942,39.3759],[-75.9951,39.3761],[-75.9961,39.3762],[-75.9985,39.3765],[-75.9994,39.3766],[-76.0002,39.3767],[-76.0011,39.3766],[-76.0015,39.3765],[-76.0017,39.3765],[-76.0022,39.3765],[-76.0024,39.3764],[-76.0025,39.3764],[-76.0025,39.3848],[-76.0025,39.385],[-76.0068,39.3852],[-76.0223,39.3857],[-76.0355,39.3862],[-76.0356,39.3862],[-76.0356,39.3862],[-76.0393,39.3878],[-76.0399,39.3881],[-76.04,39.3883],[-76.0409,39.3936],[-76.041,39.3942],[-76.0406,39.3947],[-76.0353,39.4016],[-76.035,39.402],[-76.0347,39.4021],[-76.0187,39.4077],[-76.0181,39.4079],[-76.0165,39.4085],[-76.0158,39.4089],[-76.0126,39.411],[-76.0097,39.4128],[-76.0069,39.4145],[-76.0029,39.4212],[-75.9986,39.4283],[-75.9974,39.4303],[-75.9967,39.4305],[-75.9927,39.4319],[-75.9924,39.432],[-75.9888,39.4332],[-75.9826,39.4353],[-75.9778,39.443],[-75.9767,39.4446],[-75.9767,39.4457],[-75.9766,39.4478],[-75.99,39.4586],[-75.9901,39.4586],[-75.9918,39.4583],[-75.9944,39.4579],[-75.9983,39.4572],[-76.0025,39.4502],[-76.0025,39.4502],[-76.0026,39.4502],[-76.0091,39.4493],[-76.0095,39.4492],[-76.0095,39.4493],[-76.0119,39.4525],[-76.0123,39.4531],[-76.0117,39.4542],[-76.01,39.4572],[-76.0029,39.4696],[-75.9966,39.4767],[-75.9953,39.483],[-75.9941,39.4887],[-75.9935,39.4906],[-75.9863,39.5104],[-75.9854,39.5121],[-75.9852,39.5124],[-75.9803,39.5219],[-75.9761,39.5299],[-75.9761,39.53],[-75.9753,39.5307],[-75.9737,39.5322],[-75.967,39.5386],[-75.967,39.5388],[-75.9671,39.5446],[-75.9672,39.548],[-75.9672,39.5486],[-75.9672,39.5501],[-75.9703,39.5576],[-75.9926,39.5631],[-75.9997,39.5605],[-76.0002,39.5597],[-76.0012,39.5581],[-76.0028,39.5557],[-76.0034,39.5548],[-76.0042,39.5536],[-76.0062,39.5505],[-76.0063,39.5505],[-76.0063,39.5504],[-76.0304,39.5488],[-76.0469,39.5477],[-76.0634,39.5466],[-76.0638,39.5466],[-76.0757,39.543],[-76.086,39.559],[-76.1062,39.5806],[-76.1357,39.6131],[-76.1441,39.6177],[-76.2333,39.7213]]]}},{"type":"Feature","id":"24027","properties":{"fips":"24027"},"geometry":{"type":"Polygon","coordinates":[[[-77.1447,39.2947],[-77.1868,39.3382],[-77.1688,39.3535],[-77.1686,39.3537],[-77.1681,39.354],[-76.8823,39.3502],[-76.7638,39.2513],[-76.7395,39.2322],[-76.7238,39.2282],[-76.7052,39.2155],[-76.6971,39.2141],[-76.7192,39.1915],[-76.7226,39.1829],[-76.7406,39.1792],[-76.7637,39.1662],[-76.777,39.1509],[-76.787,39.1288],[-76.8246,39.1172],[-76.8404,39.1031],[-76.8491,39.1091],[-76.869,39.1122],[-76.8885,39.131],[-77.1447,39.2947]]]}},{"type":"Feature","id":"51097","properties":{"fips":"51097"},"geometry":{"type":"Polygon","coordinates":[[[-76.6541,37.6032],[-76.6471,37.4807],[-76.7123,37.4313],[-76.733,37.4502],[-76.742,37.4671],[-76.7474,37.4782],[-76.7517,37.4839],[-76.7645,37.4936],[-76.7813,37.5013],[-76.7895,37.5039],[-76.7915,37.5083],[-76.7922,37.5176],[-76.7777,37.5544],[-76.9156,37.6933],[-77.0333,37.7208],[-77.1814,37.8917],[-77.1486,37.972],[-77.0701,37.9648],[-77.0188,37.8448],[-76.9431,37.7829],[-76.8044,37.7949],[-76.7511,37.7286],[-76.6541,37.6032]]]}},{"type":"Feature","id":"34027","properties":{"fips":"34027"},"geometry":{"type":"Polygon","coordinates":[[[-74.7679,40.9118],[-74.653,40.9216],[-74.536,41.0585],[-74.5049,41.0848],[-74.5029,41.0859],[-74.3346,41.0037],[-74.3152,41.002],[-74.3098,40.9985],[-74.3003,41.0027],[-74.2707,40.8969],[-74.3343,40.9053],[-74.3719,40.7392],[-74.4612,40.6734],[-74.47,40.6679],[-74.4843,40.6661],[-74.4841,40.6634],[-74.5039,40.6596],[-74.5105,40.6503],[-74.5236,40.6497],[-74.5344,40.6673],[-74.5136,40.6973],[-74.5268,40.7109],[-74.5288,40.7281],[-74.549,40.741],[-74.5558,40.758],[-74.7244,40.7195],[-74.8898,40.7878],[-74.7679,40.9118]]]}},{"type":"Feature","id":"34037","properties":{"fips":"34037"},"geometry":{"type":"Polygon","coordinates":[[[-74.9694,41.0961],[-74.9743,41.1039],[-74.9232,41.1381],[-74.8821,41.1808],[-74.8673,41.2088],[-74.8644,41.2249],[-74.8673,41.2289],[-74.8617,41.2416],[-74.8384,41.2773],[-74.8301,41.2872],[-74.7958,41.319],[-74.7617,41.3364],[-74.6949,41.3574],[-74.4576,41.2482],[-74.3921,41.2156],[-74.3657,41.2034],[-74.3659,41.2029],[-74.5029,41.0859],[-74.5049,41.0848],[-74.536,41.0585],[-74.653,40.9216],[-74.7679,40.9118],[-74.7892,40.9313],[-74.9663,41.094],[-74.9674,41.094],[-74.9694,41.0961]]]}},{"type":"Feature","id":"51133","properties":{"fips":"51133"},"geometry":{"type":"Polygon","coordinates":[[[-76.5195,38.0348],[-76.5165,38.0266],[-76.492,38.0172],[-76.4693,38.0135],[-76.4653,38.0102],[-76.4625,37.9986],[-76.4275,37.977],[-76.4163,37.9668],[-76.3914,37.9587],[-76.3602,37.9523],[-76.3438,37.9473],[-76.266,37.9114],[-76.2367,37.8892],[-76.2451,37.8619],[-76.2514,37.8331],[-76.2661,37.8174],[-76.2752,37.8127],[-76.2805,37.8126],[-76.2826,37.8141],[-76.282,37.8181],[-76.2849,37.8223],[-76.2935,37.8227],[-76.3075,37.8124],[-76.3103,37.7948],[-76.3065,37.7886],[-76.3121,37.7505],[-76.3049,37.7299],[-76.3129,37.7203],[-76.3028,37.7045],[-76.3001,37.6954],[-76.3025,37.689],[-76.3121,37.6847],[-76.3152,37.6847],[-76.3202,37.6807],[-76.3767,37.7129],[-76.4187,37.8229],[-76.5078,37.8388],[-76.556,37.9315],[-76.6342,37.9666],[-76.5195,38.0348]]]}},{"type":"Feature","id":"51179","properties":{"fips":"51179"},"geometry":{"type":"Polygon","coordinates":[[[-77.6348,38.4097],[-77.6342,38.4645],[-77.5309,38.5559],[-77.4916,38.5909],[-77.3025,38.5047],[-77.3103,38.4939],[-77.3226,38.4671],[-77.3254,38.4489],[-77.319,38.4178],[-77.3107,38.3977],[-77.3122,38.391],[-77.3148,38.3896],[-77.3173,38.3836],[-77.2961,38.3698],[-77.2881,38.3595],[-77.2883,38.3513],[-77.2862,38.347],[-77.2862,38.347],[-77.3267,38.2451],[-77.3327,38.2458],[-77.3389,38.2521],[-77.3459,38.2522],[-77.3604,38.2424],[-77.3703,38.2466],[-77.3908,38.2456],[-77.4201,38.258],[-77.4471,38.2846],[-77.4557,38.3013],[-77.4671,38.3187],[-77.4751,38.321],[-77.479,38.3167],[-77.4988,38.3254],[-77.5068,38.3259],[-77.5272,38.3207],[-77.5262,38.3095],[-77.5303,38.3092],[-77.6187,38.3678],[-77.6214,38.3887],[-77.6327,38.3926],[-77.6342,38.3984],[-77.6324,38.4074],[-77.6348,38.4097]]]}},{"type":"Feature","id":"51153","properties":{"fips":"51153"},"geometry":{"type":"Polygon","coordinates":[[[-77.5309,38.5559],[-77.5358,38.5616],[-77.5803,38.6277],[-77.6633,38.7529],[-77.7154,38.8322],[-77.6892,38.8892],[-77.6805,38.8932],[-77.6658,38.9159],[-77.6551,38.9426],[-77.5358,38.8475],[-77.4491,38.8031],[-77.3879,38.7482],[-77.3805,38.7225],[-77.2223,38.6381],[-77.2406,38.6389],[-77.2467,38.6352],[-77.2489,38.6286],[-77.2451,38.6207],[-77.2464,38.5995],[-77.247,38.5906],[-77.2644,38.5828],[-77.2653,38.5803],[-77.2608,38.5653],[-77.2766,38.5471],[-77.2763,38.5396],[-77.2835,38.5252],[-77.2911,38.5157],[-77.2958,38.5115],[-77.2988,38.5087],[-77.3008,38.507],[-77.3025,38.5047],[-77.4916,38.5909],[-77.5309,38.5559]],[[-77.4714,38.7282],[-77.4516,38.7383],[-77.4475,38.7611],[-77.4593,38.7726],[-77.4275,38.7534],[-77.4207,38.7622],[-77.4222,38.7689],[-77.4406,38.7826],[-77.4453,38.7707],[-77.4595,38.7784],[-77.4585,38.7874],[-77.4732,38.7882],[-77.4757,38.7812],[-77.4959,38.7706],[-77.5265,38.7325],[-77.5247,38.724],[-77.4714,38.7282]]]}},{"type":"Feature","id":"51610","properties":{"fips":"51610"},"geometry":{"type":"Polygon","coordinates":[[[-77.1503,38.8762],[-77.155,38.8722],[-77.1732,38.8786],[-77.1898,38.8781],[-77.1943,38.8861],[-77.1889,38.8963],[-77.1722,38.8933],[-77.1503,38.8762]]]}},{"type":"Feature","id":"51683","properties":{"fips":"51683"},"geometry":{"type":"Polygon","coordinates":[[[-77.4593,38.7726],[-77.4475,38.7611],[-77.4516,38.7383],[-77.4714,38.7282],[-77.5247,38.724],[-77.5265,38.7325],[-77.4959,38.7706],[-77.4757,38.7812],[-77.4747,38.7814],[-77.4622,38.7745],[-77.4593,38.7726]]]}},{"type":"Feature","id":"51685","properties":{"fips":"51685"},"geometry":{"type":"Polygon","coordinates":[[[-77.4757,38.7812],[-77.4732,38.7882],[-77.4585,38.7874],[-77.4595,38.7784],[-77.4453,38.7707],[-77.4406,38.7826],[-77.4222,38.7689],[-77.4207,38.7622],[-77.4275,38.7534],[-77.4593,38.7726],[-77.4622,38.7745],[-77.4747,38.7814],[-77.4757,38.7812]]]}},{"type":"Feature","id":"42035","properties":{"fips":"42035"},"geometry":{"type":"Polygon","coordinates":[[[-77.9892,41.4748],[-77.5981,41.4786],[-77.5265,41.3585],[-77.3209,41.2189],[-77.1441,41.0688],[-77.1437,41.0458],[-77.1442,41.0443],[-77.5086,40.9629],[-77.6218,41.0912],[-77.7419,41.1076],[-77.7986,41.182],[-77.8927,41.1783],[-77.8982,41.2528],[-78.0382,41.1536],[-78.061,41.1745],[-78.0934,41.2169],[-77.9888,41.3675],[-77.9892,41.4748]]]}},{"type":"Feature","id":"42041","properties":{"fips":"42041"},"geometry":{"type":"Polygon","coordinates":[[[-77.1374,40.0699],[-77.2552,40.0208],[-77.4038,39.9944],[-77.4711,39.9441],[-77.6147,40.1985],[-77.366,40.3136],[-77.4198,40.2641],[-77.2805,40.2759],[-77.2701,40.2787],[-77.2417,40.2828],[-77.2292,40.2837],[-77.0839,40.3012],[-76.915,40.3285],[-76.859,40.2263],[-76.9059,40.1657],[-77.0289,40.1478],[-77.1374,40.0699]]]}},{"type":"Feature","id":"36005","properties":{"fips":"36005"},"geometry":{"type":"MultiPolygon","coordinates":[[[[-73.7734,40.8594],[-73.7706,40.8603],[-73.7663,40.8573],[-73.7651,40.8542],[-73.766,40.845],[-73.7696,40.8447],[-73.773,40.8481],[-73.7737,40.8548],[-73.7734,40.8594]]],[[[-73.786,40.8009],[-73.7934,40.7999],[-73.811,40.8051],[-73.8305,40.8032],[-73.8627,40.7973],[-73.8667,40.7937],[-73.871,40.787],[-73.8849,40.7866],[-73.8899,40.7874],[-73.8906,40.7901],[-73.8922,40.7904],[-73.8998,40.7925],[-73.9125,40.7962],[-73.907,40.8735],[-73.9071,40.8763],[-73.9114,40.8793],[-73.9152,40.8756],[-73.9334,40.8821],[-73.9334,40.8821],[-73.9275,40.8957],[-73.9197,40.9135],[-73.9179,40.9176],[-73.824,40.8899],[-73.8236,40.8899],[-73.8236,40.8904],[-73.8231,40.8906],[-73.8232,40.8912],[-73.8064,40.8868],[-73.8048,40.8865],[-73.7835,40.881],[-73.7848,40.8785],[-73.7855,40.8691],[-73.7888,40.8585],[-73.7881,40.8541],[-73.7848,40.8518],[-73.7822,40.8474],[-73.7821,40.8446],[-73.7823,40.8424],[-73.7812,40.8389],[-73.7826,40.8376],[-73.7839,40.8368],[-73.7854,40.838],[-73.7882,40.842],[-73.791,40.8466],[-73.7895,40.8514],[-73.7923,40.8558],[-73.7938,40.8556],[-73.7973,40.8522],[-73.7995,40.848],[-73.8069,40.8495],[-73.8128,40.8467],[-73.8156,40.8351],[-73.8152,40.8311],[-73.8119,40.8254],[-73.8045,40.8185],[-73.7973,40.8156],[-73.786,40.8009]]]]}},{"type":"Feature","id":"42043","properties":{"fips":"42043"},"geometry":{"type":"Polygon","coordinates":[[[-76.915,40.3285],[-76.9173,40.3327],[-76.9262,40.341],[-76.9285,40.348],[-76.9336,40.356],[-77.0286,40.3912],[-76.9494,40.469],[-76.9919,40.5615],[-76.9837,40.5783],[-76.9574,40.5947],[-76.9494,40.6282],[-76.8909,40.6101],[-76.7016,40.6581],[-76.7016,40.658],[-76.7015,40.658],[-76.7009,40.6577],[-76.6989,40.6565],[-76.6982,40.6561],[-76.6969,40.6553],[-76.6931,40.6531],[-76.6919,40.6523],[-76.6916,40.6521],[-76.6907,40.6516],[-76.6906,40.6514],[-76.6905,40.6514],[-76.6904,40.6514],[-76.6904,40.6513],[-76.6903,40.6513],[-76.6902,40.6512],[-76.6902,40.6512],[-76.6899,40.6511],[-76.6899,40.651],[-76.6878,40.6497],[-76.685,40.6479],[-76.6817,40.6458],[-76.6797,40.6445],[-76.6784,40.6437],[-76.6743,40.6411],[-76.6731,40.6403],[-76.673,40.6403],[-76.673,40.6402],[-76.6729,40.6402],[-76.6728,40.6402],[-76.6715,40.6393],[-76.6688,40.6376],[-76.667,40.6365],[-76.6655,40.6356],[-76.6654,40.6355],[-76.6651,40.6354],[-76.6639,40.6346],[-76.6636,40.6344],[-76.6636,40.6344],[-76.6628,40.6339],[-76.6604,40.6325],[-76.6596,40.632],[-76.6582,40.6311],[-76.6558,40.6296],[-76.6538,40.6284],[-76.6524,40.6275],[-76.6502,40.6262],[-76.6483,40.6251],[-76.6437,40.6223],[-76.6416,40.621],[-76.6415,40.621],[-76.6414,40.6209],[-76.6413,40.6208],[-76.6412,40.6208],[-76.6412,40.6208],[-76.6411,40.6207],[-76.6411,40.6207],[-76.6408,40.6205],[-76.6399,40.6199],[-76.6397,40.6198],[-76.6396,40.6198],[-76.637,40.6182],[-76.6294,40.6134],[-76.6269,40.6118],[-76.6265,40.6116],[-76.6253,40.6108],[-76.6249,40.6106],[-76.6247,40.6104],[-76.6237,40.6098],[-76.6229,40.6093],[-76.62,40.6075],[-76.6187,40.6067],[-76.6184,40.6065],[-76.6172,40.6057],[-76.6168,40.6055],[-76.6168,40.6055],[-76.6167,40.6054],[-76.6165,40.6053],[-76.6154,40.6046],[-76.6151,40.6044],[-76.6146,40.6041],[-76.6145,40.604],[-76.6128,40.6028],[-76.6124,40.6026],[-76.6122,40.6025],[-76.6121,40.6024],[-76.612,40.6024],[-76.612,40.6024],[-76.6096,40.6009],[-76.6093,40.6007],[-76.6079,40.5999],[-76.6013,40.5957],[-76.6001,40.595],[-76.5986,40.5941],[-76.5983,40.5939],[-76.5975,40.5934],[-76.5972,40.5932],[-76.597,40.5931],[-76.5964,40.5927],[-76.5962,40.5926],[-76.5943,40.5913],[-76.5884,40.5876],[-76.5864,40.5863],[-76.5858,40.586],[-76.5845,40.5851],[-76.584,40.5848],[-76.5834,40.5845],[-76.5831,40.5843],[-76.5822,40.5838],[-76.582,40.5836],[-76.5817,40.5834],[-76.5808,40.5829],[-76.5805,40.5827],[-76.5798,40.5823],[-76.5778,40.5811],[-76.5771,40.5807],[-76.5771,40.5807],[-76.5756,40.5798],[-76.5752,40.5796],[-76.5718,40.5775],[-76.571,40.577],[-76.5695,40.5761],[-76.5694,40.5761],[-76.5687,40.5756],[-76.5664,40.5742],[-76.5656,40.5737],[-76.5655,40.5736],[-76.5651,40.5734],[-76.5649,40.5733],[-76.5644,40.573],[-76.5631,40.5721],[-76.5626,40.5719],[-76.5626,40.5719],[-76.5609,40.5708],[-76.5607,40.5707],[-76.5564,40.568],[-76.5551,40.5673],[-76.5533,40.5661],[-76.5523,40.5655],[-76.5494,40.5638],[-76.5485,40.5632],[-76.5481,40.563],[-76.5471,40.5623],[-76.5468,40.5621],[-76.5451,40.5611],[-76.5451,40.5611],[-76.5432,40.5599],[-76.5399,40.5579],[-76.5381,40.5569],[-76.5376,40.5565],[-76.536,40.5555],[-76.5354,40.5552],[-76.678,40.4747],[-76.5663,40.1966],[-76.7216,40.1201],[-76.859,40.2263],[-76.915,40.3285]]]}},{"type":"Feature","id":"42071","properties":{"fips":"42071"},"geometry":{"type":"Polygon","coordinates":[[[-76.0918,40.2777],[-75.8752,40.1381],[-75.8734,40.1371],[-75.943,40.1093],[-75.9851,39.9379],[-75.9916,39.8687],[-76.0667,39.76],[-76.1356,39.7216],[-76.2242,39.7213],[-76.2333,39.7213],[-76.2333,39.7213],[-76.2398,39.7213],[-76.4736,39.9474],[-76.5345,40.0513],[-76.6638,40.0632],[-76.7216,40.1201],[-76.5663,40.1966],[-76.3076,40.2551],[-76.1512,40.316],[-76.1495,40.3145],[-76.0918,40.2777]]]}},{"type":"Feature","id":"42077","properties":{"fips":"42077"},"geometry":{"type":"Polygon","coordinates":[[[-75.6943,40.5511],[-75.738,40.5791],[-75.7394,40.5799],[-75.7667,40.597],[-75.8915,40.6773],[-75.7578,40.7354],[-75.609,40.7874],[-75.4815,40.6557],[-75.4304,40.6742],[-75.4044,40.5812],[-75.3335,40.5371],[-75.3386,40.5341],[-75.3666,40.5154],[-75.3679,40.5146],[-75.4097,40.488],[-75.4841,40.4185],[-75.5297,40.447],[-75.6822,40.5436],[-75.6943,40.5511]]]}},{"type":"Feature","id":"36015","properties":{"fips":"36015"},"geometry":{"type":"Polygon","coordinates":[[[-76.9271,42.0017],[-76.9371,42.0017],[-76.9426,42.0016],[-76.9657,42.0013],[-76.9657,42.0013],[-76.965,42.2785],[-76.7339,42.2937],[-76.6423,42.2337],[-76.6193,42.2829],[-76.5616,42.282],[-76.5383,42.2818],[-76.5576,42.0001],[-76.5581,42.0002],[-76.8159,42.0017],[-76.8351,42.0018],[-76.9208,42.0018],[-76.9219,42.0017],[-76.9271,42.0017]]]}},{"type":"Feature","id":"36025","properties":{"fips":"36025"},"geometry":{"type":"Polygon","coordinates":[[[-75.3596,41.9994],[-75.4218,42.042],[-75.4197,42.1504],[-75.4188,42.1807],[-75.4184,42.1868],[-75.4187,42.188],[-75.4188,42.1881],[-75.4185,42.1895],[-75.4184,42.195],[-75.4153,42.3142],[-75.1972,42.3583],[-74.9749,42.4675],[-74.7116,42.5178],[-74.6189,42.4244],[-74.4435,42.355],[-74.5373,42.2014],[-74.4517,42.1692],[-74.7807,42.0164],[-74.9973,41.9185],[-75.1464,41.8509],[-75.263,41.8851],[-75.2791,41.9389],[-75.2926,41.9539],[-75.3419,41.9933],[-75.3596,41.9994]]]}},{"type":"Feature","id":"24045","properties":{"fips":"24045"},"geometry":{"type":"Polygon","coordinates":[[[-75.9203,38.2644],[-75.9255,38.2667],[-75.9286,38.2973],[-75.8642,38.3508],[-75.8603,38.3539],[-75.8577,38.357],[-75.8572,38.3599],[-75.8577,38.3635],[-75.8595,38.3668],[-75.866,38.3731],[-75.8673,38.3751],[-75.8654,38.3791],[-75.8609,38.3836],[-75.8553,38.3853],[-75.8462,38.3844],[-75.8403,38.3848],[-75.8383,38.3859],[-75.8384,38.3875],[-75.8424,38.3931],[-75.8467,38.3971],[-75.8513,38.4003],[-75.851,38.4045],[-75.8473,38.4173],[-75.8456,38.4219],[-75.8433,38.4227],[-75.8289,38.4234],[-75.825,38.4254],[-75.8213,38.4301],[-75.8198,38.4359],[-75.8213,38.4393],[-75.8266,38.4422],[-75.8331,38.4434],[-75.836,38.4452],[-75.8367,38.4481],[-75.8357,38.4533],[-75.8332,38.4576],[-75.8285,38.4596],[-75.822,38.461],[-75.8167,38.4633],[-75.8149,38.4665],[-75.8158,38.4694],[-75.8187,38.4723],[-75.8229,38.476],[-75.8248,38.4791],[-75.8237,38.481],[-75.8152,38.4888],[-75.8005,38.491],[-75.7947,38.4924],[-75.785,38.5001],[-75.7821,38.5016],[-75.765,38.5065],[-75.7598,38.5101],[-75.756,38.5153],[-75.7536,38.5281],[-75.7497,38.5317],[-75.7465,38.5368],[-75.7406,38.5384],[-75.7378,38.5376],[-75.7298,38.5387],[-75.7245,38.5412],[-75.7188,38.5462],[-75.7119,38.5509],[-75.7073,38.5595],[-75.7016,38.5607],[-75.7015,38.5594],[-75.7002,38.5427],[-75.6988,38.522],[-75.6967,38.4965],[-75.6964,38.4924],[-75.6935,38.4601],[-75.6656,38.4589],[-75.6628,38.4588],[-75.6305,38.4579],[-75.5981,38.4569],[-75.5931,38.4564],[-75.5893,38.4563],[-75.5836,38.4564],[-75.5741,38.456],[-75.5599,38.4556],[-75.5592,38.4556],[-75.5338,38.455],[-75.5227,38.4547],[-75.5213,38.4547],[-75.503,38.4542],[-75.5001,38.4541],[-75.4791,38.4537],[-75.4287,38.4527],[-75.4248,38.4526],[-75.4109,38.4524],[-75.3948,38.4522],[-75.3936,38.4521],[-75.3711,38.4521],[-75.3558,38.452],[-75.3412,38.452],[-75.3412,38.452],[-75.307,38.3548],[-75.3646,38.2904],[-75.6128,38.2786],[-75.7687,38.2852],[-75.8646,38.2383],[-75.8703,38.2434],[-75.8703,38.2434],[-75.8725,38.244],[-75.8747,38.2445],[-75.8829,38.2444],[-75.8834,38.2444],[-75.8852,38.2434],[-75.8868,38.2424],[-75.8874,38.2421],[-75.8885,38.2414],[-75.8894,38.2395],[-75.8857,38.231],[-75.8859,38.2309],[-75.8907,38.228],[-75.8946,38.2284],[-75.8957,38.2286],[-75.8959,38.2287],[-75.8998,38.2319],[-75.9,38.2321],[-75.9007,38.2332],[-75.9014,38.2344],[-75.9059,38.2422],[-75.906,38.2424],[-75.9084,38.2466],[-75.9083,38.252],[-75.9111,38.258],[-75.9173,38.2631],[-75.9194,38.2641],[-75.9203,38.2644]]]}},{"type":"Feature","id":"42107","properties":{"fips":"42107"},"geometry":{"type":"Polygon","coordinates":[[[-75.9962,40.63],[-76.0122,40.5777],[-76.1716,40.5349],[-76.4402,40.496],[-76.5354,40.5552],[-76.536,40.5555],[-76.5376,40.5565],[-76.5381,40.5569],[-76.5399,40.5579],[-76.5432,40.5599],[-76.5451,40.5611],[-76.5451,40.5611],[-76.5468,40.5621],[-76.5471,40.5623],[-76.5481,40.563],[-76.5485,40.5632],[-76.5494,40.5638],[-76.5523,40.5655],[-76.5533,40.5661],[-76.5551,40.5673],[-76.5564,40.568],[-76.5607,40.5707],[-76.5609,40.5708],[-76.5626,40.5719],[-76.5626,40.5719],[-76.5631,40.5721],[-76.5644,40.573],[-76.5649,40.5733],[-76.5651,40.5734],[-76.5655,40.5736],[-76.5656,40.5737],[-76.5664,40.5742],[-76.5687,40.5756],[-76.5694,40.5761],[-76.5695,40.5761],[-76.571,40.577],[-76.5718,40.5775],[-76.5752,40.5796],[-76.5756,40.5798],[-76.5771,40.5807],[-76.5771,40.5807],[-76.5778,40.5811],[-76.5798,40.5823],[-76.5805,40.5827],[-76.5808,40.5829],[-76.5817,40.5834],[-76.582,40.5836],[-76.5822,40.5838],[-76.5831,40.5843],[-76.5834,40.5845],[-76.584,40.5848],[-76.5845,40.5851],[-76.5858,40.586],[-76.5864,40.5863],[-76.5884,40.5876],[-76.5943,40.5913],[-76.5962,40.5926],[-76.5964,40.5927],[-76.597,40.5931],[-76.5972,40.5932],[-76.5975,40.5934],[-76.5983,40.5939],[-76.5986,40.5941],[-76.6001,40.595],[-76.6013,40.5957],[-76.6079,40.5999],[-76.6093,40.6007],[-76.6096,40.6009],[-76.612,40.6024],[-76.612,40.6024],[-76.6121,40.6024],[-76.6122,40.6025],[-76.6124,40.6026],[-76.6128,40.6028],[-76.6145,40.604],[-76.6146,40.6041],[-76.6151,40.6044],[-76.6154,40.6046],[-76.6165,40.6053],[-76.6167,40.6054],[-76.6168,40.6055],[-76.6168,40.6055],[-76.6172,40.6057],[-76.6184,40.6065],[-76.6187,40.6067],[-76.62,40.6075],[-76.6229,40.6093],[-76.6237,40.6098],[-76.6247,40.6104],[-76.6249,40.6106],[-76.6253,40.6108],[-76.6265,40.6116],[-76.6269,40.6118],[-76.6294,40.6134],[-76.637,40.6182],[-76.6396,40.6198],[-76.6397,40.6198],[-76.6399,40.6199],[-76.6408,40.6205],[-76.6411,40.6207],[-76.6411,40.6207],[-76.6412,40.6208],[-76.6412,40.6208],[-76.6413,40.6208],[-76.6414,40.6209],[-76.6415,40.621],[-76.6416,40.621],[-76.6437,40.6223],[-76.6483,40.6251],[-76.6502,40.6262],[-76.6524,40.6275],[-76.6538,40.6284],[-76.6558,40.6296],[-76.6582,40.6311],[-76.6596,40.632],[-76.6604,40.6325],[-76.6628,40.6339],[-76.6636,40.6344],[-76.6636,40.6344],[-76.6639,40.6346],[-76.6651,40.6354],[-76.6654,40.6355],[-76.6655,40.6356],[-76.667,40.6365],[-76.6688,40.6376],[-76.6715,40.6393],[-76.6728,40.6402],[-76.6729,40.6402],[-76.673,40.6402],[-76.673,40.6403],[-76.6731,40.6403],[-76.6743,40.6411],[-76.6784,40.6437],[-76.6797,40.6445],[-76.6817,40.6458],[-76.685,40.6479],[-76.6878,40.6497],[-76.6899,40.651],[-76.6899,40.6511],[-76.6902,40.6512],[-76.6902,40.6512],[-76.6903,40.6513],[-76.6904,40.6513],[-76.6904,40.6514],[-76.6905,40.6514],[-76.6906,40.6514],[-76.6907,40.6516],[-76.6916,40.6521],[-76.6919,40.6523],[-76.6931,40.6531],[-76.6969,40.6553],[-76.6982,40.6561],[-76.6989,40.6565],[-76.7009,40.6577],[-76.7015,40.658],[-76.7016,40.658],[-76.7016,40.6581],[-76.3802,40.7755],[-76.3072,40.8018],[-76.2846,40.8836],[-76.2078,40.9497],[-76.0281,40.902],[-75.9973,40.913],[-75.7578,40.7354],[-75.8915,40.6773],[-75.9932,40.6397],[-75.9962,40.63]]]}},{"type":"Feature","id":"42127","properties":{"fips":"42127"},"geometry":{"type":"Polygon","coordinates":[[[-75.5056,41.2325],[-75.4414,41.2601],[-75.4624,41.6416],[-75.4831,41.9993],[-75.4771,41.9994],[-75.4362,41.9994],[-75.432,41.9994],[-75.3596,41.9994],[-75.3419,41.9933],[-75.2926,41.9539],[-75.2791,41.9389],[-75.263,41.8851],[-75.1464,41.8509],[-75.1402,41.8521],[-75.1144,41.8436],[-75.0908,41.812],[-75.0534,41.7525],[-75.0482,41.632],[-75.0531,41.6186],[-75.0501,41.6069],[-75.3111,41.3314],[-75.3592,41.2392],[-75.5056,41.2325]]]}},{"type":"Feature","id":"36047","properties":{"fips":"36047"},"geometry":{"type":"Polygon","coordinates":[[[-73.8689,40.6952],[-73.866,40.6819],[-73.8557,40.6638],[-73.8605,40.6547],[-73.8499,40.5887],[-73.9386,40.5662],[-73.9446,40.5687],[-73.95,40.5734],[-73.9594,40.5727],[-73.9913,40.5704],[-74.0021,40.5706],[-74.009,40.5728],[-74.012,40.5745],[-74.013,40.5782],[-74.0073,40.5836],[-74.0063,40.5848],[-74.0016,40.5907],[-74.0033,40.5958],[-74.0109,40.6008],[-74.0329,40.6044],[-74.0396,40.6129],[-74.0424,40.6248],[-74.0383,40.6371],[-74.0359,40.6408],[-74.0321,40.6465],[-74.0183,40.659],[-74.0205,40.6788],[-74.0229,40.6813],[-74.0193,40.6795],[-74.0081,40.6866],[-74.0039,40.689],[-73.9946,40.7041],[-73.9698,40.709],[-73.9626,40.7227],[-73.9615,40.7239],[-73.9628,40.7377],[-73.9612,40.7371],[-73.9547,40.7393],[-73.9471,40.7375],[-73.9373,40.7299],[-73.9292,40.7278],[-73.9239,40.7201],[-73.9215,40.709],[-73.9121,40.7034],[-73.9044,40.6957],[-73.8965,40.6824],[-73.8896,40.6842],[-73.874,40.6942],[-73.8689,40.6952]]]}},{"type":"Feature","id":"36061","properties":{"fips":"36061"},"geometry":{"type":"MultiPolygon","coordinates":[[[[-74.0409,40.7001],[-74.04,40.7007],[-74.0394,40.7005],[-74.038,40.699],[-74.0434,40.6897],[-74.0445,40.6884],[-74.0464,40.6892],[-74.0473,40.6905],[-74.0469,40.6911],[-74.0409,40.7001]]],[[[-73.9628,40.7377],[-73.9615,40.7239],[-73.9626,40.7227],[-73.9698,40.709],[-73.9946,40.7041],[-74.0039,40.689],[-74.0081,40.6866],[-74.0193,40.6795],[-74.0229,40.6813],[-74.024,40.6824],[-74.0248,40.687],[-74.0217,40.6935],[-74.0185,40.6955],[-74.0168,40.7018],[-74.0195,40.707],[-74.0245,40.7094],[-74.0138,40.7566],[-74.0092,40.7636],[-74.0009,40.7765],[-73.993,40.7887],[-73.9869,40.7983],[-73.9483,40.8584],[-73.9381,40.8747],[-73.9334,40.8821],[-73.9152,40.8756],[-73.9114,40.8793],[-73.9071,40.8763],[-73.907,40.8735],[-73.9125,40.7962],[-73.9106,40.791],[-73.9163,40.7866],[-73.928,40.7768],[-73.9351,40.7792],[-73.9384,40.7746],[-73.9381,40.7726],[-73.9352,40.7717],[-73.9365,40.7698],[-73.9408,40.7674],[-73.944,40.7644],[-73.9549,40.7515],[-73.9583,40.7457],[-73.9615,40.7431],[-73.9628,40.7377]]]]}},{"type":"Feature","id":"36079","properties":{"fips":"36079"},"geometry":{"type":"Polygon","coordinates":[[[-73.9826,41.3217],[-73.9814,41.3247],[-73.9815,41.4389],[-73.9338,41.4883],[-73.5301,41.5272],[-73.534,41.4797],[-73.5341,41.479],[-73.5341,41.4781],[-73.5343,41.4769],[-73.5343,41.4764],[-73.5344,41.4759],[-73.5358,41.4572],[-73.5359,41.4557],[-73.5359,41.4552],[-73.536,41.4531],[-73.5361,41.4513],[-73.537,41.4411],[-73.5375,41.4359],[-73.5377,41.4339],[-73.5436,41.3768],[-73.5447,41.3664],[-73.9826,41.3217]]]}},{"type":"Feature","id":"24005","properties":{"fips":"24005"},"geometry":{"type":"Polygon","coordinates":[[[-76.7119,39.7211],[-76.5695,39.7212],[-76.5406,39.5722],[-76.5361,39.5618],[-76.5324,39.5616],[-76.5311,39.5554],[-76.5341,39.5546],[-76.531,39.5438],[-76.437,39.502],[-76.3776,39.4243],[-76.376,39.4238],[-76.374,39.4223],[-76.3735,39.4214],[-76.3702,39.4134],[-76.3722,39.4056],[-76.3611,39.4003],[-76.3593,39.394],[-76.3588,39.3903],[-76.3578,39.3898],[-76.3237,39.3744],[-76.33,39.3561],[-76.3414,39.3542],[-76.3399,39.3502],[-76.3354,39.3379],[-76.3344,39.3352],[-76.334,39.3342],[-76.3339,39.3339],[-76.3389,39.3258],[-76.3396,39.3247],[-76.3338,39.3196],[-76.3276,39.3141],[-76.3379,39.3058],[-76.3398,39.3042],[-76.3414,39.3029],[-76.3532,39.3107],[-76.3548,39.3117],[-76.3555,39.3122],[-76.3644,39.3118],[-76.3655,39.311],[-76.3807,39.2992],[-76.3807,39.2988],[-76.383,39.2862],[-76.3833,39.2845],[-76.3839,39.2815],[-76.3849,39.2759],[-76.3852,39.2758],[-76.3951,39.2693],[-76.3953,39.269],[-76.4001,39.2618],[-76.4002,39.2616],[-76.4011,39.2602],[-76.402,39.2588],[-76.4024,39.2583],[-76.4019,39.2581],[-76.3869,39.2492],[-76.3814,39.2495],[-76.3824,39.2473],[-76.3844,39.2427],[-76.3847,39.2422],[-76.3894,39.2354],[-76.3896,39.2353],[-76.3936,39.232],[-76.3944,39.2314],[-76.3983,39.2295],[-76.3991,39.229],[-76.4176,39.2198],[-76.4177,39.2198],[-76.4183,39.2187],[-76.4192,39.217],[-76.4253,39.2057],[-76.4254,39.2056],[-76.4414,39.196],[-76.4425,39.1954],[-76.4476,39.198],[-76.4616,39.2049],[-76.4627,39.2055],[-76.4635,39.2059],[-76.4711,39.2055],[-76.4801,39.2051],[-76.4822,39.2044],[-76.4855,39.2033],[-76.4864,39.203],[-76.4889,39.2022],[-76.4895,39.2024],[-76.4898,39.2025],[-76.4908,39.2027],[-76.498,39.2047],[-76.4984,39.2048],[-76.5001,39.2078],[-76.5008,39.2091],[-76.501,39.2094],[-76.5198,39.2229],[-76.5206,39.2235],[-76.5209,39.2232],[-76.5286,39.2175],[-76.5295,39.2184],[-76.5296,39.2723],[-76.5298,39.2731],[-76.5298,39.2819],[-76.5299,39.2831],[-76.5297,39.2842],[-76.5296,39.2849],[-76.5297,39.2882],[-76.5296,39.2893],[-76.5295,39.2902],[-76.5297,39.291],[-76.5297,39.2919],[-76.5298,39.2928],[-76.5295,39.2972],[-76.5296,39.2982],[-76.5298,39.2987],[-76.5296,39.3029],[-76.5297,39.3047],[-76.5297,39.3055],[-76.5297,39.306],[-76.5297,39.3065],[-76.5297,39.3077],[-76.5298,39.3085],[-76.5298,39.3104],[-76.5298,39.3566],[-76.5298,39.3721],[-76.6098,39.3722],[-76.7113,39.3719],[-76.7112,39.3628],[-76.7113,39.3612],[-76.7112,39.3544],[-76.7111,39.2779],[-76.6887,39.2682],[-76.686,39.2669],[-76.6852,39.2667],[-76.6816,39.265],[-76.6788,39.264],[-76.6734,39.2613],[-76.6673,39.2589],[-76.6656,39.258],[-76.6534,39.2527],[-76.6515,39.252],[-76.6473,39.2501],[-76.6442,39.2489],[-76.6394,39.2466],[-76.6373,39.2456],[-76.6326,39.2434],[-76.6311,39.2429],[-76.6186,39.2374],[-76.6307,39.2242],[-76.6394,39.224],[-76.6472,39.229],[-76.6617,39.2311],[-76.6687,39.229],[-76.6802,39.2202],[-76.6877,39.2213],[-76.6967,39.2174],[-76.6971,39.2141],[-76.7052,39.2155],[-76.7238,39.2282],[-76.7395,39.2322],[-76.7638,39.2513],[-76.8823,39.3502],[-76.8797,39.3568],[-76.8734,39.3572],[-76.8807,39.3605],[-76.8798,39.3659],[-76.8684,39.4941],[-76.8667,39.5009],[-76.7871,39.7208],[-76.7156,39.7211],[-76.7119,39.7211]]]}},{"type":"Feature","id":"24025","properties":{"fips":"24025"},"geometry":{"type":"Polygon","coordinates":[[[-76.5695,39.7212],[-76.5694,39.7212],[-76.5171,39.7213],[-76.4919,39.7213],[-76.4188,39.7212],[-76.4187,39.7213],[-76.3956,39.7212],[-76.3806,39.7213],[-76.3801,39.7213],[-76.2398,39.7213],[-76.2333,39.7213],[-76.2333,39.7213],[-76.1441,39.6177],[-76.1357,39.6131],[-76.1062,39.5806],[-76.086,39.559],[-76.0757,39.543],[-76.0961,39.5369],[-76.103,39.5236],[-76.1056,39.5186],[-76.1057,39.5184],[-76.1062,39.5174],[-76.1071,39.5156],[-76.1116,39.507],[-76.1168,39.4969],[-76.1173,39.4961],[-76.1146,39.4886],[-76.1139,39.4867],[-76.1088,39.4823],[-76.1047,39.4788],[-76.1002,39.4769],[-76.0995,39.4766],[-76.0983,39.4761],[-76.0833,39.4779],[-76.0831,39.4778],[-76.0816,39.4774],[-76.0731,39.4753],[-76.0723,39.4751],[-76.072,39.475],[-76.0718,39.4748],[-76.0698,39.4706],[-76.0639,39.4583],[-76.0623,39.455],[-76.0609,39.4522],[-76.0609,39.4512],[-76.061,39.4478],[-76.061,39.4477],[-76.0812,39.4367],[-76.0814,39.4369],[-76.0833,39.4383],[-76.0834,39.4383],[-76.0936,39.4369],[-76.1022,39.4357],[-76.1128,39.4299],[-76.1151,39.4286],[-76.1168,39.4276],[-76.1172,39.4272],[-76.121,39.4224],[-76.1218,39.4214],[-76.1219,39.4212],[-76.1321,39.4146],[-76.1422,39.408],[-76.1464,39.4053],[-76.147,39.4054],[-76.1502,39.4056],[-76.1505,39.4056],[-76.1509,39.4057],[-76.1519,39.4058],[-76.1521,39.4058],[-76.1524,39.4058],[-76.1571,39.4062],[-76.1586,39.4063],[-76.1588,39.4063],[-76.1594,39.4057],[-76.1711,39.3926],[-76.1715,39.3922],[-76.1717,39.3917],[-76.1751,39.386],[-76.1756,39.3852],[-76.1759,39.3846],[-76.1801,39.3776],[-76.1801,39.3776],[-76.1994,39.3662],[-76.2023,39.3645],[-76.227,39.3499],[-76.2276,39.3501],[-76.2296,39.3507],[-76.2338,39.352],[-76.2347,39.3535],[-76.2348,39.3535],[-76.2358,39.3551],[-76.2365,39.3562],[-76.2379,39.3584],[-76.2399,39.3614],[-76.2413,39.3616],[-76.2434,39.3618],[-76.2444,39.3617],[-76.245,39.3617],[-76.2453,39.3617],[-76.2501,39.3613],[-76.2505,39.3611],[-76.2664,39.3534],[-76.2653,39.35],[-76.263,39.3486],[-76.2584,39.3458],[-76.2583,39.3457],[-76.2539,39.3368],[-76.262,39.3347],[-76.2625,39.3346],[-76.2631,39.3344],[-76.2636,39.3343],[-76.2636,39.3343],[-76.2656,39.3325],[-76.2658,39.3323],[-76.2661,39.332],[-76.2663,39.3319],[-76.2664,39.3317],[-76.2727,39.326],[-76.2761,39.3229],[-76.2778,39.3187],[-76.2779,39.3186],[-76.2782,39.3177],[-76.2784,39.3174],[-76.2785,39.3171],[-76.2806,39.312],[-76.2808,39.3116],[-76.2811,39.3079],[-76.2814,39.3045],[-76.2814,39.3039],[-76.2816,39.3024],[-76.2816,39.3021],[-76.2817,39.3021],[-76.2965,39.3024],[-76.2979,39.3024],[-76.2911,39.3181],[-76.2988,39.3292],[-76.2988,39.334],[-76.2988,39.3393],[-76.2988,39.3402],[-76.2976,39.3422],[-76.2956,39.3456],[-76.295,39.3466],[-76.2957,39.35],[-76.3018,39.3522],[-76.3106,39.3554],[-76.3108,39.3555],[-76.3114,39.3557],[-76.3117,39.3558],[-76.3126,39.3559],[-76.3129,39.3559],[-76.3144,39.3561],[-76.3227,39.3571],[-76.3237,39.3572],[-76.33,39.3561],[-76.3237,39.3744],[-76.3578,39.3898],[-76.3588,39.3903],[-76.3593,39.394],[-76.3611,39.4003],[-76.3722,39.4056],[-76.3702,39.4134],[-76.3735,39.4214],[-76.374,39.4223],[-76.376,39.4238],[-76.3776,39.4243],[-76.437,39.502],[-76.531,39.5438],[-76.5341,39.5546],[-76.5311,39.5554],[-76.5324,39.5616],[-76.5361,39.5618],[-76.5406,39.5722],[-76.5695,39.7212]]]}},{"type":"Feature","id":"34001","properties":{"fips":"34001"},"geometry":{"type":"Polygon","coordinates":[[[-74.8772,39.6083],[-74.8011,39.6741],[-74.7363,39.7299],[-74.622,39.6266],[-74.4796,39.556],[-74.4174,39.5573],[-74.3125,39.4999],[-74.3137,39.4939],[-74.3083,39.4839],[-74.3048,39.4829],[-74.3022,39.4789],[-74.3043,39.4714],[-74.3348,39.432],[-74.367,39.402],[-74.4067,39.3775],[-74.4068,39.3739],[-74.4082,39.3651],[-74.4127,39.3608],[-74.4599,39.345],[-74.5218,39.3138],[-74.5414,39.3002],[-74.6997,39.2896],[-74.8611,39.3238],[-74.8559,39.4246],[-74.9852,39.5148],[-74.9116,39.5786],[-74.8772,39.6083]]]}},{"type":"Feature","id":"34005","properties":{"fips":"34005"},"geometry":{"type":"Polygon","coordinates":[[[-74.9002,40.0771],[-74.838,40.1009],[-74.7406,40.1352],[-74.7243,40.147],[-74.7242,40.1473],[-74.5948,40.1379],[-74.594,40.1375],[-74.5934,40.1379],[-74.5927,40.1378],[-74.5925,40.1385],[-74.5918,40.138],[-74.5912,40.1379],[-74.59,40.1389],[-74.5896,40.1387],[-74.5896,40.1382],[-74.5893,40.1381],[-74.5878,40.1382],[-74.5531,40.0791],[-74.5288,40.037],[-74.4347,39.8548],[-74.3899,39.7734],[-74.3904,39.596],[-74.4174,39.5573],[-74.4796,39.556],[-74.622,39.6266],[-74.7363,39.7299],[-74.7581,39.7437],[-74.7729,39.7509],[-74.7915,39.7721],[-74.8125,39.7853],[-74.8452,39.79],[-74.8765,39.7816],[-74.8891,39.7818],[-74.9025,39.7908],[-74.9033,39.7912],[-74.9269,39.8738],[-74.9322,39.8875],[-74.9518,39.9015],[-74.9641,39.9207],[-74.9837,39.9269],[-74.9845,39.9312],[-74.9749,39.9384],[-74.9889,39.941],[-74.9944,39.9393],[-75.015,39.9465],[-75.0135,39.9542],[-75.0131,39.9564],[-75.0175,39.9591],[-75.0167,39.9606],[-75.0175,39.9635],[-75.0187,39.9637],[-75.0192,39.9675],[-75.0101,39.9798],[-75.0355,39.996],[-75.056,39.9918],[-75.0143,40.021],[-74.9747,40.0487],[-74.9743,40.0489],[-74.9002,40.0771]]]}},{"type":"Feature","id":"34011","properties":{"fips":"34011"},"geometry":{"type":"Polygon","coordinates":[[[-75.4073,39.382],[-75.3682,39.4565],[-75.2395,39.5592],[-75.0842,39.458],[-75.062,39.5686],[-74.9852,39.5148],[-74.8559,39.4246],[-74.8611,39.3238],[-74.9149,39.1776],[-74.9624,39.1902],[-74.9763,39.1923],[-74.998,39.1913],[-75.0262,39.1936],[-75.0289,39.1946],[-75.0278,39.1995],[-75.0236,39.2026],[-75.0234,39.2048],[-75.0264,39.2099],[-75.0357,39.2154],[-75.0417,39.2155],[-75.0478,39.2117],[-75.0523,39.2136],[-75.0625,39.2136],[-75.0864,39.2082],[-75.101,39.2117],[-75.1073,39.2114],[-75.1147,39.2076],[-75.1271,39.1898],[-75.1365,39.1794],[-75.1391,39.18],[-75.166,39.2018],[-75.1648,39.2166],[-75.1704,39.2346],[-75.1775,39.2427],[-75.2059,39.2626],[-75.2125,39.2628],[-75.2416,39.2741],[-75.2441,39.2777],[-75.2429,39.2806],[-75.2444,39.2857],[-75.2518,39.2999],[-75.2716,39.304],[-75.2826,39.2991],[-75.2853,39.2922],[-75.2889,39.2896],[-75.306,39.3017],[-75.3152,39.3106],[-75.3268,39.3325],[-75.3275,39.3393],[-75.3337,39.3453],[-75.342,39.3487],[-75.3556,39.3478],[-75.365,39.3414],[-75.39,39.3583],[-75.3943,39.3638],[-75.3952,39.3714],[-75.3993,39.3795],[-75.4073,39.382]]]}},{"type":"Feature","id":"36085","properties":{"fips":"36085"},"geometry":{"type":"Polygon","coordinates":[[[-74.1444,40.5352],[-74.1487,40.5345],[-74.1609,40.5268],[-74.178,40.5196],[-74.1822,40.5206],[-74.1999,40.5117],[-74.2105,40.5094],[-74.2198,40.5026],[-74.2332,40.5013],[-74.2467,40.4961],[-74.2502,40.4967],[-74.2546,40.5023],[-74.2561,40.5079],[-74.2527,40.5139],[-74.2429,40.5209],[-74.2417,40.5313],[-74.2478,40.5434],[-74.229,40.555],[-74.217,40.555],[-74.2109,40.5609],[-74.2041,40.5893],[-74.1968,40.597],[-74.1954,40.6018],[-74.1961,40.6162],[-74.201,40.6169],[-74.2018,40.6195],[-74.2006,40.6314],[-74.1894,40.6421],[-74.1802,40.6455],[-74.1741,40.6451],[-74.1702,40.6422],[-74.153,40.6389],[-74.1202,40.6422],[-74.0865,40.6486],[-74.0759,40.6481],[-74.0697,40.6412],[-74.0676,40.6239],[-74.0603,40.612],[-74.0531,40.6037],[-74.0592,40.5935],[-74.0682,40.5841],[-74.0908,40.5665],[-74.1115,40.5469],[-74.1126,40.5476],[-74.1217,40.5427],[-74.1372,40.5301],[-74.1402,40.5337],[-74.1444,40.5352]]]}},{"type":"Feature","id":"36105","properties":{"fips":"36105"},"geometry":{"type":"Polygon","coordinates":[[[-75.0501,41.6069],[-75.0531,41.6186],[-75.0482,41.632],[-75.0534,41.7525],[-75.0908,41.812],[-75.1144,41.8436],[-75.1402,41.8521],[-75.1464,41.8509],[-74.9973,41.9185],[-74.7807,42.0164],[-74.4537,41.8756],[-74.5751,41.7453],[-74.3951,41.6449],[-74.3671,41.591],[-74.4756,41.5043],[-74.7524,41.4937],[-74.7559,41.4268],[-74.7992,41.4305],[-74.8767,41.4403],[-74.8919,41.4489],[-74.9125,41.4756],[-74.9398,41.4834],[-74.9842,41.5063],[-75.0405,41.5697],[-75.0501,41.6069]]]}},{"type":"Feature","id":"36111","properties":{"fips":"36111"},"geometry":{"type":"Polygon","coordinates":[[[-73.9425,41.6841],[-73.9474,41.6675],[-73.9533,41.59],[-74.1264,41.5825],[-74.2641,41.6327],[-74.3671,41.591],[-74.3951,41.6449],[-74.5751,41.7453],[-74.4537,41.8756],[-74.7807,42.0164],[-74.4517,42.1692],[-74.3076,42.1143],[-74.0748,42.0966],[-74.0424,42.1704],[-73.9107,42.1273],[-73.9215,42.11],[-73.9296,42.0788],[-73.9622,41.901],[-73.9411,41.736],[-73.9411,41.7327],[-73.9444,41.7146],[-73.9467,41.6994],[-73.9458,41.6956],[-73.9435,41.6903],[-73.9425,41.6841]]]}},{"type":"Feature","id":"36119","properties":{"fips":"36119"},"geometry":{"type":"MultiPolygon","coordinates":[[[[-73.7672,40.8863],[-73.7671,40.8854],[-73.7671,40.8848],[-73.7671,40.8835],[-73.7663,40.8811],[-73.767,40.8801],[-73.7709,40.8793],[-73.7753,40.8822],[-73.7752,40.8842],[-73.7728,40.8846],[-73.7723,40.8875],[-73.7706,40.8884],[-73.7683,40.8876],[-73.7673,40.8869],[-73.7672,40.8863]]],[[[-73.5146,41.1984],[-73.6144,41.153],[-73.6322,41.1449],[-73.6397,41.1415],[-73.7278,41.1007],[-73.6943,41.0593],[-73.6872,41.0507],[-73.68,41.0418],[-73.6705,41.0301],[-73.6554,41.0128],[-73.6547,41.0117],[-73.6573,40.9852],[-73.656,40.9796],[-73.66,40.9684],[-73.6621,40.9662],[-73.6645,40.9672],[-73.6781,40.9628],[-73.6833,40.949],[-73.6865,40.9452],[-73.698,40.9396],[-73.7217,40.932],[-73.7318,40.925],[-73.7568,40.9126],[-73.7813,40.8854],[-73.7835,40.881],[-73.8048,40.8865],[-73.8064,40.8868],[-73.8232,40.8912],[-73.8231,40.8906],[-73.8236,40.8904],[-73.8236,40.8899],[-73.824,40.8899],[-73.9179,40.9176],[-73.894,40.9972],[-73.8894,41.0376],[-73.8947,41.0699],[-73.8949,41.0824],[-73.8872,41.1331],[-73.8954,41.154],[-73.9093,41.1644],[-73.9315,41.205],[-73.948,41.2231],[-73.9826,41.3217],[-73.5447,41.3664],[-73.551,41.2954],[-73.4827,41.2128],[-73.5095,41.2008],[-73.5146,41.1984]]]]}},{"type":"Feature","id":"24510","properties":{"fips":"24510"},"geometry":{"type":"Polygon","coordinates":[[[-76.6186,39.2374],[-76.6311,39.2429],[-76.6326,39.2434],[-76.6373,39.2456],[-76.6394,39.2466],[-76.6442,39.2489],[-76.6473,39.2501],[-76.6515,39.252],[-76.6534,39.2527],[-76.6656,39.258],[-76.6673,39.2589],[-76.6734,39.2613],[-76.6788,39.264],[-76.6816,39.265],[-76.6852,39.2667],[-76.686,39.2669],[-76.6887,39.2682],[-76.7111,39.2779],[-76.7112,39.3544],[-76.7113,39.3612],[-76.7112,39.3628],[-76.7113,39.3719],[-76.6098,39.3722],[-76.5298,39.3721],[-76.5298,39.3566],[-76.5298,39.3104],[-76.5298,39.3085],[-76.5297,39.3077],[-76.5297,39.3065],[-76.5297,39.306],[-76.5297,39.3055],[-76.5297,39.3047],[-76.5296,39.3029],[-76.5298,39.2987],[-76.5296,39.2982],[-76.5295,39.2972],[-76.5298,39.2928],[-76.5297,39.2919],[-76.5297,39.291],[-76.5295,39.2902],[-76.5296,39.2893],[-76.5297,39.2882],[-76.5296,39.2849],[-76.5297,39.2842],[-76.5299,39.2831],[-76.5298,39.2819],[-76.5298,39.2731],[-76.5296,39.2723],[-76.5295,39.2184],[-76.5286,39.2175],[-76.5296,39.2167],[-76.5343,39.2132],[-76.535,39.2123],[-76.5359,39.211],[-76.5331,39.2076],[-76.5501,39.1972],[-76.5824,39.2072],[-76.6117,39.2344],[-76.6186,39.2374]]]}},{"type":"Feature","id":"34023","properties":{"fips":"34023"},"geometry":{"type":"Polygon","coordinates":[[[-74.4905,40.523],[-74.4954,40.5294],[-74.4994,40.532],[-74.5033,40.5341],[-74.5127,40.5405],[-74.5146,40.5427],[-74.5158,40.545],[-74.4634,40.5992],[-74.4568,40.5955],[-74.4373,40.5972],[-74.4247,40.5985],[-74.4161,40.5989],[-74.3999,40.6006],[-74.3946,40.6009],[-74.3728,40.6023],[-74.3034,40.6089],[-74.2914,40.5919],[-74.2581,40.6023],[-74.2558,40.6022],[-74.2538,40.601],[-74.2478,40.6001],[-74.2317,40.5989],[-74.2151,40.6041],[-74.2067,40.5946],[-74.209,40.5763],[-74.2148,40.5606],[-74.2182,40.5572],[-74.2316,40.5592],[-74.2486,40.5496],[-74.2514,40.5423],[-74.2462,40.521],[-74.2683,40.4992],[-74.27,40.495],[-74.2727,40.4884],[-74.2676,40.4718],[-74.2619,40.4647],[-74.2367,40.4578],[-74.225,40.4533],[-74.3607,40.3184],[-74.3786,40.3041],[-74.3811,40.3015],[-74.3941,40.2885],[-74.3935,40.2796],[-74.4081,40.2738],[-74.4608,40.2514],[-74.4843,40.2533],[-74.5726,40.3011],[-74.6196,40.3744],[-74.4943,40.4698],[-74.4932,40.4708],[-74.4895,40.4744],[-74.4599,40.491],[-74.4905,40.523]]]}},{"type":"Feature","id":"42091","properties":{"fips":"42091"},"geometry":{"type":"Polygon","coordinates":[[[-75.3611,40.0655],[-75.5259,40.1486],[-75.5492,40.1895],[-75.5571,40.2072],[-75.5629,40.1974],[-75.5733,40.1953],[-75.5927,40.2255],[-75.6968,40.2419],[-75.696,40.2424],[-75.5297,40.447],[-75.4841,40.4185],[-75.2998,40.3078],[-75.1069,40.1923],[-75.1049,40.1911],[-75.0151,40.138],[-75.0967,40.069],[-75.0874,40.0636],[-75.1094,40.0458],[-75.1249,40.0547],[-75.129,40.0571],[-75.1352,40.061],[-75.1516,40.0703],[-75.1764,40.0846],[-75.2644,40.0541],[-75.2492,39.9905],[-75.2561,39.9873],[-75.2637,39.9827],[-75.2765,39.977],[-75.3495,40.0529],[-75.3565,40.0628],[-75.3611,40.0655]]]}},{"type":"Feature","id":"42097","properties":{"fips":"42097"},"geometry":{"type":"Polygon","coordinates":[[[-76.8961,41.1391],[-76.8881,41.1538],[-76.881,41.158],[-76.7887,41.1758],[-76.7327,41.172],[-76.7929,40.9466],[-76.6613,40.968],[-76.557,40.9386],[-76.528,40.8825],[-76.5013,40.8248],[-76.4097,40.8336],[-76.3802,40.7755],[-76.7016,40.6581],[-76.8909,40.6101],[-76.9494,40.6282],[-76.9474,40.6295],[-76.9397,40.6384],[-76.8554,40.7288],[-76.8555,40.7371],[-76.856,40.7379],[-76.857,40.746],[-76.8567,40.7473],[-76.8575,40.7496],[-76.8564,40.7558],[-76.8572,40.7594],[-76.8577,40.7644],[-76.8575,40.766],[-76.8584,40.7695],[-76.8593,40.777],[-76.8585,40.7794],[-76.8587,40.7815],[-76.8563,40.7897],[-76.8561,40.7912],[-76.8522,40.8008],[-76.8489,40.806],[-76.8497,40.8082],[-76.8493,40.8098],[-76.8454,40.8152],[-76.8406,40.8213],[-76.8363,40.8258],[-76.8297,40.831],[-76.8256,40.8355],[-76.8209,40.8399],[-76.8175,40.8438],[-76.8127,40.8475],[-76.8122,40.8503],[-76.8112,40.8517],[-76.8084,40.8574],[-76.8062,40.8625],[-76.8016,40.8706],[-76.7995,40.8747],[-76.7989,40.8769],[-76.7987,40.8784],[-76.8002,40.882],[-76.8823,40.9713],[-76.8961,41.1391]]]}},{"type":"Feature","id":"42103","properties":{"fips":"42103"},"geometry":{"type":"Polygon","coordinates":[[[-74.9668,41.0934],[-74.9684,41.0878],[-74.9807,41.0782],[-75.1565,41.1503],[-75.1297,41.2521],[-75.3592,41.2392],[-75.3111,41.3314],[-75.0501,41.6069],[-75.0405,41.5697],[-74.9842,41.5063],[-74.9398,41.4834],[-74.9125,41.4756],[-74.8919,41.4489],[-74.8767,41.4403],[-74.7992,41.4305],[-74.7559,41.4268],[-74.7526,41.4265],[-74.6911,41.3673],[-74.6898,41.3616],[-74.6949,41.3574],[-74.7617,41.3364],[-74.7958,41.319],[-74.8301,41.2872],[-74.8384,41.2773],[-74.8617,41.2416],[-74.8673,41.2289],[-74.8644,41.2249],[-74.8673,41.2088],[-74.8821,41.1808],[-74.9232,41.1381],[-74.9743,41.1039],[-74.9694,41.0961],[-74.9674,41.094],[-74.9668,41.0934]]]}},{"type":"Feature","id":"34025","properties":{"fips":"34025"},"geometry":{"type":"Polygon","coordinates":[[[-74.4081,40.2738],[-74.3935,40.2796],[-74.3941,40.2885],[-74.3811,40.3015],[-74.3786,40.3041],[-74.3607,40.3184],[-74.225,40.4533],[-74.224,40.4529],[-74.223,40.4525],[-74.2098,40.4474],[-74.2062,40.4407],[-74.2064,40.4388],[-74.2087,40.4375],[-74.2072,40.4354],[-74.2021,40.4389],[-74.1939,40.441],[-74.1913,40.443],[-74.1878,40.4474],[-74.1748,40.4556],[-74.1749,40.4545],[-74.1751,40.4491],[-74.1768,40.4477],[-74.1753,40.4466],[-74.17,40.4506],[-74.167,40.4487],[-74.1662,40.4471],[-74.164,40.4483],[-74.1633,40.4484],[-74.1578,40.4466],[-74.1536,40.4476],[-74.1527,40.4473],[-74.152,40.4481],[-74.1429,40.4504],[-74.1399,40.4534],[-74.1384,40.4545],[-74.1358,40.4552],[-74.1337,40.4547],[-74.1311,40.4532],[-74.1275,40.4511],[-74.1247,40.4496],[-74.1223,40.4483],[-74.1169,40.4461],[-74.0881,40.4384],[-74.0762,40.4337],[-74.059,40.4227],[-74.0479,40.4189],[-74.0064,40.4111],[-73.9985,40.4109],[-73.9955,40.4195],[-73.9917,40.4429],[-74.0061,40.4646],[-74.0178,40.4722],[-74.0179,40.4743],[-74.014,40.4765],[-74.0071,40.4753],[-73.9957,40.4687],[-73.9783,40.4402],[-73.977,40.4085],[-73.9714,40.3717],[-73.9714,40.348],[-73.9774,40.2994],[-73.9817,40.2794],[-73.9933,40.2377],[-74.016,40.1669],[-74.0302,40.1228],[-74.0341,40.1031],[-74.0319,40.101],[-74.108,40.1369],[-74.2244,40.109],[-74.2638,40.1683],[-74.4068,40.1724],[-74.5531,40.0791],[-74.5878,40.1382],[-74.4843,40.2533],[-74.4608,40.2514],[-74.4081,40.2738]]]}},{"type":"Feature","id":"34039","properties":{"fips":"34039"},"geometry":{"type":"Polygon","coordinates":[[[-74.2067,40.5946],[-74.2151,40.6041],[-74.2317,40.5989],[-74.2478,40.6001],[-74.2538,40.601],[-74.2558,40.6022],[-74.2581,40.6023],[-74.2914,40.5919],[-74.3034,40.6089],[-74.3728,40.6023],[-74.3946,40.6009],[-74.3999,40.6006],[-74.4161,40.5989],[-74.4247,40.5985],[-74.4373,40.5972],[-74.4568,40.5955],[-74.4634,40.5992],[-74.438,40.6099],[-74.417,40.6281],[-74.4083,40.6442],[-74.4612,40.6734],[-74.3719,40.7392],[-74.3549,40.7345],[-74.3427,40.7252],[-74.3256,40.7171],[-74.3214,40.7191],[-74.319,40.7192],[-74.316,40.7192],[-74.3153,40.7186],[-74.3138,40.718],[-74.3128,40.7171],[-74.3117,40.7156],[-74.3098,40.7155],[-74.3094,40.7149],[-74.3088,40.7145],[-74.3076,40.7142],[-74.307,40.714],[-74.3054,40.7137],[-74.3037,40.7133],[-74.3027,40.7136],[-74.3021,40.7133],[-74.3012,40.7135],[-74.2859,40.7222],[-74.2225,40.7072],[-74.2016,40.6866],[-74.1367,40.6744],[-74.153,40.6548],[-74.1603,40.6459],[-74.1614,40.6441],[-74.1811,40.6465],[-74.186,40.6461],[-74.1891,40.6438],[-74.2022,40.6311],[-74.2067,40.5946]]]}},{"type":"Feature","id":"10001","properties":{"fips":"10001"},"geometry":{"type":"Polygon","coordinates":[[[-75.7477,39.1433],[-75.756,39.246],[-75.756,39.2461],[-75.7601,39.2968],[-75.5843,39.3087],[-75.5124,39.3657],[-75.5118,39.3652],[-75.5053,39.3592],[-75.4942,39.3546],[-75.4918,39.3518],[-75.4941,39.3466],[-75.4931,39.3455],[-75.4917,39.344],[-75.4904,39.3428],[-75.4798,39.3375],[-75.48,39.3366],[-75.4693,39.3308],[-75.4604,39.3282],[-75.439,39.3134],[-75.4369,39.3094],[-75.4356,39.2975],[-75.4354,39.2967],[-75.428,39.285],[-75.4084,39.2647],[-75.403,39.2546],[-75.4048,39.2459],[-75.4059,39.2436],[-75.4057,39.2238],[-75.4047,39.2227],[-75.3969,39.2161],[-75.393,39.2045],[-75.3948,39.1884],[-75.3986,39.1866],[-75.4001,39.1865],[-75.4083,39.1746],[-75.4106,39.1562],[-75.4012,39.0888],[-75.402,39.0669],[-75.4003,39.0656],[-75.3958,39.0592],[-75.3963,39.0579],[-75.3879,39.0512],[-75.3799,39.0488],[-75.3458,39.0249],[-75.3409,39.02],[-75.3184,38.9882],[-75.315,38.9808],[-75.3116,38.9676],[-75.3125,38.9511],[-75.3125,38.9493],[-75.3119,38.9459],[-75.3813,38.9613],[-75.555,38.8356],[-75.7226,38.8299],[-75.7226,38.83],[-75.7229,38.8332],[-75.724,38.8467],[-75.7241,38.8478],[-75.7256,38.8682],[-75.7258,38.8693],[-75.7458,39.1149],[-75.7461,39.1203],[-75.7477,39.1433],[-75.7477,39.1433]]]}},{"type":"Feature","id":"10003","properties":{"fips":"10003"},"geometry":{"type":"MultiPolygon","coordinates":[[[[-75.5649,39.5832],[-75.5763,39.5881],[-75.5787,39.5915],[-75.5796,39.5987],[-75.5658,39.5906],[-75.5649,39.5832]]],[[[-75.5559,39.6058],[-75.5619,39.6052],[-75.5677,39.6137],[-75.5718,39.6236],[-75.5708,39.6268],[-75.5594,39.6298],[-75.5559,39.6058]]],[[[-75.5948,39.8373],[-75.5937,39.8375],[-75.5931,39.8375],[-75.5799,39.8385],[-75.5798,39.8385],[-75.5393,39.8382],[-75.4988,39.8333],[-75.4537,39.8203],[-75.428,39.8092],[-75.415,39.8018],[-75.4161,39.7958],[-75.4379,39.7834],[-75.4406,39.7809],[-75.4481,39.774],[-75.4662,39.7508],[-75.4663,39.7507],[-75.4692,39.7436],[-75.4742,39.7355],[-75.4754,39.7311],[-75.504,39.6983],[-75.5097,39.6861],[-75.5297,39.6926],[-75.5622,39.6567],[-75.5871,39.651],[-75.612,39.622],[-75.6132,39.621],[-75.6134,39.6203],[-75.6141,39.6183],[-75.6149,39.616],[-75.6143,39.6146],[-75.6133,39.6131],[-75.6137,39.6126],[-75.6132,39.6074],[-75.6135,39.6069],[-75.6135,39.6068],[-75.6138,39.6062],[-75.6119,39.5976],[-75.6119,39.5974],[-75.6046,39.5899],[-75.6036,39.589],[-75.5922,39.5836],[-75.592,39.5832],[-75.5877,39.5807],[-75.5872,39.5803],[-75.5866,39.5789],[-75.586,39.5784],[-75.5716,39.5677],[-75.5708,39.5673],[-75.563,39.5622],[-75.5646,39.5599],[-75.5656,39.5585],[-75.5694,39.5406],[-75.5694,39.5391],[-75.5704,39.5272],[-75.5607,39.5205],[-75.5669,39.5083],[-75.5764,39.5092],[-75.5877,39.4964],[-75.5877,39.4954],[-75.5931,39.4792],[-75.5931,39.478],[-75.5899,39.462],[-75.5894,39.4608],[-75.5802,39.4508],[-75.5789,39.4479],[-75.571,39.4425],[-75.5718,39.4389],[-75.5559,39.4304],[-75.5385,39.4165],[-75.536,39.4094],[-75.5236,39.3916],[-75.5217,39.3879],[-75.513,39.3662],[-75.5124,39.3657],[-75.5843,39.3087],[-75.7601,39.2968],[-75.7667,39.3772],[-75.7667,39.3775],[-75.7792,39.5347],[-75.7794,39.5365],[-75.7869,39.6306],[-75.7875,39.6375],[-75.7886,39.6807],[-75.7887,39.6819],[-75.7884,39.7],[-75.7884,39.7003],[-75.7884,39.7218],[-75.7397,39.7726],[-75.717,39.792],[-75.686,39.8111],[-75.6628,39.8212],[-75.6415,39.8284],[-75.6347,39.8302],[-75.5958,39.8372],[-75.5948,39.8373]]]]}},{"type":"Feature","id":"51059","properties":{"fips":"51059"},"geometry":{"type":"Polygon","coordinates":[[[-77.088,38.825],[-77.0392,38.7852],[-77.0414,38.7639],[-77.0599,38.7344],[-77.0746,38.711],[-77.0861,38.7058],[-77.1059,38.6968],[-77.1211,38.6866],[-77.1325,38.6738],[-77.1359,38.6498],[-77.1302,38.635],[-77.1575,38.6364],[-77.1749,38.6242],[-77.202,38.6172],[-77.2043,38.6178],[-77.2051,38.6239],[-77.2163,38.6378],[-77.2223,38.6381],[-77.3805,38.7225],[-77.3879,38.7482],[-77.4491,38.8031],[-77.5358,38.8475],[-77.3283,39.0577],[-77.328,39.0586],[-77.2916,39.0454],[-77.2614,39.031],[-77.2518,39.0114],[-77.2557,39.0024],[-77.2498,38.9859],[-77.2354,38.9766],[-77.2215,38.9713],[-77.1975,38.9668],[-77.1669,38.9681],[-77.1482,38.965],[-77.1377,38.9553],[-77.1199,38.9343],[-77.1199,38.9343],[-77.1485,38.912],[-77.1497,38.9105],[-77.1544,38.907],[-77.1575,38.9049],[-77.1681,38.8965],[-77.1722,38.8933],[-77.1889,38.8963],[-77.1943,38.8861],[-77.1898,38.8781],[-77.1732,38.8786],[-77.155,38.8722],[-77.1503,38.8762],[-77.1107,38.8435],[-77.088,38.825]],[[-77.3348,38.8514],[-77.3187,38.8347],[-77.2705,38.841],[-77.2706,38.8661],[-77.3288,38.8648],[-77.3348,38.8514]]]}},{"type":"Feature","id":"51099","properties":{"fips":"51099"},"geometry":{"type":"Polygon","coordinates":[[[-76.9977,38.278],[-77.0617,38.1616],[-77.0693,38.1577],[-77.0669,38.1476],[-77.0755,38.1411],[-77.0826,38.1468],[-77.0846,38.1602],[-77.0948,38.1616],[-77.116,38.1499],[-77.2247,38.2422],[-77.3267,38.2451],[-77.2862,38.347],[-77.2796,38.3394],[-77.2653,38.3332],[-77.2401,38.3316],[-77.1994,38.3409],[-77.1793,38.3419],[-77.1627,38.346],[-77.1552,38.351],[-77.1382,38.3679],[-77.1047,38.3697],[-77.0947,38.3677],[-77.0848,38.3683],[-77.07,38.3779],[-77.056,38.3962],[-77.0514,38.3991],[-77.0435,38.4005],[-77.0249,38.3868],[-77.0118,38.3746],[-77.0169,38.3417],[-77.0209,38.3293],[-77.0307,38.3116],[-77.0263,38.3027],[-76.9977,38.278]]]}},{"type":"Feature","id":"51107","properties":{"fips":"51107"},"geometry":{"type":"Polygon","coordinates":[[[-77.6551,38.9426],[-77.9603,39.0134],[-77.962,39.0138],[-77.8282,39.1323],[-77.8222,39.14],[-77.7714,39.2368],[-77.7673,39.2494],[-77.769,39.2564],[-77.768,39.2577],[-77.7618,39.263],[-77.7612,39.2637],[-77.7587,39.2681],[-77.7584,39.2692],[-77.7557,39.2746],[-77.7552,39.2752],[-77.7531,39.2773],[-77.7531,39.278],[-77.7534,39.2803],[-77.7503,39.2893],[-77.719,39.3211],[-77.6775,39.3187],[-77.6677,39.3181],[-77.5927,39.3013],[-77.5609,39.2862],[-77.5458,39.2715],[-77.5432,39.2669],[-77.5345,39.2624],[-77.5112,39.2535],[-77.4846,39.2459],[-77.4602,39.2284],[-77.4577,39.225],[-77.4588,39.2203],[-77.4589,39.2198],[-77.4786,39.1892],[-77.486,39.1857],[-77.5052,39.182],[-77.5106,39.1785],[-77.5164,39.1709],[-77.5273,39.1462],[-77.5246,39.1278],[-77.5199,39.1209],[-77.4582,39.0737],[-77.4232,39.0669],[-77.3751,39.0613],[-77.3403,39.063],[-77.328,39.0586],[-77.3283,39.0577],[-77.5358,38.8475],[-77.6551,38.9426]]]}},{"type":"Feature","id":"51159","properties":{"fips":"51159"},"geometry":{"type":"Polygon","coordinates":[[[-76.5078,37.8388],[-76.6423,37.7923],[-76.6514,37.7962],[-76.6583,37.8068],[-76.6802,37.8257],[-76.6927,37.8228],[-76.7016,37.8227],[-76.7222,37.8367],[-76.7272,37.8423],[-76.733,37.852],[-76.7384,37.8654],[-76.7476,37.8759],[-76.7657,37.8793],[-76.7754,37.8743],[-76.9054,38.0035],[-76.937,38.0771],[-76.8771,38.1244],[-76.7647,38.002],[-76.6342,37.9666],[-76.556,37.9315],[-76.5078,37.8388]]]}},{"type":"Feature","id":"51177","properties":{"fips":"51177"},"geometry":{"type":"Polygon","coordinates":[[[-77.7267,38.3239],[-77.7197,38.3355],[-77.7147,38.3367],[-77.7186,38.3416],[-77.7124,38.3454],[-77.713,38.3514],[-77.7055,38.3548],[-77.7078,38.3586],[-77.7032,38.3606],[-77.6187,38.3678],[-77.5303,38.3092],[-77.5323,38.3085],[-77.5296,38.3084],[-77.526,38.3071],[-77.5223,38.3066],[-77.5202,38.3067],[-77.5163,38.3064],[-77.5164,38.3056],[-77.5149,38.3055],[-77.5168,38.2951],[-77.5076,38.2921],[-77.5118,38.28],[-77.4979,38.2829],[-77.4947,38.2738],[-77.4734,38.2702],[-77.4672,38.2798],[-77.4578,38.2711],[-77.4471,38.2846],[-77.4201,38.258],[-77.3908,38.2456],[-77.3703,38.2466],[-77.3747,38.2431],[-77.5182,38.1049],[-77.5516,38.0736],[-77.6262,38.0034],[-77.6422,37.9909],[-77.6423,37.9923],[-77.6472,37.9939],[-77.6492,37.9942],[-77.6537,37.9936],[-77.6579,37.9919],[-77.6597,37.9921],[-77.6605,37.9937],[-77.6606,37.9971],[-77.6623,37.9978],[-77.6648,37.9969],[-77.6672,37.9971],[-77.668,37.9984],[-77.6679,38.0001],[-77.6709,38.0038],[-77.6766,38.0064],[-77.6806,38.0076],[-77.6841,38.0083],[-77.6873,38.008],[-77.7866,38.0763],[-77.9548,38.1174],[-77.7267,38.3239]]]}},{"type":"Feature","id":"51193","properties":{"fips":"51193"},"geometry":{"type":"Polygon","coordinates":[[[-76.937,38.0771],[-77.0497,38.1098],[-77.0617,38.1616],[-76.9977,38.278],[-76.9903,38.2739],[-76.9814,38.2742],[-76.9621,38.2565],[-76.9578,38.2432],[-76.9574,38.2363],[-76.9624,38.2301],[-76.9666,38.2295],[-76.9673,38.2272],[-76.9623,38.2141],[-76.9371,38.2024],[-76.9169,38.1998],[-76.9108,38.1971],[-76.8753,38.1722],[-76.8388,38.1635],[-76.8243,38.1636],[-76.803,38.168],[-76.7884,38.1692],[-76.7602,38.1666],[-76.7497,38.1621],[-76.7431,38.157],[-76.7403,38.1528],[-76.7389,38.1465],[-76.7217,38.1376],[-76.704,38.1493],[-76.7013,38.1557],[-76.6849,38.1565],[-76.6651,38.1476],[-76.6434,38.1483],[-76.639,38.1515],[-76.6295,38.1531],[-76.6139,38.1486],[-76.6041,38.1288],[-76.6009,38.1101],[-76.5795,38.0949],[-76.5432,38.077],[-76.5359,38.0695],[-76.5224,38.0426],[-76.5195,38.0348],[-76.6342,37.9666],[-76.7647,38.002],[-76.8771,38.1244],[-76.937,38.0771]]]}},{"type":"Feature","id":"51630","properties":{"fips":"51630"},"geometry":{"type":"Polygon","coordinates":[[[-77.5303,38.3092],[-77.5262,38.3095],[-77.5272,38.3207],[-77.5068,38.3259],[-77.4988,38.3254],[-77.479,38.3167],[-77.4751,38.321],[-77.4671,38.3187],[-77.4557,38.3013],[-77.4471,38.2846],[-77.4578,38.2711],[-77.4672,38.2798],[-77.4734,38.2702],[-77.4947,38.2738],[-77.4979,38.2829],[-77.5118,38.28],[-77.5076,38.2921],[-77.5168,38.2951],[-77.5149,38.3055],[-77.5164,38.3056],[-77.5163,38.3064],[-77.5202,38.3067],[-77.5223,38.3066],[-77.526,38.3071],[-77.5296,38.3084],[-77.5323,38.3085],[-77.5303,38.3092]]]}},{"type":"Feature","id":"42001","properties":{"fips":"42001"},"geometry":{"type":"Polygon","coordinates":[[[-77.2552,40.0208],[-77.1374,40.0699],[-77.0186,40.0139],[-76.9549,39.8569],[-76.9984,39.8321],[-76.9995,39.7201],[-77.0471,39.72],[-77.0582,39.7202],[-77.0589,39.7201],[-77.2168,39.72],[-77.217,39.72],[-77.2398,39.72],[-77.2433,39.72],[-77.4594,39.72],[-77.4711,39.9441],[-77.4038,39.9944],[-77.2552,40.0208]]]}},{"type":"Feature","id":"51001","properties":{"fips":"51001"},"geometry":{"type":"MultiPolygon","coordinates":[[[[-75.2423,38.0272],[-75.2969,37.959],[-75.3193,37.9225],[-75.3343,37.8935],[-75.3493,37.8731],[-75.359,37.8641],[-75.3668,37.8594],[-75.3746,37.8595],[-75.392,37.8677],[-75.4005,37.8749],[-75.429,37.8753],[-75.4379,37.8723],[-75.4527,37.8635],[-75.468,37.8513],[-75.4875,37.8321],[-75.5149,37.7991],[-75.5481,37.7424],[-75.5569,37.7244],[-75.5725,37.7016],[-75.5813,37.6836],[-75.5861,37.6607],[-75.6032,37.6202],[-75.6108,37.6059],[-75.6122,37.5856],[-75.6081,37.578],[-75.5957,37.5767],[-75.594,37.5697],[-75.6067,37.5572],[-75.6334,37.5221],[-75.6662,37.4721],[-75.6655,37.4673],[-75.7133,37.4499],[-75.7639,37.4633],[-75.7766,37.4546],[-75.8094,37.4659],[-75.788,37.5288],[-75.8352,37.5542],[-75.8845,37.5495],[-75.9004,37.5573],[-75.9377,37.5497],[-75.9373,37.5517],[-75.9412,37.5584],[-75.9412,37.5638],[-75.9248,37.6002],[-75.9096,37.6227],[-75.8771,37.6606],[-75.8685,37.6682],[-75.8695,37.6744],[-75.8684,37.6876],[-75.8593,37.7031],[-75.8456,37.708],[-75.8377,37.713],[-75.8308,37.7255],[-75.8314,37.7317],[-75.8279,37.738],[-75.8248,37.7417],[-75.8122,37.7495],[-75.803,37.7625],[-75.8121,37.7766],[-75.8181,37.7917],[-75.7934,37.8045],[-75.7846,37.8068],[-75.7706,37.8046],[-75.7431,37.8067],[-75.7359,37.8166],[-75.7232,37.8201],[-75.7166,37.8267],[-75.7145,37.8378],[-75.7091,37.8477],[-75.7029,37.8497],[-75.6898,37.8618],[-75.6853,37.8733],[-75.6876,37.8863],[-75.7096,37.9006],[-75.7205,37.9019],[-75.7245,37.9002],[-75.7267,37.8973],[-75.753,37.8966],[-75.7588,37.8976],[-75.7598,37.8993],[-75.7577,37.9039],[-75.7121,37.9361],[-75.7043,37.929],[-75.6939,37.9304],[-75.6697,37.9508],[-75.661,37.9592],[-75.6465,37.973],[-75.6463,37.9732],[-75.6453,37.9742],[-75.6451,37.9744],[-75.6447,37.9748],[-75.6446,37.9748],[-75.6445,37.9749],[-75.6398,37.9794],[-75.6355,37.9835],[-75.6302,37.9886],[-75.6261,37.9925],[-75.6243,37.9942],[-75.436,38.0103],[-75.4288,38.0109],[-75.3988,38.0133],[-75.3779,38.0151],[-75.2638,38.0253],[-75.2621,38.0254],[-75.2606,38.0256],[-75.2561,38.026],[-75.2504,38.0265],[-75.2423,38.0272],[-75.2423,38.0272]]],[[[-75.9736,37.8358],[-75.9717,37.8309],[-75.9773,37.8258],[-75.9822,37.8062],[-75.9873,37.8049],[-75.9983,37.8126],[-76.0011,37.8349],[-75.9997,37.8482],[-75.9969,37.8504],[-75.9926,37.8489],[-75.988,37.8411],[-75.9821,37.8373],[-75.9736,37.8358]]],[[[-75.9947,37.9535],[-75.9939,37.9535],[-76.0031,37.948],[-76.0176,37.9352],[-76.0325,37.915],[-76.0358,37.929],[-76.0465,37.9536],[-76.0456,37.9537],[-76.0417,37.954],[-76.0414,37.954],[-76.038,37.9539],[-76.0301,37.9537],[-76.0295,37.9538],[-76.0294,37.9538],[-76.0223,37.9539],[-76.0217,37.9539],[-76.0209,37.9539],[-76.0208,37.9539],[-76.0177,37.9538],[-76.0059,37.9537],[-75.9947,37.9535]]]]}}]}