{"type":"FeatureCollection","features":[{"type":"Feature","properties":{"wfo":"PHI","cwa":"PHI","citystate":"Mount Holly NJ"},"geometry":{"type":"MultiPolygon","coordinates":[[[[-74.6744,41.3479],[-74.6949,41.3573],[-74.7269,41.3462],[-74.7525,41.3462],[-74.7594,41.3413],[-74.7631,41.3325],[-74.7694,41.3266],[-74.7725,41.3248],[-74.7926,41.3221],[-74.7956,41.3191],[-74.7922,41.3116],[-74.8075,41.3026],[-74.812,41.2981],[-74.8248,41.2917],[-74.839,41.276],[-74.8465,41.2623],[-74.8454,41.2589],[-74.8464,41.2541],[-74.8488,41.2515],[-74.8553,41.2503],[-74.8574,41.2484],[-74.8664,41.2312],[-74.8672,41.2278],[-74.8594,41.2199],[-74.8604,41.2174],[-74.8713,41.203],[-74.8828,41.1801],[-74.9,41.1656],[-74.9077,41.1533],[-74.9286,41.1348],[-74.9454,41.1287],[-74.9492,41.1226],[-74.9634,41.1147],[-74.9736,41.1131],[-74.9806,41.1098],[-74.9922,41.0928],[-74.9962,41.0929],[-74.9973,41.0902],[-74.9999,41.0895],[-75.0026,41.091],[-75.0113,41.0875],[-75.0131,41.0839],[-75.0226,41.0839],[-75.0265,41.0802],[-75.0331,41.0871],[-75.0375,41.0884],[-75.0412,41.0917],[-75.0768,41.141],[-75.1566,41.1501],[-75.1276,41.2528],[-75.3567,41.2402],[-75.3709,41.238],[-75.4962,41.2328],[-75.5053,41.2335],[-75.5082,41.2323],[-75.5113,41.225],[-75.5165,41.22],[-75.5252,41.223],[-75.5279,41.2258],[-75.5432,41.2238],[-75.555,41.2085],[-75.562,41.205],[-75.569,41.1985],[-75.5698,41.1924],[-75.5752,41.1876],[-75.5772,41.1777],[-75.5826,41.1767],[-75.5897,41.1722],[-75.598,41.1714],[-75.5977,41.1633],[-75.6012,41.1617],[-75.6041,41.1556],[-75.6034,41.1526],[-75.6068,41.15],[-75.6152,41.1505],[-75.615,41.144],[-75.6276,41.1367],[-75.6279,41.1334],[-75.6255,41.1313],[-75.6279,41.1284],[-75.6312,41.1281],[-75.6348,41.1232],[-75.6402,41.1267],[-75.6464,41.1258],[-75.6489,41.1247],[-75.6483,41.1219],[-75.6556,41.1166],[-75.6572,41.1182],[-75.6561,41.1232],[-75.6572,41.1258],[-75.664,41.1306],[-75.6658,41.1336],[-75.6804,41.1328],[-75.6865,41.1308],[-75.6917,41.1315],[-75.7009,41.1268],[-75.7048,41.1217],[-75.7086,41.122],[-75.7087,41.1161],[-75.7165,41.118],[-75.7212,41.1114],[-75.7295,41.1072],[-75.7344,41.1022],[-75.7516,41.1037],[-75.7539,41.1023],[-75.7536,41.0955],[-75.7557,41.0937],[-75.7612,41.0915],[-75.764,41.0935],[-75.767,41.093],[-75.7656,41.0845],[-75.771,41.0761],[-75.7701,41.0516],[-75.7673,41.0464],[-75.7626,41.0424],[-75.7568,41.0321],[-75.742,41.0313],[-75.7397,41.0295],[-75.7381,41.0181],[-75.7324,41.0085],[-75.8014,40.9831],[-75.8196,40.9821],[-75.836,40.9765],[-75.8496,40.9716],[-75.8483,40.9673],[-75.861,40.962],[-75.9973,40.913],[-75.886,40.8163],[-75.7584,40.7359],[-75.7604,40.7339],[-75.7666,40.7305],[-75.7787,40.7291],[-75.7806,40.7247],[-75.7978,40.7165],[-75.8077,40.708],[-75.8414,40.6937],[-75.8559,40.6925],[-75.891,40.6775],[-75.9932,40.6397],[-76.0136,40.5779],[-76.0181,40.574],[-76.0223,40.5747],[-76.0258,40.5784],[-76.0337,40.5777],[-76.0402,40.5834],[-76.0438,40.5839],[-76.0471,40.5818],[-76.0502,40.5758],[-76.0539,40.5742],[-76.0571,40.5758],[-76.0587,40.5792],[-76.0658,40.5792],[-76.0794,40.5661],[-76.1065,40.562],[-76.1332,40.5541],[-76.1368,40.5515],[-76.1554,40.545],[-76.1601,40.5405],[-76.1653,40.5397],[-76.1721,40.5351],[-76.188,40.5353],[-76.1982,40.5311],[-76.2183,40.529],[-76.2347,40.5218],[-76.2584,40.5169],[-76.274,40.5174],[-76.3014,40.5148],[-76.3137,40.5159],[-76.3216,40.5144],[-76.3389,40.5154],[-76.3563,40.5106],[-76.3698,40.5094],[-76.4163,40.4963],[-76.4387,40.4959],[-76.2319,40.3663],[-76.2055,40.3606],[-76.1497,40.3145],[-75.9812,40.2072],[-75.8746,40.1372],[-75.9433,40.1075],[-75.9367,40.0813],[-75.9349,40.0412],[-75.9838,39.9718],[-75.9866,39.9673],[-75.9868,39.9634],[-75.9942,39.953],[-75.9884,39.9407],[-75.9812,39.9332],[-75.9821,39.9303],[-75.9857,39.9312],[-75.9915,39.9276],[-75.9968,39.928],[-75.9951,39.9173],[-75.9971,39.909],[-75.996,39.9048],[-75.9941,39.8989],[-75.9872,39.8934],[-75.9913,39.8863],[-75.9914,39.882],[-75.987,39.8746],[-75.988,39.8724],[-75.9921,39.8694],[-75.9962,39.8708],[-75.9996,39.8743],[-76.0025,39.8741],[-76.0043,39.8718],[-76.0082,39.8521],[-76.0182,39.8538],[-76.0209,39.8521],[-76.022,39.8496],[-76.0173,39.8316],[-76.0205,39.8308],[-76.0251,39.8252],[-76.0281,39.824],[-76.0357,39.8269],[-76.0367,39.8238],[-76.0319,39.8186],[-76.0316,39.814],[-76.0351,39.8113],[-76.0379,39.8028],[-76.0406,39.8016],[-76.0485,39.8039],[-76.0497,39.8027],[-76.0456,39.8006],[-76.0425,39.7959],[-76.0441,39.7922],[-76.0483,39.7889],[-76.0514,39.7822],[-76.0589,39.7788],[-76.0645,39.7708],[-76.0629,39.7651],[-76.0646,39.7622],[-76.0679,39.7601],[-76.0811,39.7614],[-76.0839,39.7588],[-76.0848,39.7556],[-76.0829,39.7526],[-76.0862,39.7463],[-76.0928,39.7428],[-76.1002,39.7456],[-76.101,39.7417],[-76.0931,39.7349],[-76.0949,39.7309],[-76.1033,39.724],[-76.1062,39.7243],[-76.111,39.7286],[-76.1092,39.7336],[-76.1112,39.7362],[-76.1197,39.7362],[-76.1188,39.7242],[-76.1227,39.7239],[-76.1256,39.7269],[-76.1299,39.7276],[-76.1349,39.7263],[-76.1357,39.7222],[-75.7907,39.7221],[-75.7883,39.7209],[-75.7878,39.6409],[-75.767,39.382],[-75.7668,39.3777],[-75.7728,39.3779],[-75.7818,39.3816],[-75.794,39.3799],[-75.7967,39.3773],[-75.8058,39.3766],[-75.8193,39.3821],[-75.8241,39.3812],[-75.8312,39.374],[-75.8425,39.3708],[-75.8456,39.3675],[-75.8486,39.3681],[-75.8556,39.3645],[-75.8612,39.3676],[-75.8797,39.3656],[-75.882,39.3644],[-75.8826,39.3601],[-75.8862,39.3591],[-75.8935,39.3633],[-75.9108,39.362],[-75.9149,39.3641],[-75.9258,39.3647],[-75.9288,39.3682],[-75.9321,39.3685],[-75.9317,39.3696],[-75.9351,39.3648],[-75.9388,39.3656],[-75.9408,39.3644],[-75.9518,39.3675],[-75.9523,39.3687],[-75.9507,39.3693],[-75.9566,39.3717],[-75.9669,39.3721],[-75.9714,39.3652],[-75.9844,39.3632],[-75.9923,39.3717],[-76.005,39.3664],[-76.0131,39.3659],[-76.0306,39.3664],[-76.0564,39.3712],[-76.0847,39.3703],[-76.1101,39.3724],[-76.1123,39.3708],[-76.1164,39.3609],[-76.1334,39.3523],[-76.1359,39.3496],[-76.137,39.3444],[-76.133,39.3401],[-76.1322,39.3332],[-76.1378,39.3323],[-76.1418,39.327],[-76.1434,39.328],[-76.1455,39.3344],[-76.1597,39.3359],[-76.1704,39.3321],[-76.1747,39.3241],[-76.1858,39.3192],[-76.186,39.3125],[-76.1777,39.3085],[-76.1766,39.3047],[-76.1783,39.2991],[-76.1746,39.299],[-76.1681,39.2947],[-76.1691,39.2898],[-76.1725,39.2877],[-76.1793,39.2915],[-76.1832,39.291],[-76.1857,39.2854],[-76.1893,39.2819],[-76.2001,39.2801],[-76.2035,39.2689],[-76.2149,39.2672],[-76.2193,39.2618],[-76.2244,39.2527],[-76.2282,39.2399],[-76.2424,39.22],[-76.251,39.1992],[-76.2558,39.1916],[-76.2666,39.1805],[-76.2721,39.1713],[-76.2782,39.1522],[-76.2785,39.1458],[-76.2773,39.1455],[-76.2771,39.1482],[-76.2749,39.1452],[-76.2653,39.1436],[-76.257,39.137],[-76.2571,39.1356],[-76.2526,39.1335],[-76.2463,39.114],[-76.2371,39.1003],[-76.2335,39.0914],[-76.2318,39.0828],[-76.2321,39.0661],[-76.2303,39.0588],[-76.2269,39.0532],[-76.2333,39.0455],[-76.236,39.0459],[-76.239,39.0437],[-76.2415,39.0371],[-76.2422,39.028],[-76.2345,39.0231],[-76.2318,39.0185],[-76.228,39.0187],[-76.2242,39.0142],[-76.2173,39.0129],[-76.2162,39.0099],[-76.2127,39.0104],[-76.2109,39.0078],[-76.2072,39.0133],[-76.2051,39.0124],[-76.2021,39.0138],[-76.2009,39.0118],[-76.198,39.0119],[-76.1926,39.0147],[-76.1649,39.0006],[-76.1674,38.9967],[-76.1729,38.9948],[-76.1909,38.9796],[-76.2024,38.9729],[-76.2078,38.9735],[-76.2187,38.9708],[-76.2195,38.968],[-76.2223,38.9677],[-76.2263,38.9718],[-76.2261,38.9745],[-76.23,38.9805],[-76.2303,38.9711],[-76.2324,38.9714],[-76.2354,38.9754],[-76.2336,38.9719],[-76.2356,38.9711],[-76.2435,38.9768],[-76.2439,38.9748],[-76.2463,38.9746],[-76.2462,38.97],[-76.2432,38.9661],[-76.2392,38.966],[-76.2382,38.9644],[-76.2362,38.9652],[-76.2367,38.9634],[-76.2416,38.9624],[-76.2379,38.9613],[-76.2353,38.9629],[-76.233,38.9572],[-76.2364,38.9585],[-76.2389,38.957],[-76.2361,38.9536],[-76.2376,38.9492],[-76.2351,38.9418],[-76.2268,38.9412],[-76.2256,38.9461],[-76.2217,38.9479],[-76.2204,38.9465],[-76.2196,38.9483],[-76.2172,38.9463],[-76.2174,38.9438],[-76.2167,38.9453],[-76.2139,38.9453],[-76.2131,38.9428],[-76.2104,38.9463],[-76.207,38.9453],[-76.2089,38.9432],[-76.2091,38.9396],[-76.2124,38.9393],[-76.214,38.9372],[-76.2138,38.9344],[-76.2125,38.9319],[-76.209,38.9307],[-76.2074,38.9328],[-76.2058,38.9321],[-76.2031,38.9269],[-76.2056,38.9083],[-76.2038,38.8993],[-76.2052,38.8928],[-76.1983,38.8889],[-76.2026,38.8626],[-76.2062,38.8544],[-76.2058,38.8526],[-76.1974,38.8462],[-76.1957,38.8354],[-76.1936,38.8335],[-76.1923,38.8349],[-76.1902,38.8297],[-76.1988,38.813],[-76.198,38.8077],[-76.1996,38.8018],[-76.1973,38.7983],[-76.1956,38.7996],[-76.1922,38.7957],[-76.1919,38.7926],[-76.188,38.7925],[-76.1876,38.7908],[-76.2121,38.784],[-76.2157,38.7868],[-76.2163,38.7849],[-76.2192,38.7854],[-76.219,38.7835],[-76.2217,38.7855],[-76.2185,38.7882],[-76.2208,38.789],[-76.2218,38.7916],[-76.2174,38.79],[-76.2137,38.7951],[-76.2195,38.7967],[-76.2173,38.7976],[-76.2181,38.7997],[-76.2115,38.8048],[-76.2125,38.807],[-76.2218,38.8142],[-76.2283,38.8223],[-76.2445,38.8186],[-76.2475,38.8213],[-76.2459,38.8226],[-76.2502,38.8248],[-76.2492,38.8298],[-76.2551,38.8327],[-76.2587,38.8419],[-76.2621,38.8439],[-76.2602,38.8424],[-76.2619,38.8411],[-76.2655,38.8463],[-76.2658,38.8516],[-76.2602,38.8528],[-76.2564,38.8576],[-76.2534,38.856],[-76.2512,38.857],[-76.2533,38.8629],[-76.2748,38.8446],[-76.2788,38.8433],[-76.2808,38.8381],[-76.2848,38.8366],[-76.2804,38.838],[-76.2813,38.8369],[-76.2782,38.8355],[-76.2774,38.8314],[-76.2818,38.8317],[-76.286,38.828],[-76.2855,38.8266],[-76.2978,38.8283],[-76.3017,38.8262],[-76.3089,38.8134],[-76.3101,38.7969],[-76.3207,38.786],[-76.3238,38.7793],[-76.3239,38.7766],[-76.3224,38.7751],[-76.3243,38.7758],[-76.3277,38.7742],[-76.3304,38.7772],[-76.3354,38.7738],[-76.3333,38.7707],[-76.329,38.7694],[-76.3303,38.7686],[-76.3263,38.7666],[-76.3294,38.7657],[-76.3266,38.765],[-76.3273,38.7633],[-76.3315,38.7617],[-76.3301,38.7573],[-76.3273,38.7563],[-76.3305,38.7568],[-76.3327,38.7625],[-76.3363,38.7617],[-76.3354,38.7601],[-76.3382,38.7615],[-76.3409,38.7552],[-76.3404,38.7529],[-76.3425,38.7509],[-76.3399,38.74],[-76.3426,38.7339],[-76.3423,38.7299],[-76.3397,38.7297],[-76.3386,38.7268],[-76.3337,38.7363],[-76.3351,38.7307],[-76.3328,38.7295],[-76.3368,38.7265],[-76.3344,38.722],[-76.3395,38.7255],[-76.3396,38.7226],[-76.3369,38.7203],[-76.3406,38.7208],[-76.3407,38.7167],[-76.3468,38.7063],[-76.3438,38.7019],[-76.3433,38.6979],[-76.3449,38.6943],[-76.3484,38.6921],[-76.3487,38.6867],[-76.3401,38.6701],[-76.3385,38.6695],[-76.3379,38.6729],[-76.332,38.6798],[-76.3224,38.6793],[-76.3238,38.6847],[-76.3217,38.6891],[-76.3235,38.6913],[-76.3271,38.6919],[-76.3279,38.6957],[-76.334,38.7031],[-76.3327,38.7083],[-76.3297,38.7088],[-76.3351,38.7112],[-76.3349,38.7128],[-76.3329,38.7118],[-76.3244,38.718],[-76.3202,38.726],[-76.3211,38.7291],[-76.3193,38.7295],[-76.3189,38.7324],[-76.3161,38.7296],[-76.312,38.7324],[-76.3141,38.7351],[-76.314,38.7376],[-76.3156,38.738],[-76.3169,38.7438],[-76.3126,38.7457],[-76.3135,38.7532],[-76.3156,38.7559],[-76.3186,38.7559],[-76.3156,38.759],[-76.3159,38.7607],[-76.318,38.7603],[-76.3184,38.7627],[-76.3151,38.7656],[-76.3102,38.7645],[-76.3093,38.767],[-76.3106,38.7703],[-76.3057,38.772],[-76.3,38.7684],[-76.296,38.7713],[-76.2972,38.7741],[-76.2991,38.7734],[-76.2951,38.7766],[-76.2922,38.7743],[-76.2908,38.7753],[-76.2934,38.778],[-76.2891,38.7814],[-76.2865,38.7793],[-76.2864,38.7754],[-76.2836,38.777],[-76.2864,38.7745],[-76.2849,38.7736],[-76.2806,38.7748],[-76.2766,38.7799],[-76.2721,38.778],[-76.2717,38.7745],[-76.2702,38.7741],[-76.2708,38.7717],[-76.2708,38.7733],[-76.2734,38.7744],[-76.2757,38.7722],[-76.2756,38.7698],[-76.2818,38.7717],[-76.2841,38.7698],[-76.2824,38.7689],[-76.2837,38.767],[-76.2839,38.7688],[-76.2873,38.7703],[-76.2942,38.7634],[-76.2929,38.7656],[-76.2957,38.7676],[-76.296,38.7634],[-76.3,38.7562],[-76.3046,38.7522],[-76.3035,38.7497],[-76.2978,38.7494],[-76.2954,38.741],[-76.2965,38.7366],[-76.2944,38.7356],[-76.295,38.7308],[-76.2995,38.7272],[-76.2959,38.7247],[-76.2992,38.7193],[-76.2985,38.718],[-76.2932,38.7169],[-76.2944,38.7211],[-76.2923,38.7226],[-76.2929,38.7239],[-76.2885,38.7227],[-76.2887,38.7187],[-76.2837,38.7216],[-76.2825,38.716],[-76.275,38.7127],[-76.271,38.7088],[-76.2712,38.7173],[-76.2757,38.7159],[-76.2742,38.7176],[-76.2765,38.7208],[-76.2754,38.7223],[-76.2792,38.7227],[-76.2821,38.7264],[-76.2773,38.7295],[-76.271,38.7246],[-76.2685,38.7253],[-76.2668,38.7298],[-76.261,38.7308],[-76.2551,38.7363],[-76.2549,38.7405],[-76.2582,38.7419],[-76.2536,38.7493],[-76.2439,38.7493],[-76.2467,38.7531],[-76.2453,38.7528],[-76.2458,38.756],[-76.2413,38.753],[-76.2443,38.7572],[-76.2418,38.7596],[-76.2449,38.7615],[-76.2492,38.7607],[-76.2479,38.7635],[-76.2532,38.7636],[-76.2472,38.7685],[-76.2403,38.7688],[-76.2418,38.7668],[-76.2358,38.7626],[-76.2335,38.7648],[-76.2317,38.7644],[-76.2221,38.7576],[-76.2243,38.7548],[-76.2215,38.7539],[-76.2247,38.753],[-76.2243,38.7501],[-76.2161,38.7473],[-76.2143,38.7447],[-76.2219,38.7367],[-76.2295,38.7395],[-76.2319,38.7375],[-76.2385,38.7362],[-76.2382,38.7336],[-76.2314,38.7317],[-76.2287,38.7278],[-76.2287,38.7252],[-76.2314,38.7229],[-76.2278,38.7203],[-76.2311,38.7194],[-76.2321,38.722],[-76.2346,38.7232],[-76.2339,38.7251],[-76.237,38.7245],[-76.239,38.7222],[-76.2399,38.7166],[-76.2317,38.7034],[-76.2322,38.7063],[-76.2307,38.7055],[-76.2268,38.6975],[-76.2253,38.698],[-76.2244,38.7019],[-76.2277,38.7072],[-76.2257,38.7093],[-76.227,38.7093],[-76.2263,38.711],[-76.2277,38.7129],[-76.2306,38.7144],[-76.2289,38.7138],[-76.228,38.7164],[-76.2251,38.7127],[-76.2215,38.7121],[-76.2183,38.7081],[-76.216,38.7083],[-76.2144,38.7037],[-76.2179,38.7035],[-76.2124,38.6987],[-76.2179,38.6997],[-76.2201,38.6969],[-76.2119,38.6915],[-76.2162,38.6896],[-76.2142,38.6821],[-76.2093,38.6798],[-76.1995,38.6703],[-76.1968,38.6714],[-76.1967,38.674],[-76.1981,38.6746],[-76.1973,38.6721],[-76.1988,38.6712],[-76.2008,38.6723],[-76.1995,38.6735],[-76.2006,38.6746],[-76.1991,38.6751],[-76.2008,38.6773],[-76.1982,38.6766],[-76.1972,38.6799],[-76.1889,38.6901],[-76.1723,38.6836],[-76.1737,38.6831],[-76.172,38.6816],[-76.1726,38.6794],[-76.1769,38.6753],[-76.1549,38.6561],[-76.1524,38.6455],[-76.1476,38.6371],[-76.1368,38.6387],[-76.1294,38.6369],[-76.1247,38.6311],[-76.1247,38.6251],[-76.1212,38.6288],[-76.1148,38.6264],[-76.1161,38.6246],[-76.1137,38.6214],[-76.1142,38.6154],[-76.113,38.6141],[-76.1122,38.6155],[-76.1103,38.6148],[-76.1118,38.6136],[-76.1109,38.6115],[-76.1093,38.6139],[-76.1105,38.6202],[-76.1071,38.6227],[-76.0896,38.6262],[-76.0841,38.6252],[-76.0816,38.6196],[-76.0848,38.6177],[-76.0825,38.6154],[-76.0723,38.6127],[-76.053,38.6035],[-76.0541,38.5998],[-76.0524,38.598],[-76.0528,38.5959],[-76.0605,38.5852],[-76.0466,38.576],[-76.0323,38.5719],[-76.0234,38.5739],[-76.0058,38.5876],[-75.9911,38.5925],[-75.9809,38.6101],[-75.9835,38.6251],[-75.9793,38.6303],[-75.958,38.648],[-75.9554,38.6534],[-75.9556,38.6634],[-75.9491,38.6717],[-75.9433,38.6756],[-75.9381,38.6761],[-75.9338,38.6804],[-75.9298,38.6758],[-75.9261,38.6795],[-75.9212,38.6792],[-75.9173,38.6808],[-75.9173,38.6836],[-75.9143,38.6843],[-75.913,38.6888],[-75.9105,38.6872],[-75.9036,38.6884],[-75.8962,38.7013],[-75.8849,38.6944],[-75.8766,38.6936],[-75.8684,38.6951],[-75.858,38.7011],[-75.8414,38.7042],[-75.817,38.6984],[-75.8045,38.6985],[-75.8007,38.6968],[-75.7982,38.6764],[-75.7761,38.677],[-75.7741,38.6776],[-75.7682,38.6858],[-75.762,38.6858],[-75.7486,38.6715],[-75.739,38.6665],[-75.7163,38.6477],[-75.7074,38.6356],[-75.7013,38.561],[-75.7025,38.5601],[-75.6941,38.4667],[-75.6922,38.46],[-75.5219,38.4546],[-75.3528,38.4521],[-75.3407,38.4507],[-75.3365,38.4519],[-75.0872,38.4513],[-75.0842,38.4497],[-75.0855,38.4513],[-75.0489,38.4515],[-75.0498,38.4904],[-75.0533,38.5368],[-75.0563,38.5549],[-75.0593,38.6078],[-75.0789,38.6046],[-75.078,38.6023],[-75.0733,38.6049],[-75.0703,38.604],[-75.0729,38.6027],[-75.0683,38.6015],[-75.0721,38.5989],[-75.0706,38.5971],[-75.0657,38.5986],[-75.0661,38.595],[-75.0694,38.5918],[-75.0671,38.5896],[-75.0633,38.5889],[-75.0624,38.582],[-75.0683,38.5777],[-75.0729,38.5783],[-75.0728,38.5757],[-75.0748,38.5771],[-75.0725,38.5794],[-75.0712,38.5862],[-75.0733,38.5872],[-75.075,38.5858],[-75.0737,38.5886],[-75.0776,38.5874],[-75.0783,38.5832],[-75.0835,38.5791],[-75.0871,38.5799],[-75.0885,38.583],[-75.0898,38.5769],[-75.0951,38.5754],[-75.0942,38.5739],[-75.0966,38.5728],[-75.0932,38.5721],[-75.0947,38.5706],[-75.091,38.5672],[-75.0941,38.5676],[-75.0896,38.5666],[-75.0886,38.5645],[-75.0898,38.5626],[-75.0878,38.5621],[-75.0897,38.5575],[-75.0952,38.5546],[-75.0958,38.5513],[-75.0984,38.5529],[-75.1026,38.5508],[-75.1024,38.5524],[-75.0966,38.5532],[-75.0964,38.5553],[-75.0917,38.5578],[-75.0907,38.5612],[-75.092,38.5645],[-75.0966,38.565],[-75.097,38.5679],[-75.1015,38.5667],[-75.0971,38.5694],[-75.0997,38.5711],[-75.0987,38.5737],[-75.1002,38.5752],[-75.0969,38.5791],[-75.1071,38.5797],[-75.1079,38.5782],[-75.1066,38.5778],[-75.1084,38.5773],[-75.1094,38.5733],[-75.1129,38.5704],[-75.1098,38.5738],[-75.1084,38.5812],[-75.1154,38.5799],[-75.1053,38.5833],[-75.1051,38.5846],[-75.1094,38.5888],[-75.1123,38.5891],[-75.1125,38.5906],[-75.1344,38.5937],[-75.146,38.5864],[-75.1538,38.5868],[-75.1588,38.5788],[-75.1607,38.5785],[-75.1583,38.5757],[-75.1598,38.5724],[-75.1572,38.5694],[-75.1603,38.5723],[-75.1591,38.5751],[-75.1627,38.5799],[-75.1665,38.5758],[-75.1738,38.5752],[-75.1813,38.5696],[-75.1822,38.5672],[-75.1912,38.5698],[-75.1916,38.5673],[-75.1893,38.5657],[-75.1932,38.5662],[-75.1929,38.5634],[-75.1971,38.5624],[-75.197,38.5598],[-75.2034,38.5572],[-75.2,38.5539],[-75.1993,38.5488],[-75.1974,38.5474],[-75.1981,38.5442],[-75.198,38.5476],[-75.2002,38.5486],[-75.1998,38.551],[-75.2025,38.5525],[-75.201,38.5537],[-75.2048,38.5576],[-75.1988,38.5597],[-75.2,38.5621],[-75.1986,38.5642],[-75.1958,38.5644],[-75.1945,38.5682],[-75.1982,38.5682],[-75.202,38.5642],[-75.2091,38.5608],[-75.2161,38.5597],[-75.2183,38.5607],[-75.2218,38.558],[-75.2266,38.5585],[-75.2216,38.5585],[-75.2193,38.5625],[-75.2134,38.5622],[-75.2028,38.5661],[-75.2029,38.5679],[-75.2,38.5681],[-75.1988,38.5718],[-75.1972,38.5708],[-75.1926,38.5718],[-75.1915,38.5737],[-75.188,38.5733],[-75.1882,38.5751],[-75.1866,38.575],[-75.1865,38.5721],[-75.1855,38.5761],[-75.1838,38.5767],[-75.1867,38.5802],[-75.1814,38.5807],[-75.1835,38.5846],[-75.1857,38.584],[-75.1873,38.5864],[-75.1926,38.5879],[-75.1968,38.584],[-75.2033,38.5847],[-75.2051,38.5869],[-75.2094,38.5848],[-75.2118,38.5855],[-75.2196,38.583],[-75.2297,38.5824],[-75.2361,38.5842],[-75.23,38.583],[-75.2178,38.5838],[-75.2078,38.5868],[-75.206,38.5881],[-75.2068,38.5891],[-75.2152,38.5872],[-75.219,38.59],[-75.2197,38.5869],[-75.2231,38.5851],[-75.2278,38.5877],[-75.2374,38.5866],[-75.2396,38.5898],[-75.2433,38.5904],[-75.2526,38.5859],[-75.2544,38.5821],[-75.2594,38.5816],[-75.2634,38.5841],[-75.2661,38.5817],[-75.2691,38.5824],[-75.2675,38.5836],[-75.2715,38.5859],[-75.2757,38.5847],[-75.2781,38.5872],[-75.2773,38.5905],[-75.2839,38.5915],[-75.2871,38.5937],[-75.287,38.5952],[-75.2881,38.5941],[-75.2891,38.5951],[-75.287,38.5958],[-75.2828,38.5936],[-75.2811,38.5958],[-75.2818,38.5939],[-75.2801,38.5944],[-75.2798,38.5927],[-75.2746,38.5927],[-75.2738,38.5906],[-75.2756,38.5865],[-75.27,38.5898],[-75.2659,38.5861],[-75.2637,38.5884],[-75.2598,38.5883],[-75.2606,38.5893],[-75.2579,38.5901],[-75.2574,38.5882],[-75.2589,38.5881],[-75.2575,38.5847],[-75.2552,38.5881],[-75.2505,38.5893],[-75.2525,38.5905],[-75.2529,38.5936],[-75.2571,38.5968],[-75.2579,38.6009],[-75.2548,38.5946],[-75.2524,38.594],[-75.2513,38.5902],[-75.2454,38.5927],[-75.2388,38.5919],[-75.236,38.5884],[-75.2316,38.5884],[-75.2311,38.5908],[-75.2289,38.5914],[-75.2232,38.5895],[-75.2172,38.5918],[-75.2132,38.5907],[-75.2044,38.5961],[-75.1963,38.5916],[-75.1924,38.5938],[-75.185,38.5926],[-75.1743,38.5952],[-75.1686,38.5989],[-75.1683,38.6002],[-75.1726,38.6034],[-75.1672,38.5999],[-75.1633,38.5995],[-75.1581,38.6022],[-75.1551,38.6061],[-75.1551,38.6085],[-75.1586,38.6094],[-75.1606,38.6144],[-75.1654,38.6162],[-75.1683,38.6199],[-75.1648,38.6165],[-75.1599,38.6164],[-75.1574,38.6145],[-75.1584,38.6162],[-75.1571,38.6156],[-75.1582,38.6106],[-75.1557,38.6108],[-75.1571,38.613],[-75.1549,38.6106],[-75.149,38.6103],[-75.1491,38.6115],[-75.1518,38.6115],[-75.1498,38.6118],[-75.1495,38.6133],[-75.1483,38.6121],[-75.1477,38.6148],[-75.1463,38.6131],[-75.1473,38.6121],[-75.1446,38.6138],[-75.1483,38.6111],[-75.1474,38.6099],[-75.1422,38.6118],[-75.1329,38.6118],[-75.1241,38.6155],[-75.1243,38.619],[-75.1267,38.6195],[-75.1259,38.622],[-75.1235,38.6199],[-75.1239,38.622],[-75.1221,38.6231],[-75.123,38.619],[-75.1214,38.6181],[-75.1234,38.6172],[-75.1211,38.6159],[-75.1233,38.6161],[-75.1216,38.6151],[-75.117,38.6152],[-75.1113,38.6182],[-75.1102,38.6205],[-75.1132,38.6198],[-75.1157,38.6233],[-75.1058,38.6196],[-75.1074,38.6175],[-75.1006,38.6174],[-75.0988,38.6194],[-75.1021,38.6182],[-75.0994,38.621],[-75.1003,38.6224],[-75.0985,38.62],[-75.0972,38.6204],[-75.0968,38.6231],[-75.1011,38.6259],[-75.1025,38.6295],[-75.11,38.6281],[-75.108,38.6307],[-75.1016,38.6332],[-75.1035,38.6358],[-75.1091,38.6336],[-75.1111,38.6343],[-75.1113,38.6369],[-75.1127,38.6346],[-75.1168,38.634],[-75.116,38.6322],[-75.1194,38.6337],[-75.1217,38.6294],[-75.1217,38.6325],[-75.124,38.6351],[-75.1261,38.6356],[-75.1279,38.6337],[-75.1314,38.6356],[-75.131,38.6376],[-75.1326,38.6389],[-75.134,38.6388],[-75.1331,38.6365],[-75.1345,38.6359],[-75.1327,38.6341],[-75.1377,38.6336],[-75.1381,38.6345],[-75.1351,38.6353],[-75.1345,38.639],[-75.132,38.6396],[-75.1324,38.6412],[-75.1354,38.6396],[-75.1358,38.641],[-75.1409,38.6395],[-75.1408,38.6407],[-75.1377,38.6405],[-75.1449,38.644],[-75.151,38.6432],[-75.1663,38.6356],[-75.1723,38.6387],[-75.1661,38.6368],[-75.1622,38.6395],[-75.1626,38.6411],[-75.1609,38.6417],[-75.1617,38.6398],[-75.1582,38.6406],[-75.1599,38.641],[-75.1586,38.6423],[-75.1605,38.6424],[-75.1599,38.6435],[-75.1555,38.6441],[-75.1581,38.6429],[-75.1582,38.6411],[-75.1472,38.6441],[-75.1485,38.6483],[-75.1473,38.6497],[-75.1505,38.6504],[-75.1506,38.6526],[-75.1618,38.6561],[-75.169,38.6559],[-75.1743,38.6535],[-75.1873,38.6585],[-75.1882,38.6594],[-75.1842,38.6597],[-75.1795,38.6566],[-75.1741,38.6555],[-75.17,38.6571],[-75.176,38.6627],[-75.1818,38.665],[-75.1823,38.667],[-75.1686,38.6588],[-75.1627,38.6583],[-75.1621,38.6601],[-75.1599,38.6573],[-75.1576,38.6581],[-75.1536,38.6548],[-75.1518,38.6558],[-75.1492,38.6535],[-75.1475,38.6542],[-75.1487,38.6511],[-75.145,38.6514],[-75.1441,38.6498],[-75.1461,38.65],[-75.1459,38.6486],[-75.144,38.6472],[-75.1425,38.6481],[-75.1446,38.6489],[-75.1429,38.6487],[-75.1421,38.6508],[-75.1414,38.6484],[-75.1391,38.6476],[-75.1417,38.6478],[-75.1424,38.6456],[-75.1383,38.6458],[-75.1379,38.6434],[-75.133,38.6437],[-75.1311,38.6419],[-75.1263,38.6431],[-75.1289,38.6486],[-75.1315,38.6489],[-75.1318,38.6504],[-75.1279,38.6533],[-75.1261,38.6518],[-75.1265,38.649],[-75.1252,38.6532],[-75.131,38.6566],[-75.132,38.6617],[-75.1366,38.6618],[-75.132,38.6623],[-75.1354,38.6665],[-75.132,38.6709],[-75.1349,38.6743],[-75.1348,38.6781],[-75.1374,38.6815],[-75.1453,38.6892],[-75.1596,38.6989],[-75.1634,38.7039],[-75.1666,38.7033],[-75.166,38.7044],[-75.1703,38.7085],[-75.1768,38.7123],[-75.1818,38.7129],[-75.1767,38.7129],[-75.1728,38.7094],[-75.1677,38.7077],[-75.1672,38.709],[-75.1674,38.7057],[-75.1622,38.7043],[-75.1589,38.6991],[-75.1504,38.6942],[-75.1435,38.6936],[-75.1357,38.6902],[-75.1375,38.6942],[-75.1365,38.6979],[-75.137,38.6947],[-75.1331,38.6897],[-75.1292,38.6877],[-75.1341,38.69],[-75.1342,38.6888],[-75.1197,38.6845],[-75.1238,38.6883],[-75.1179,38.6851],[-75.1206,38.6905],[-75.1192,38.6919],[-75.1214,38.6974],[-75.1203,38.6971],[-75.12,38.6993],[-75.1163,38.6906],[-75.1075,38.688],[-75.1061,38.6905],[-75.1073,38.6946],[-75.1101,38.6988],[-75.1122,38.6984],[-75.1106,38.7004],[-75.1129,38.6994],[-75.1108,38.701],[-75.1089,38.7005],[-75.11,38.6993],[-75.1089,38.699],[-75.1051,38.7039],[-75.1041,38.7036],[-75.1059,38.7003],[-75.1093,38.6973],[-75.1064,38.6953],[-75.1069,38.6927],[-75.1038,38.6905],[-75.097,38.69],[-75.0972,38.6888],[-75.09,38.6871],[-75.0902,38.691],[-75.094,38.6945],[-75.0876,38.6928],[-75.0854,38.6945],[-75.0777,38.6942],[-75.0789,38.6929],[-75.0756,38.6878],[-75.0758,38.6809],[-75.0723,38.6677],[-75.0726,38.6586],[-75.0773,38.6555],[-75.0749,38.6539],[-75.0764,38.6531],[-75.072,38.6532],[-75.0743,38.6525],[-75.0727,38.6517],[-75.0765,38.6522],[-75.0744,38.6507],[-75.0761,38.6509],[-75.0746,38.6492],[-75.0783,38.651],[-75.081,38.6487],[-75.0795,38.6479],[-75.082,38.6453],[-75.0792,38.6429],[-75.0819,38.6388],[-75.079,38.6341],[-75.074,38.6356],[-75.0742,38.6336],[-75.0719,38.6325],[-75.0736,38.6313],[-75.0715,38.6311],[-75.0714,38.6276],[-75.0767,38.6265],[-75.0669,38.6214],[-75.0687,38.6185],[-75.0668,38.6183],[-75.0675,38.6128],[-75.0705,38.6135],[-75.0705,38.617],[-75.0725,38.6177],[-75.0723,38.6122],[-75.075,38.6107],[-75.0619,38.6089],[-75.0652,38.6324],[-75.0655,38.661],[-75.0788,38.7343],[-75.0822,38.7722],[-75.0871,38.7901],[-75.0913,38.8013],[-75.0945,38.8039],[-75.0972,38.8021],[-75.0938,38.7969],[-75.095,38.7941],[-75.0937,38.794],[-75.0971,38.7887],[-75.1133,38.783],[-75.134,38.7822],[-75.159,38.7902],[-75.16,38.7888],[-75.1542,38.7828],[-75.1412,38.7789],[-75.1389,38.7759],[-75.1421,38.7787],[-75.1483,38.7792],[-75.1548,38.7823],[-75.1633,38.7901],[-75.182,38.798],[-75.1922,38.8051],[-75.1996,38.8023],[-75.2045,38.8023],[-75.2068,38.8038],[-75.2073,38.8078],[-75.2115,38.8076],[-75.2147,38.8095],[-75.2164,38.8054],[-75.2232,38.8055],[-75.2249,38.8063],[-75.2234,38.8093],[-75.2289,38.8098],[-75.2286,38.8076],[-75.232,38.8057],[-75.2343,38.8066],[-75.2383,38.8044],[-75.2415,38.8058],[-75.245,38.7973],[-75.2505,38.7979],[-75.2515,38.7948],[-75.2493,38.7942],[-75.2492,38.7917],[-75.2538,38.7891],[-75.2496,38.7923],[-75.2523,38.7946],[-75.2508,38.7982],[-75.2457,38.7974],[-75.2422,38.8062],[-75.2382,38.8051],[-75.2342,38.8071],[-75.2322,38.8064],[-75.2295,38.8077],[-75.2294,38.8103],[-75.2229,38.8098],[-75.2232,38.8061],[-75.2163,38.8062],[-75.2156,38.8102],[-75.2108,38.808],[-75.2073,38.8086],[-75.2055,38.8073],[-75.2058,38.8037],[-75.2039,38.8029],[-75.1992,38.803],[-75.1922,38.8067],[-75.1813,38.7985],[-75.1673,38.7923],[-75.1611,38.7902],[-75.1608,38.7912],[-75.1906,38.8069],[-75.2062,38.8245],[-75.237,38.8491],[-75.2576,38.8731],[-75.2717,38.8837],[-75.2837,38.896],[-75.3041,38.9132],[-75.316,38.9304],[-75.3169,38.9369],[-75.3127,38.9434],[-75.3025,38.9391],[-75.3136,38.9454],[-75.3176,38.9438],[-75.319,38.9411],[-75.3176,38.9398],[-75.3199,38.9403],[-75.3224,38.9378],[-75.3186,38.944],[-75.3148,38.9459],[-75.3149,38.9506],[-75.3204,38.9529],[-75.3259,38.9484],[-75.3317,38.9502],[-75.3375,38.9459],[-75.3529,38.9475],[-75.3566,38.9512],[-75.3605,38.958],[-75.3516,38.9477],[-75.338,38.9465],[-75.3343,38.9479],[-75.3322,38.9509],[-75.3265,38.9491],[-75.3203,38.9541],[-75.3145,38.9527],[-75.3135,38.9509],[-75.312,38.953],[-75.3116,38.9676],[-75.3164,38.9842],[-75.3424,39.0218],[-75.3698,39.0425],[-75.3799,39.0488],[-75.3879,39.0512],[-75.3966,39.0581],[-75.3992,39.0563],[-75.3998,39.0537],[-75.3978,39.0517],[-75.3931,39.0516],[-75.3935,39.0463],[-75.4007,39.0436],[-75.4058,39.0469],[-75.4072,39.0437],[-75.4017,39.0416],[-75.4019,39.0402],[-75.4079,39.0434],[-75.4072,39.0464],[-75.4051,39.0477],[-75.3998,39.0441],[-75.3942,39.0462],[-75.3932,39.0503],[-75.398,39.051],[-75.401,39.054],[-75.3958,39.0592],[-75.3992,39.0651],[-75.4041,39.0662],[-75.406,39.07],[-75.4094,39.0718],[-75.4127,39.0696],[-75.4159,39.0702],[-75.4089,39.0724],[-75.4046,39.0698],[-75.4038,39.0666],[-75.4015,39.0678],[-75.4023,39.076],[-75.4002,39.0982],[-75.4076,39.1222],[-75.4096,39.1463],[-75.4111,39.1473],[-75.4122,39.1531],[-75.4079,39.161],[-75.4096,39.1661],[-75.4083,39.1746],[-75.3976,39.1897],[-75.405,39.1955],[-75.4063,39.206],[-75.4106,39.2084],[-75.4158,39.2037],[-75.4144,39.2014],[-75.4151,39.1966],[-75.4206,39.196],[-75.4157,39.1969],[-75.4153,39.201],[-75.4192,39.2044],[-75.4167,39.2039],[-75.4136,39.2056],[-75.4127,39.2087],[-75.4101,39.2091],[-75.4055,39.2064],[-75.4036,39.1954],[-75.3969,39.1906],[-75.3986,39.1866],[-75.3951,39.1877],[-75.3929,39.2029],[-75.3964,39.2103],[-75.3962,39.2149],[-75.4045,39.2226],[-75.4135,39.2229],[-75.4246,39.2127],[-75.4309,39.2126],[-75.4332,39.2145],[-75.4338,39.2217],[-75.4394,39.2226],[-75.4425,39.2208],[-75.4456,39.2224],[-75.4485,39.221],[-75.4524,39.2233],[-75.45,39.2262],[-75.4564,39.2289],[-75.4523,39.2355],[-75.4532,39.237],[-75.4599,39.2357],[-75.4661,39.2404],[-75.4685,39.2391],[-75.4659,39.2411],[-75.4648,39.2387],[-75.4594,39.2362],[-75.456,39.2379],[-75.4528,39.2374],[-75.4519,39.2349],[-75.4554,39.2293],[-75.4494,39.2264],[-75.4519,39.2237],[-75.4479,39.2218],[-75.4451,39.2231],[-75.4427,39.2216],[-75.4394,39.2235],[-75.4341,39.2226],[-75.4321,39.2209],[-75.4318,39.214],[-75.4263,39.2132],[-75.4163,39.2229],[-75.4043,39.225],[-75.4016,39.2312],[-75.403,39.2411],[-75.4069,39.2442],[-75.4138,39.2438],[-75.4152,39.2423],[-75.4146,39.236],[-75.4195,39.2332],[-75.4223,39.2351],[-75.4289,39.2445],[-75.4323,39.2447],[-75.4342,39.2423],[-75.4497,39.2419],[-75.4534,39.2445],[-75.4604,39.2436],[-75.4712,39.2501],[-75.4829,39.2478],[-75.4897,39.2488],[-75.4902,39.2461],[-75.495,39.2447],[-75.4967,39.2465],[-75.5012,39.2462],[-75.5027,39.2481],[-75.5035,39.2459],[-75.5141,39.2417],[-75.518,39.2454],[-75.5247,39.2457],[-75.5258,39.2477],[-75.5246,39.2489],[-75.5309,39.2516],[-75.5353,39.2486],[-75.5391,39.2489],[-75.5401,39.2511],[-75.5491,39.251],[-75.5511,39.2472],[-75.5556,39.244],[-75.5682,39.2449],[-75.5559,39.2446],[-75.5491,39.2515],[-75.5398,39.2516],[-75.5389,39.2494],[-75.5356,39.2491],[-75.5308,39.253],[-75.5231,39.2496],[-75.5246,39.2465],[-75.5173,39.2458],[-75.5148,39.242],[-75.5046,39.2464],[-75.503,39.2486],[-75.4948,39.2454],[-75.4911,39.2467],[-75.4907,39.2491],[-75.4786,39.2487],[-75.4761,39.2508],[-75.4705,39.2505],[-75.4601,39.2442],[-75.4535,39.2451],[-75.4505,39.2445],[-75.4486,39.2422],[-75.444,39.2422],[-75.4341,39.2431],[-75.4322,39.2455],[-75.4272,39.2446],[-75.4202,39.2474],[-75.4202,39.2488],[-75.4232,39.2501],[-75.422,39.2526],[-75.4188,39.2537],[-75.4147,39.2516],[-75.4129,39.2541],[-75.4158,39.2587],[-75.4148,39.2644],[-75.4204,39.2648],[-75.4253,39.2599],[-75.4282,39.2599],[-75.4308,39.2624],[-75.43,39.2686],[-75.4316,39.2707],[-75.4352,39.2708],[-75.4387,39.2661],[-75.4423,39.2647],[-75.4483,39.2661],[-75.449,39.2702],[-75.444,39.2742],[-75.4508,39.2762],[-75.4507,39.2791],[-75.449,39.2811],[-75.4442,39.2822],[-75.4436,39.2848],[-75.4489,39.2882],[-75.4531,39.2885],[-75.4569,39.2874],[-75.4573,39.2838],[-75.459,39.2826],[-75.4634,39.2841],[-75.4647,39.2926],[-75.4571,39.2922],[-75.4544,39.294],[-75.4546,39.2959],[-75.4618,39.3],[-75.4655,39.2968],[-75.4682,39.2967],[-75.471,39.302],[-75.4785,39.3024],[-75.4799,39.3063],[-75.477,39.3125],[-75.4818,39.315],[-75.4813,39.3202],[-75.4839,39.3208],[-75.4892,39.3189],[-75.4912,39.3205],[-75.4923,39.3276],[-75.4984,39.341],[-75.5018,39.3363],[-75.4973,39.3292],[-75.4973,39.326],[-75.503,39.3372],[-75.5048,39.3367],[-75.5025,39.3402],[-75.5051,39.3396],[-75.5085,39.3357],[-75.5172,39.3347],[-75.5091,39.3362],[-75.5012,39.3421],[-75.5066,39.3421],[-75.5126,39.3458],[-75.5035,39.3424],[-75.4941,39.3466],[-75.4918,39.3519],[-75.4946,39.355],[-75.5053,39.3592],[-75.5144,39.3671],[-75.5161,39.3719],[-75.5152,39.3773],[-75.5212,39.3819],[-75.5206,39.3875],[-75.5401,39.3893],[-75.5435,39.3881],[-75.5443,39.3863],[-75.5447,39.3879],[-75.5495,39.3859],[-75.5425,39.3901],[-75.5447,39.3911],[-75.5582,39.3893],[-75.559,39.3905],[-75.5481,39.3919],[-75.5295,39.3899],[-75.5329,39.3917],[-75.5448,39.3929],[-75.5506,39.3961],[-75.5304,39.3917],[-75.5285,39.3901],[-75.5296,39.3937],[-75.5338,39.3971],[-75.529,39.3941],[-75.5269,39.3897],[-75.5241,39.3901],[-75.5234,39.3927],[-75.5279,39.3969],[-75.5356,39.4085],[-75.5382,39.4163],[-75.5497,39.4235],[-75.5559,39.4305],[-75.5716,39.4389],[-75.576,39.4377],[-75.578,39.4397],[-75.5804,39.4393],[-75.5791,39.4367],[-75.5818,39.4353],[-75.5797,39.4319],[-75.5819,39.4315],[-75.5805,39.4325],[-75.5829,39.4355],[-75.5801,39.4365],[-75.5812,39.4391],[-75.5783,39.4405],[-75.5753,39.4385],[-75.5705,39.4429],[-75.5736,39.4457],[-75.5781,39.4465],[-75.5791,39.4481],[-75.5823,39.4465],[-75.5861,39.4483],[-75.5901,39.4477],[-75.5911,39.4451],[-75.5956,39.4449],[-75.5971,39.4479],[-75.6013,39.4465],[-75.5966,39.4489],[-75.5954,39.4459],[-75.5913,39.4459],[-75.5905,39.4489],[-75.5866,39.4493],[-75.5827,39.4471],[-75.5802,39.4511],[-75.5904,39.4611],[-75.5932,39.4783],[-75.6043,39.4763],[-75.5926,39.4795],[-75.5882,39.4903],[-75.5883,39.4961],[-75.5769,39.5077],[-75.5725,39.5167],[-75.5688,39.5345],[-75.5693,39.5391],[-75.5727,39.5421],[-75.5695,39.5443],[-75.5716,39.5419],[-75.5693,39.5407],[-75.5661,39.5591],[-75.5652,39.5617],[-75.563,39.5625],[-75.5795,39.5729],[-75.599,39.5889],[-75.6037,39.5891],[-75.6191,39.5843],[-75.6047,39.5899],[-75.6119,39.5977],[-75.6139,39.6035],[-75.6169,39.6055],[-75.614,39.6061],[-75.6169,39.6073],[-75.6168,39.6093],[-75.6126,39.6081],[-75.6119,39.6107],[-75.6155,39.6155],[-75.6143,39.6179],[-75.6157,39.6205],[-75.6136,39.6203],[-75.6105,39.6255],[-75.6072,39.6267],[-75.6041,39.6325],[-75.5871,39.6511],[-75.5667,39.6573],[-75.5616,39.6575],[-75.5581,39.6639],[-75.5518,39.6673],[-75.553,39.6689],[-75.5519,39.6709],[-75.5301,39.6921],[-75.5263,39.6981],[-75.5249,39.6995],[-75.5211,39.6983],[-75.5258,39.7019],[-75.5203,39.7179],[-75.53,39.7205],[-75.5324,39.7179],[-75.5305,39.7209],[-75.5346,39.7239],[-75.5342,39.7337],[-75.5304,39.7241],[-75.5111,39.7189],[-75.4921,39.7089],[-75.4962,39.7014],[-75.5072,39.697],[-75.509,39.6945],[-75.5117,39.6743],[-75.5183,39.6639],[-75.5271,39.6569],[-75.5267,39.6551],[-75.5351,39.6472],[-75.542,39.646],[-75.5492,39.6378],[-75.5562,39.6349],[-75.5592,39.6293],[-75.5658,39.6287],[-75.5714,39.6263],[-75.5712,39.6211],[-75.5618,39.6053],[-75.5559,39.6059],[-75.5535,39.6017],[-75.5454,39.5968],[-75.5432,39.6023],[-75.5435,39.5983],[-75.5407,39.6008],[-75.5416,39.6028],[-75.5401,39.6012],[-75.5382,39.6028],[-75.5402,39.6007],[-75.5358,39.6025],[-75.5328,39.6069],[-75.5352,39.6106],[-75.5337,39.6121],[-75.5349,39.6112],[-75.5326,39.6063],[-75.5315,39.6066],[-75.5344,39.6041],[-75.5348,39.6018],[-75.5415,39.5981],[-75.5389,39.5979],[-75.5442,39.5966],[-75.5411,39.5942],[-75.5382,39.5971],[-75.5387,39.5957],[-75.5363,39.5952],[-75.5396,39.5944],[-75.5359,39.5923],[-75.5306,39.5948],[-75.5312,39.5983],[-75.5292,39.5956],[-75.5251,39.5979],[-75.5264,39.6016],[-75.525,39.6011],[-75.5247,39.5983],[-75.5213,39.6006],[-75.5186,39.606],[-75.5187,39.61],[-75.5178,39.6066],[-75.5192,39.6024],[-75.5168,39.605],[-75.5113,39.6068],[-75.5191,39.6016],[-75.5141,39.6019],[-75.518,39.6017],[-75.5173,39.6006],[-75.5203,39.5992],[-75.5168,39.5998],[-75.5125,39.5955],[-75.5169,39.5995],[-75.5262,39.5953],[-75.5288,39.5897],[-75.5244,39.5954],[-75.5225,39.5957],[-75.524,39.5923],[-75.5287,39.5882],[-75.5264,39.5871],[-75.5235,39.5899],[-75.5258,39.5874],[-75.5239,39.5846],[-75.5257,39.5841],[-75.5196,39.5833],[-75.5108,39.5766],[-75.5123,39.5809],[-75.5157,39.5831],[-75.5137,39.5827],[-75.5128,39.5849],[-75.5137,39.5894],[-75.5111,39.5797],[-75.5089,39.5804],[-75.5055,39.5849],[-75.5082,39.5811],[-75.5083,39.5779],[-75.5062,39.5768],[-75.5055,39.5806],[-75.5037,39.5818],[-75.5059,39.577],[-75.5033,39.58],[-75.5001,39.5807],[-75.5046,39.577],[-75.5028,39.5731],[-75.5056,39.5737],[-75.5041,39.5706],[-75.4954,39.5744],[-75.4954,39.5816],[-75.4919,39.5845],[-75.4875,39.5852],[-75.4886,39.5842],[-75.4852,39.5845],[-75.4815,39.5821],[-75.4809,39.5796],[-75.4794,39.5795],[-75.4822,39.577],[-75.4813,39.5754],[-75.4762,39.5793],[-75.476,39.5825],[-75.4801,39.5814],[-75.481,39.5833],[-75.4789,39.5826],[-75.4833,39.5862],[-75.4826,39.5895],[-75.4896,39.5918],[-75.4917,39.5946],[-75.4894,39.5918],[-75.4825,39.5902],[-75.483,39.5917],[-75.4878,39.5941],[-75.4867,39.5942],[-75.489,39.5978],[-75.4937,39.5999],[-75.4886,39.5978],[-75.4816,39.5916],[-75.4815,39.5952],[-75.4795,39.597],[-75.4744,39.597],[-75.4741,39.5997],[-75.4781,39.6018],[-75.4776,39.6107],[-75.4843,39.6114],[-75.4821,39.6116],[-75.4857,39.6131],[-75.4798,39.6121],[-75.4881,39.6162],[-75.4916,39.6153],[-75.4865,39.6159],[-75.4827,39.6191],[-75.4844,39.6198],[-75.4845,39.6219],[-75.4812,39.6188],[-75.4763,39.6186],[-75.4784,39.621],[-75.4775,39.6248],[-75.4806,39.6275],[-75.4761,39.6316],[-75.4768,39.6339],[-75.4799,39.6355],[-75.4788,39.6434],[-75.4822,39.6461],[-75.4878,39.6471],[-75.4855,39.6504],[-75.4817,39.6501],[-75.4842,39.6535],[-75.4804,39.6537],[-75.4791,39.6555],[-75.4784,39.6543],[-75.4764,39.6552],[-75.4774,39.656],[-75.4768,39.654],[-75.4742,39.6542],[-75.4754,39.6532],[-75.4679,39.653],[-75.4639,39.6486],[-75.461,39.6487],[-75.4605,39.6508],[-75.4588,39.6507],[-75.4601,39.6485],[-75.4583,39.647],[-75.4611,39.6447],[-75.4574,39.645],[-75.4569,39.6432],[-75.4594,39.6426],[-75.4571,39.6412],[-75.4614,39.6407],[-75.4596,39.6395],[-75.4605,39.6374],[-75.4619,39.6386],[-75.4684,39.6374],[-75.4675,39.6349],[-75.4695,39.6348],[-75.4695,39.6336],[-75.4686,39.6295],[-75.4664,39.6294],[-75.4663,39.6277],[-75.4616,39.6265],[-75.4607,39.6297],[-75.4546,39.6247],[-75.4512,39.6241],[-75.4531,39.6212],[-75.4498,39.6182],[-75.4533,39.619],[-75.4557,39.6177],[-75.4525,39.6136],[-75.4484,39.6136],[-75.4456,39.6183],[-75.4282,39.6158],[-75.4264,39.6143],[-75.4254,39.6154],[-75.4191,39.6122],[-75.4126,39.6174],[-75.4088,39.6181],[-75.4074,39.6171],[-75.4116,39.6169],[-75.4165,39.6117],[-75.4102,39.609],[-75.4079,39.6098],[-75.4101,39.6077],[-75.4061,39.6025],[-75.4015,39.6007],[-75.3991,39.6016],[-75.3965,39.5979],[-75.3992,39.6003],[-75.4072,39.6008],[-75.4094,39.6065],[-75.4167,39.6099],[-75.4241,39.6085],[-75.4236,39.6107],[-75.4251,39.6117],[-75.4321,39.6091],[-75.4382,39.6138],[-75.4403,39.6124],[-75.4404,39.6104],[-75.4437,39.6124],[-75.4459,39.6095],[-75.4452,39.6074],[-75.4467,39.6083],[-75.4492,39.6058],[-75.4528,39.6071],[-75.4547,39.6059],[-75.4536,39.6028],[-75.4573,39.5985],[-75.4514,39.5973],[-75.4624,39.594],[-75.4636,39.5902],[-75.4666,39.5878],[-75.4661,39.5852],[-75.4733,39.5874],[-75.4747,39.5789],[-75.4722,39.5817],[-75.4735,39.5792],[-75.4705,39.5772],[-75.4675,39.579],[-75.4638,39.5779],[-75.4632,39.58],[-75.4619,39.5795],[-75.4631,39.5774],[-75.4675,39.5781],[-75.4702,39.5766],[-75.475,39.5783],[-75.4804,39.5743],[-75.4835,39.5741],[-75.4833,39.5727],[-75.484,39.5739],[-75.4958,39.5715],[-75.5008,39.5685],[-75.5009,39.5663],[-75.5075,39.5646],[-75.5076,39.5661],[-75.5052,39.5673],[-75.5119,39.5676],[-75.5189,39.5551],[-75.5338,39.5408],[-75.5309,39.5367],[-75.5277,39.5374],[-75.5253,39.5357],[-75.522,39.5366],[-75.5076,39.5339],[-75.5108,39.5327],[-75.5178,39.5342],[-75.5141,39.5302],[-75.5211,39.5356],[-75.5268,39.5349],[-75.5256,39.5322],[-75.5265,39.5236],[-75.5235,39.5232],[-75.5268,39.5227],[-75.5271,39.5142],[-75.5295,39.511],[-75.5297,39.5047],[-75.5289,39.5015],[-75.5236,39.4987],[-75.52,39.5024],[-75.5175,39.502],[-75.5167,39.4976],[-75.5081,39.5019],[-75.5057,39.5046],[-75.5069,39.5018],[-75.5041,39.5008],[-75.4977,39.5036],[-75.4996,39.5064],[-75.5003,39.5123],[-75.5031,39.5138],[-75.4927,39.5125],[-75.4971,39.5127],[-75.4986,39.5108],[-75.4986,39.5068],[-75.4955,39.5034],[-75.4925,39.5059],[-75.4945,39.5097],[-75.4925,39.512],[-75.4928,39.5107],[-75.4859,39.5101],[-75.4834,39.508],[-75.4785,39.5121],[-75.4757,39.5111],[-75.4759,39.5071],[-75.4676,39.5058],[-75.4593,39.5099],[-75.4612,39.5127],[-75.4604,39.518],[-75.4522,39.5237],[-75.453,39.5269],[-75.4498,39.5285],[-75.4485,39.5317],[-75.4456,39.5319],[-75.4488,39.5304],[-75.4487,39.5291],[-75.447,39.5273],[-75.4449,39.5278],[-75.4425,39.5351],[-75.4317,39.5393],[-75.4312,39.5417],[-75.4244,39.5421],[-75.4204,39.5471],[-75.4152,39.5483],[-75.4199,39.5468],[-75.4232,39.5427],[-75.4205,39.5409],[-75.4308,39.541],[-75.431,39.5389],[-75.4347,39.5381],[-75.4368,39.5355],[-75.4428,39.5344],[-75.4426,39.5297],[-75.4442,39.5274],[-75.4518,39.5273],[-75.4518,39.523],[-75.4584,39.5197],[-75.4602,39.5167],[-75.4603,39.5124],[-75.4574,39.51],[-75.4674,39.5053],[-75.4752,39.506],[-75.4798,39.5073],[-75.4801,39.5088],[-75.4795,39.5021],[-75.4811,39.5056],[-75.4869,39.5039],[-75.4913,39.5053],[-75.4936,39.5028],[-75.5122,39.4995],[-75.5099,39.4943],[-75.5123,39.4985],[-75.5184,39.4975],[-75.5188,39.5013],[-75.5205,39.5012],[-75.5229,39.4979],[-75.5271,39.5001],[-75.5281,39.4981],[-75.5212,39.4796],[-75.5246,39.4822],[-75.5272,39.4915],[-75.5331,39.4892],[-75.5373,39.4901],[-75.539,39.5017],[-75.5405,39.5025],[-75.5425,39.4979],[-75.5444,39.4796],[-75.5414,39.4668],[-75.5354,39.4603],[-75.5084,39.4591],[-75.5064,39.4538],[-75.503,39.4511],[-75.4947,39.4572],[-75.4975,39.4613],[-75.4938,39.4616],[-75.4959,39.4622],[-75.4964,39.4647],[-75.4928,39.4615],[-75.4966,39.4611],[-75.4942,39.4571],[-75.4988,39.4536],[-75.5,39.4488],[-75.4894,39.4482],[-75.4879,39.4438],[-75.4852,39.4421],[-75.4822,39.4428],[-75.4795,39.4458],[-75.484,39.4412],[-75.4776,39.4389],[-75.4769,39.4371],[-75.4652,39.4389],[-75.4621,39.4349],[-75.4621,39.4299],[-75.4593,39.43],[-75.4577,39.4235],[-75.4529,39.4166],[-75.4509,39.4203],[-75.4532,39.4208],[-75.4539,39.4227],[-75.447,39.4345],[-75.4481,39.4388],[-75.4514,39.439],[-75.4534,39.4411],[-75.4528,39.4442],[-75.4477,39.4459],[-75.4518,39.4442],[-75.4524,39.4416],[-75.4509,39.4395],[-75.447,39.4388],[-75.4469,39.4364],[-75.4395,39.4349],[-75.4361,39.4367],[-75.4321,39.4357],[-75.4323,39.4382],[-75.4297,39.4392],[-75.4315,39.4419],[-75.4301,39.4458],[-75.4313,39.4483],[-75.4276,39.4498],[-75.4307,39.4483],[-75.4296,39.4456],[-75.431,39.4418],[-75.4288,39.4393],[-75.4316,39.4381],[-75.4313,39.4355],[-75.4363,39.4364],[-75.4423,39.4337],[-75.4377,39.4328],[-75.4375,39.4309],[-75.4316,39.4291],[-75.4386,39.4306],[-75.4375,39.4323],[-75.4418,39.4323],[-75.4428,39.4356],[-75.4455,39.4363],[-75.4526,39.422],[-75.4498,39.4204],[-75.4513,39.4157],[-75.4444,39.4061],[-75.4424,39.4058],[-75.4424,39.4023],[-75.439,39.4006],[-75.4399,39.3998],[-75.4372,39.3986],[-75.4301,39.389],[-75.4239,39.3863],[-75.4174,39.3872],[-75.4177,39.3893],[-75.4154,39.3908],[-75.4183,39.393],[-75.4177,39.396],[-75.412,39.3951],[-75.4078,39.3962],[-75.4118,39.4011],[-75.4061,39.4047],[-75.4055,39.4066],[-75.4107,39.4085],[-75.4114,39.4048],[-75.4141,39.4042],[-75.416,39.4084],[-75.4202,39.4123],[-75.4191,39.4153],[-75.4149,39.416],[-75.4155,39.4193],[-75.4119,39.4207],[-75.4123,39.4239],[-75.4087,39.4243],[-75.4108,39.427],[-75.4108,39.4305],[-75.4148,39.4284],[-75.4181,39.4297],[-75.4192,39.4321],[-75.4165,39.4348],[-75.4121,39.4338],[-75.4098,39.4373],[-75.4152,39.4368],[-75.4173,39.439],[-75.4165,39.4407],[-75.4123,39.4402],[-75.4098,39.4432],[-75.4123,39.4456],[-75.4107,39.4502],[-75.4146,39.4504],[-75.415,39.4536],[-75.4082,39.4593],[-75.4009,39.4624],[-75.3811,39.4582],[-75.3879,39.457],[-75.4021,39.4612],[-75.414,39.4522],[-75.41,39.4505],[-75.411,39.4453],[-75.4089,39.4433],[-75.4116,39.4395],[-75.4161,39.4397],[-75.4159,39.4386],[-75.4144,39.4373],[-75.4101,39.4392],[-75.4067,39.4367],[-75.4049,39.4374],[-75.4021,39.4356],[-75.4032,39.4347],[-75.3992,39.4345],[-75.398,39.4317],[-75.4001,39.4306],[-75.3985,39.4302],[-75.399,39.4282],[-75.4011,39.4279],[-75.4029,39.4249],[-75.4017,39.43],[-75.4039,39.4308],[-75.403,39.4321],[-75.4072,39.4365],[-75.4089,39.437],[-75.4118,39.4331],[-75.4164,39.4341],[-75.4183,39.4328],[-75.4172,39.4298],[-75.415,39.429],[-75.4105,39.4312],[-75.4076,39.4241],[-75.4118,39.4231],[-75.4102,39.4201],[-75.4144,39.4193],[-75.4137,39.416],[-75.4183,39.415],[-75.4188,39.4111],[-75.415,39.4089],[-75.4134,39.4048],[-75.4109,39.4091],[-75.4045,39.4072],[-75.4056,39.4037],[-75.4108,39.4009],[-75.4072,39.3986],[-75.4069,39.396],[-75.412,39.3941],[-75.4172,39.3953],[-75.4172,39.3932],[-75.4142,39.3912],[-75.4169,39.3881],[-75.4131,39.3846],[-75.4114,39.3876],[-75.4087,39.3878],[-75.4057,39.3804],[-75.4013,39.3807],[-75.3974,39.3776],[-75.3988,39.3755],[-75.395,39.3724],[-75.395,39.37],[-75.3935,39.3692],[-75.395,39.3675],[-75.3943,39.3638],[-75.39,39.3583],[-75.3812,39.3541],[-75.3769,39.3542],[-75.3706,39.3518],[-75.3667,39.3451],[-75.3632,39.3487],[-75.3579,39.3507],[-75.3658,39.3522],[-75.3676,39.3545],[-75.3672,39.3571],[-75.3647,39.3595],[-75.3555,39.362],[-75.3571,39.3687],[-75.3497,39.3693],[-75.3484,39.3738],[-75.3534,39.3751],[-75.3552,39.3782],[-75.3493,39.3836],[-75.3456,39.3835],[-75.3369,39.3786],[-75.3326,39.379],[-75.3316,39.3807],[-75.3349,39.385],[-75.333,39.3877],[-75.329,39.3876],[-75.3265,39.3853],[-75.3235,39.3883],[-75.3262,39.3849],[-75.3235,39.382],[-75.3196,39.3845],[-75.32,39.3896],[-75.3186,39.3907],[-75.3081,39.3916],[-75.3078,39.3901],[-75.3069,39.3915],[-75.3065,39.3838],[-75.305,39.382],[-75.3001,39.3837],[-75.2969,39.3831],[-75.2973,39.3857],[-75.2956,39.3815],[-75.2929,39.3836],[-75.2945,39.3811],[-75.2923,39.3804],[-75.2946,39.3808],[-75.2955,39.3779],[-75.2921,39.3748],[-75.2892,39.3753],[-75.2874,39.3813],[-75.2855,39.3824],[-75.2892,39.3867],[-75.2783,39.3787],[-75.2759,39.3803],[-75.2776,39.3824],[-75.2762,39.3854],[-75.2703,39.386],[-75.268,39.3835],[-75.2689,39.3797],[-75.2625,39.3829],[-75.2607,39.3817],[-75.2613,39.3781],[-75.2585,39.3768],[-75.2537,39.3803],[-75.2503,39.38],[-75.248,39.3767],[-75.2459,39.3781],[-75.2467,39.3825],[-75.2434,39.3836],[-75.2428,39.3815],[-75.2453,39.3788],[-75.2276,39.3823],[-75.2301,39.3881],[-75.2336,39.3868],[-75.2291,39.3895],[-75.2327,39.3917],[-75.2289,39.3899],[-75.227,39.3921],[-75.2308,39.3942],[-75.2276,39.3932],[-75.2278,39.3963],[-75.2319,39.397],[-75.2303,39.3972],[-75.2302,39.399],[-75.2276,39.3974],[-75.2275,39.3994],[-75.2317,39.4008],[-75.2337,39.4034],[-75.2321,39.409],[-75.2347,39.4171],[-75.2331,39.4199],[-75.2354,39.4212],[-75.2357,39.4235],[-75.2324,39.4235],[-75.2344,39.4228],[-75.2311,39.4197],[-75.2322,39.4146],[-75.2301,39.4107],[-75.2314,39.403],[-75.2259,39.4002],[-75.2251,39.393],[-75.2278,39.3874],[-75.2265,39.3837],[-75.2238,39.3808],[-75.2197,39.3863],[-75.2164,39.3879],[-75.2147,39.3869],[-75.2228,39.3801],[-75.2253,39.3816],[-75.235,39.3783],[-75.2411,39.3787],[-75.248,39.3751],[-75.2525,39.3788],[-75.2589,39.3753],[-75.2631,39.3778],[-75.2624,39.3817],[-75.2674,39.3785],[-75.2706,39.3798],[-75.2713,39.3783],[-75.2714,39.3852],[-75.2748,39.3832],[-75.2729,39.3818],[-75.2747,39.3782],[-75.2715,39.3775],[-75.2755,39.3782],[-75.2767,39.3762],[-75.2809,39.3786],[-75.2812,39.3761],[-75.2814,39.3789],[-75.2841,39.3812],[-75.2869,39.3796],[-75.2859,39.3751],[-75.2866,39.3762],[-75.2931,39.3737],[-75.2962,39.3748],[-75.2994,39.3817],[-75.3046,39.3806],[-75.309,39.3829],[-75.3084,39.3886],[-75.3182,39.3894],[-75.3181,39.3832],[-75.3217,39.3807],[-75.3264,39.3812],[-75.3309,39.3865],[-75.3334,39.3852],[-75.3296,39.3801],[-75.3325,39.3771],[-75.339,39.3769],[-75.3486,39.382],[-75.3537,39.3782],[-75.3525,39.3764],[-75.3471,39.3751],[-75.3472,39.3694],[-75.3497,39.3674],[-75.356,39.3675],[-75.3537,39.3634],[-75.3552,39.3599],[-75.3652,39.3566],[-75.3639,39.3533],[-75.3582,39.3535],[-75.3555,39.3514],[-75.3564,39.349],[-75.3629,39.3459],[-75.3604,39.3446],[-75.3575,39.3478],[-75.342,39.3487],[-75.3337,39.3453],[-75.3326,39.342],[-75.3263,39.3404],[-75.3254,39.3416],[-75.3258,39.3392],[-75.3276,39.3392],[-75.3271,39.3334],[-75.3152,39.3106],[-75.306,39.3017],[-75.3008,39.2995],[-75.2981,39.2958],[-75.289,39.2907],[-75.2886,39.2892],[-75.2853,39.2911],[-75.2826,39.2985],[-75.2856,39.3004],[-75.285,39.304],[-75.2776,39.3061],[-75.2773,39.31],[-75.2824,39.3139],[-75.2844,39.313],[-75.2958,39.3165],[-75.2947,39.3173],[-75.2844,39.3136],[-75.2826,39.3145],[-75.2808,39.3188],[-75.2804,39.3287],[-75.2726,39.3333],[-75.2762,39.3363],[-75.2754,39.3395],[-75.2776,39.3424],[-75.2803,39.3425],[-75.281,39.345],[-75.2838,39.3458],[-75.2849,39.348],[-75.2736,39.3394],[-75.2725,39.3431],[-75.2691,39.3443],[-75.2706,39.3484],[-75.2698,39.3515],[-75.2685,39.3513],[-75.2697,39.3483],[-75.2681,39.3438],[-75.2717,39.3427],[-75.2719,39.3389],[-75.2748,39.3371],[-75.2724,39.3359],[-75.2701,39.3369],[-75.2674,39.3349],[-75.262,39.3362],[-75.2604,39.3349],[-75.2606,39.3373],[-75.2629,39.3387],[-75.2589,39.3356],[-75.268,39.3343],[-75.2707,39.3364],[-75.2709,39.3318],[-75.279,39.3283],[-75.2785,39.324],[-75.277,39.3236],[-75.2792,39.3225],[-75.2786,39.3193],[-75.2803,39.3137],[-75.2756,39.3115],[-75.2745,39.3075],[-75.2772,39.3043],[-75.2826,39.3034],[-75.2832,39.3018],[-75.2785,39.3019],[-75.2771,39.2993],[-75.2755,39.302],[-75.2695,39.3043],[-75.2481,39.2984],[-75.2472,39.2997],[-75.2502,39.3033],[-75.2463,39.303],[-75.2446,39.3061],[-75.2408,39.3062],[-75.2463,39.3102],[-75.2428,39.3137],[-75.2383,39.3123],[-75.2395,39.315],[-75.2332,39.3173],[-75.2345,39.3199],[-75.232,39.3207],[-75.2309,39.3198],[-75.2337,39.3194],[-75.2327,39.3169],[-75.2387,39.3151],[-75.2376,39.3121],[-75.2423,39.3132],[-75.2444,39.3118],[-75.245,39.3089],[-75.2411,39.3079],[-75.2404,39.3058],[-75.2442,39.3055],[-75.2461,39.3025],[-75.2496,39.3027],[-75.2463,39.3002],[-75.247,39.2982],[-75.2527,39.2978],[-75.253,39.296],[-75.2476,39.2915],[-75.2442,39.2856],[-75.2392,39.2847],[-75.2368,39.2858],[-75.2386,39.2891],[-75.2359,39.2911],[-75.2332,39.2905],[-75.2321,39.2849],[-75.2247,39.2873],[-75.2241,39.2856],[-75.2271,39.2844],[-75.2261,39.2836],[-75.2223,39.2853],[-75.2173,39.2848],[-75.2203,39.2874],[-75.2195,39.2896],[-75.2129,39.2881],[-75.2068,39.2894],[-75.2034,39.2876],[-75.2034,39.29],[-75.1981,39.2912],[-75.1985,39.2925],[-75.2011,39.2925],[-75.2022,39.296],[-75.1976,39.2992],[-75.1954,39.299],[-75.194,39.3025],[-75.1965,39.307],[-75.193,39.3097],[-75.1938,39.307],[-75.1927,39.3059],[-75.1894,39.3089],[-75.1889,39.3052],[-75.1909,39.3039],[-75.1884,39.3011],[-75.1894,39.3004],[-75.1918,39.3022],[-75.1948,39.2985],[-75.1911,39.2979],[-75.1809,39.3016],[-75.1805,39.2997],[-75.1745,39.2996],[-75.1778,39.2979],[-75.1881,39.2979],[-75.2006,39.2956],[-75.2019,39.2948],[-75.2006,39.2931],[-75.1974,39.292],[-75.1982,39.2904],[-75.2028,39.2896],[-75.2033,39.2869],[-75.2067,39.2882],[-75.2166,39.2876],[-75.2191,39.2891],[-75.2196,39.2875],[-75.2161,39.2853],[-75.2173,39.284],[-75.2224,39.2847],[-75.2268,39.2832],[-75.2279,39.2845],[-75.2245,39.2861],[-75.2252,39.2869],[-75.2323,39.2844],[-75.2337,39.2896],[-75.2361,39.2906],[-75.2375,39.2886],[-75.2355,39.286],[-75.2453,39.2774],[-75.2386,39.2725],[-75.2304,39.2707],[-75.2125,39.2628],[-75.2086,39.2634],[-75.2045,39.2618],[-75.2051,39.2609],[-75.1975,39.2552],[-75.1964,39.2501],[-75.1903,39.2439],[-75.1855,39.2465],[-75.179,39.2426],[-75.1761,39.244],[-75.1701,39.2433],[-75.1776,39.2429],[-75.1704,39.2346],[-75.1664,39.2226],[-75.1672,39.2179],[-75.1608,39.212],[-75.1649,39.2102],[-75.1671,39.2074],[-75.168,39.2018],[-75.166,39.2025],[-75.1523,39.1887],[-75.1463,39.186],[-75.144,39.1866],[-75.1391,39.18],[-75.1366,39.1794],[-75.1314,39.1867],[-75.1257,39.19],[-75.1189,39.2023],[-75.1147,39.2067],[-75.1175,39.2078],[-75.12,39.2115],[-75.1224,39.2118],[-75.1197,39.2121],[-75.1168,39.2084],[-75.1087,39.2096],[-75.1081,39.2132],[-75.1029,39.2154],[-75.1036,39.2166],[-75.1101,39.2166],[-75.1113,39.2217],[-75.1152,39.2208],[-75.1166,39.2235],[-75.1126,39.2235],[-75.116,39.2254],[-75.1156,39.227],[-75.1119,39.2259],[-75.1094,39.2277],[-75.1113,39.2252],[-75.1152,39.2263],[-75.1118,39.2229],[-75.116,39.2227],[-75.1142,39.2214],[-75.1096,39.2216],[-75.1089,39.2174],[-75.1021,39.2163],[-75.1034,39.2136],[-75.1073,39.2114],[-75.101,39.2117],[-75.0873,39.2082],[-75.0625,39.2136],[-75.0482,39.2125],[-75.046,39.2184],[-75.0407,39.2214],[-75.0358,39.221],[-75.0286,39.216],[-75.0257,39.219],[-75.0362,39.2252],[-75.0368,39.2278],[-75.035,39.2305],[-75.0249,39.2376],[-75.0139,39.2344],[-75.0122,39.2374],[-75.0182,39.2412],[-75.0187,39.2449],[-75.0142,39.2479],[-75.0051,39.2471],[-75.0091,39.2565],[-75.0054,39.2523],[-75.0033,39.2562],[-75.0029,39.2545],[-74.9967,39.2546],[-74.9928,39.259],[-75.0002,39.2605],[-75.0029,39.263],[-75.014,39.2624],[-75.003,39.2635],[-75.002,39.2659],[-74.996,39.2696],[-74.9962,39.2739],[-74.9932,39.2762],[-74.9923,39.2801],[-74.992,39.287],[-74.9864,39.2904],[-74.9852,39.2929],[-74.9873,39.2929],[-74.9811,39.2977],[-74.9835,39.2998],[-74.9901,39.2991],[-74.9931,39.3024],[-74.9952,39.3023],[-74.9926,39.3038],[-74.9966,39.304],[-74.9925,39.3043],[-74.9908,39.3073],[-74.9947,39.3058],[-75.0008,39.3062],[-75.0005,39.3042],[-75.0027,39.3031],[-75.0001,39.307],[-75.0028,39.3125],[-75.0068,39.3136],[-75.004,39.3143],[-75.0067,39.3157],[-75.0015,39.314],[-74.9979,39.3169],[-75.0027,39.3188],[-75.0041,39.3168],[-75.0089,39.3176],[-75.0044,39.3173],[-75.0042,39.3192],[-75.0104,39.3194],[-75.0053,39.3199],[-75.0067,39.3221],[-75.0101,39.3224],[-75.0026,39.3265],[-75.0088,39.3273],[-75.0093,39.3258],[-75.0136,39.3257],[-75.0124,39.3269],[-75.0157,39.327],[-75.0104,39.3284],[-75.0161,39.3272],[-75.0159,39.3299],[-75.0187,39.3325],[-75.0162,39.3334],[-75.016,39.3303],[-75.0138,39.3281],[-75.0105,39.3288],[-75.0105,39.3322],[-75.0139,39.3316],[-75.0155,39.333],[-75.0139,39.3331],[-75.0138,39.335],[-75.0216,39.3385],[-75.0164,39.3419],[-75.0233,39.3448],[-75.0246,39.347],[-75.0231,39.3501],[-75.0285,39.3517],[-75.032,39.3552],[-75.0289,39.3591],[-75.0362,39.3614],[-75.0383,39.3671],[-75.0357,39.3705],[-75.0382,39.3742],[-75.0379,39.3785],[-75.0409,39.3794],[-75.0364,39.3825],[-75.0409,39.3894],[-75.0418,39.3929],[-75.0404,39.3952],[-75.0388,39.3866],[-75.0359,39.3832],[-75.0375,39.3798],[-75.0365,39.3741],[-75.0327,39.3718],[-75.0329,39.3692],[-75.0315,39.3687],[-75.0368,39.3674],[-75.0335,39.3672],[-75.0372,39.3666],[-75.0367,39.3646],[-75.035,39.3625],[-75.0337,39.3637],[-75.0337,39.3623],[-75.0288,39.3614],[-75.027,39.3592],[-75.031,39.3553],[-75.021,39.3509],[-75.0212,39.3459],[-75.0158,39.3448],[-75.0144,39.3417],[-75.0196,39.3383],[-75.0103,39.3382],[-75.0083,39.3402],[-75.0101,39.3379],[-75.0009,39.3264],[-75.005,39.3222],[-75.0044,39.3207],[-75.0013,39.3208],[-75.0019,39.3218],[-74.9978,39.3189],[-74.9968,39.3159],[-74.9986,39.3138],[-74.9981,39.3122],[-74.9933,39.3094],[-74.9934,39.3111],[-74.9913,39.3121],[-74.9891,39.3095],[-74.9875,39.3127],[-74.9844,39.3132],[-74.9856,39.3158],[-74.9838,39.3146],[-74.9847,39.3122],[-74.9882,39.3114],[-74.989,39.3089],[-74.9914,39.3115],[-74.9927,39.3109],[-74.9927,39.3091],[-74.9881,39.3068],[-74.9909,39.3013],[-74.9881,39.3002],[-74.9828,39.3015],[-74.9779,39.2972],[-74.9783,39.3001],[-74.9763,39.3002],[-74.9676,39.3077],[-74.9776,39.2994],[-74.9789,39.2959],[-74.9778,39.2955],[-74.9796,39.2951],[-74.9768,39.2941],[-74.9798,39.2947],[-74.978,39.2932],[-74.9802,39.2942],[-74.9822,39.2932],[-74.9829,39.2917],[-74.979,39.2896],[-74.9824,39.2908],[-74.9802,39.2886],[-74.9836,39.2888],[-74.9837,39.2902],[-74.9906,39.2861],[-74.9908,39.2821],[-74.9887,39.2799],[-74.9848,39.2824],[-74.9863,39.2824],[-74.9848,39.2834],[-74.987,39.2845],[-74.9838,39.283],[-74.9805,39.2837],[-74.9778,39.2823],[-74.9777,39.2762],[-74.9754,39.2762],[-74.9781,39.2755],[-74.9795,39.2718],[-74.9828,39.2695],[-74.9864,39.2689],[-74.9911,39.2714],[-74.9996,39.2658],[-75.0009,39.2629],[-74.9937,39.2625],[-74.9907,39.2665],[-74.9929,39.2625],[-74.9905,39.2595],[-74.9948,39.2538],[-75.0027,39.2527],[-75.003,39.2511],[-75.0012,39.2506],[-75.0027,39.2507],[-75.0026,39.2476],[-75.0047,39.2452],[-75.0144,39.2464],[-75.016,39.245],[-75.0168,39.2427],[-75.0098,39.2386],[-75.0095,39.2351],[-75.0154,39.2321],[-75.0243,39.2359],[-75.0337,39.2285],[-75.0337,39.2262],[-75.0244,39.2229],[-75.0224,39.2203],[-75.0255,39.2143],[-75.0305,39.2132],[-75.0301,39.2114],[-75.0259,39.2094],[-75.0233,39.2048],[-75.0236,39.2026],[-75.0278,39.1995],[-75.0289,39.1946],[-75.0037,39.1908],[-74.9945,39.1921],[-74.9793,39.1915],[-74.9772,39.1928],[-74.9513,39.188],[-74.938,39.1842],[-74.9194,39.1761],[-74.9168,39.1757],[-74.9147,39.1778],[-74.9037,39.1743],[-74.8929,39.1647],[-74.8916,39.1604],[-74.8868,39.158],[-74.8859,39.1436],[-74.8896,39.1404],[-74.8899,39.1281],[-74.8792,39.1267],[-74.8648,39.1151],[-74.8479,39.1133],[-74.8504,39.1129],[-74.849,39.1118],[-74.855,39.1141],[-74.8641,39.1141],[-74.8663,39.1073],[-74.8657,39.115],[-74.8683,39.1183],[-74.879,39.1261],[-74.882,39.1256],[-74.8871,39.128],[-74.8913,39.1273],[-74.8923,39.114],[-74.8992,39.0956],[-74.943,39.0276],[-74.9511,39.0121],[-74.9591,38.9882],[-74.9639,38.9678],[-74.9374,38.9675],[-74.9137,38.959],[-74.9028,38.9528],[-74.9023,38.9553],[-74.8999,38.9549],[-74.9018,38.9527],[-74.8919,38.9544],[-74.8943,38.9523],[-74.8899,38.9524],[-74.8889,38.9536],[-74.8903,38.9561],[-74.8946,38.9579],[-74.8894,38.9575],[-74.8884,38.9598],[-74.8894,38.9626],[-74.8866,38.959],[-74.8893,38.9559],[-74.888,38.9542],[-74.8773,38.954],[-74.8808,38.9567],[-74.8812,38.96],[-74.8868,38.963],[-74.8865,38.9655],[-74.8829,38.9688],[-74.8848,38.9712],[-74.8846,38.9746],[-74.8827,38.9751],[-74.8803,38.9729],[-74.8793,38.9738],[-74.8806,38.977],[-74.8786,38.9747],[-74.8804,38.9725],[-74.884,38.9744],[-74.884,38.9711],[-74.8823,38.9696],[-74.8766,38.9699],[-74.8695,38.9729],[-74.8657,38.9716],[-74.8652,38.9744],[-74.8639,38.9724],[-74.8586,38.9747],[-74.8623,38.9765],[-74.8632,38.9815],[-74.8659,38.9791],[-74.8701,38.9805],[-74.8714,38.9771],[-74.8757,38.9767],[-74.8716,38.9778],[-74.8746,38.9804],[-74.8716,38.9791],[-74.8721,38.9822],[-74.8658,38.98],[-74.8648,38.9817],[-74.866,38.9856],[-74.8669,38.9846],[-74.8668,38.9864],[-74.8701,38.9876],[-74.8743,38.9856],[-74.875,38.9869],[-74.8727,38.9883],[-74.8731,38.9904],[-74.8759,38.9904],[-74.8758,38.9877],[-74.8781,38.9871],[-74.8787,38.9904],[-74.883,38.9902],[-74.8872,38.9937],[-74.8829,38.9907],[-74.8781,38.9908],[-74.878,38.9877],[-74.8766,38.9878],[-74.8767,38.9905],[-74.875,38.9912],[-74.8726,38.9908],[-74.8717,38.9881],[-74.8692,38.9884],[-74.8667,38.9931],[-74.8694,38.9948],[-74.8662,38.9985],[-74.8685,38.9945],[-74.8662,38.9934],[-74.8682,38.9888],[-74.8645,38.9878],[-74.8631,38.9889],[-74.8654,38.9928],[-74.8635,38.9941],[-74.8647,38.9929],[-74.8634,38.9905],[-74.8613,38.9898],[-74.8607,38.9914],[-74.8589,38.989],[-74.8638,38.9825],[-74.846,38.9814],[-74.8455,38.9836],[-74.851,38.9871],[-74.8516,38.9912],[-74.8536,38.9925],[-74.8514,38.9922],[-74.8504,38.9874],[-74.8451,38.9846],[-74.8413,38.9879],[-74.8431,38.9938],[-74.8505,38.9956],[-74.8523,38.9975],[-74.854,38.9946],[-74.8534,38.9972],[-74.8566,38.9984],[-74.8576,39.0005],[-74.8619,38.9994],[-74.8588,39.0029],[-74.8638,39.0056],[-74.8578,39.0032],[-74.8591,39.0012],[-74.8527,38.9981],[-74.8517,39.0056],[-74.853,39.0066],[-74.8567,39.0057],[-74.8626,39.0101],[-74.8565,39.0062],[-74.8524,39.0071],[-74.8509,39.0097],[-74.8521,39.0116],[-74.8584,39.0139],[-74.8546,39.0136],[-74.8504,39.0103],[-74.8478,39.0127],[-74.8475,39.0153],[-74.8504,39.0187],[-74.8566,39.019],[-74.8497,39.019],[-74.8475,39.0163],[-74.8458,39.0175],[-74.8503,39.0217],[-74.847,39.0183],[-74.8427,39.018],[-74.8362,39.0195],[-74.8361,39.0243],[-74.833,39.0249],[-74.83,39.0234],[-74.83,39.0258],[-74.8323,39.0267],[-74.832,39.0294],[-74.8375,39.0288],[-74.8384,39.0263],[-74.843,39.0281],[-74.8428,39.0295],[-74.8447,39.0289],[-74.8441,39.0308],[-74.8412,39.0281],[-74.8394,39.03],[-74.8386,39.0268],[-74.8376,39.0295],[-74.8318,39.03],[-74.8306,39.0265],[-74.8287,39.0295],[-74.8259,39.0294],[-74.8255,39.0325],[-74.8274,39.0338],[-74.8294,39.0329],[-74.8334,39.0343],[-74.8333,39.0319],[-74.8351,39.0307],[-74.8375,39.0333],[-74.8415,39.0339],[-74.8372,39.034],[-74.8357,39.0315],[-74.8339,39.0318],[-74.8351,39.0378],[-74.838,39.0389],[-74.8374,39.0402],[-74.8341,39.0383],[-74.8345,39.0347],[-74.8273,39.0343],[-74.825,39.0329],[-74.8241,39.0293],[-74.8183,39.03],[-74.8148,39.0264],[-74.8109,39.0322],[-74.8058,39.0356],[-74.8084,39.0384],[-74.8145,39.0353],[-74.8182,39.0355],[-74.8092,39.0388],[-74.8049,39.0354],[-74.8057,39.0334],[-74.8015,39.036],[-74.8148,39.0445],[-74.8194,39.0424],[-74.8185,39.0412],[-74.8208,39.0446],[-74.8259,39.0415],[-74.8221,39.0449],[-74.8187,39.043],[-74.8155,39.0449],[-74.8122,39.0442],[-74.817,39.0481],[-74.8177,39.0518],[-74.8261,39.0502],[-74.8248,39.0547],[-74.8208,39.0564],[-74.8229,39.0593],[-74.8201,39.0602],[-74.8136,39.0677],[-74.8081,39.0674],[-74.8104,39.0713],[-74.8077,39.0698],[-74.8014,39.0712],[-74.8008,39.0754],[-74.8065,39.079],[-74.7839,39.0667],[-74.784,39.0646],[-74.7792,39.0643],[-74.7785,39.0605],[-74.7754,39.058],[-74.7655,39.0579],[-74.7658,39.0595],[-74.771,39.0616],[-74.7694,39.066],[-74.7666,39.0682],[-74.7677,39.0699],[-74.7755,39.0691],[-74.7818,39.0718],[-74.784,39.068],[-74.7844,39.0812],[-74.7864,39.0841],[-74.7849,39.0881],[-74.7882,39.0911],[-74.795,39.0888],[-74.7971,39.093],[-74.7911,39.0971],[-74.7918,39.0993],[-74.7895,39.1005],[-74.7899,39.1026],[-74.7803,39.1085],[-74.7752,39.1085],[-74.773,39.1106],[-74.7645,39.109],[-74.7598,39.1028],[-74.7534,39.1033],[-74.7572,39.1062],[-74.7565,39.1102],[-74.7583,39.1121],[-74.7606,39.1128],[-74.7623,39.1104],[-74.7605,39.1132],[-74.7561,39.1115],[-74.7566,39.1176],[-74.7601,39.1166],[-74.7617,39.1188],[-74.7641,39.1188],[-74.7644,39.117],[-74.769,39.1139],[-74.7699,39.1154],[-74.7738,39.1148],[-74.7773,39.1169],[-74.7735,39.1153],[-74.7671,39.1162],[-74.7653,39.1195],[-74.7618,39.1201],[-74.7597,39.1175],[-74.7557,39.1176],[-74.7549,39.112],[-74.7504,39.1123],[-74.7514,39.1176],[-74.7491,39.1195],[-74.7531,39.1192],[-74.7523,39.1206],[-74.7588,39.1251],[-74.7601,39.131],[-74.7584,39.1337],[-74.7513,39.1347],[-74.7482,39.1307],[-74.7489,39.1291],[-74.754,39.1282],[-74.7458,39.1271],[-74.7437,39.1281],[-74.7429,39.1312],[-74.7477,39.133],[-74.7479,39.1353],[-74.7469,39.1331],[-74.7421,39.1314],[-74.7429,39.1275],[-74.739,39.1245],[-74.7347,39.128],[-74.7169,39.1286],[-74.72,39.1373],[-74.7361,39.1363],[-74.7421,39.1444],[-74.7457,39.1467],[-74.75,39.1467],[-74.7448,39.1457],[-74.7444,39.1442],[-74.7468,39.143],[-74.7504,39.1437],[-74.7501,39.1485],[-74.744,39.1508],[-74.7427,39.1546],[-74.7324,39.1585],[-74.7266,39.1549],[-74.7295,39.1538],[-74.7287,39.1519],[-74.7234,39.1514],[-74.7194,39.1529],[-74.7226,39.1552],[-74.7223,39.1578],[-74.7251,39.1593],[-74.7269,39.1625],[-74.7308,39.164],[-74.7318,39.1666],[-74.7293,39.1659],[-74.7297,39.1638],[-74.7261,39.1631],[-74.7216,39.1595],[-74.7214,39.1547],[-74.7123,39.1504],[-74.7109,39.1542],[-74.7084,39.1548],[-74.7103,39.157],[-74.7095,39.1596],[-74.7122,39.1626],[-74.7214,39.1626],[-74.7207,39.1654],[-74.7123,39.1632],[-74.7088,39.1597],[-74.7077,39.1549],[-74.7095,39.152],[-74.7003,39.1573],[-74.6988,39.1628],[-74.6997,39.1662],[-74.7055,39.1659],[-74.7095,39.168],[-74.709,39.1703],[-74.713,39.1715],[-74.7089,39.1708],[-74.7088,39.1683],[-74.7039,39.1669],[-74.7058,39.1685],[-74.704,39.1735],[-74.7127,39.1787],[-74.7089,39.1777],[-74.7111,39.1818],[-74.7104,39.1848],[-74.7014,39.1877],[-74.6962,39.1917],[-74.6911,39.1985],[-74.6972,39.1977],[-74.6889,39.199],[-74.6866,39.2023],[-74.6898,39.2028],[-74.6884,39.2073],[-74.6905,39.2083],[-74.6867,39.2083],[-74.6893,39.2031],[-74.6861,39.2024],[-74.6875,39.199],[-74.6805,39.2014],[-74.6796,39.2035],[-74.6727,39.2043],[-74.6688,39.2068],[-74.6722,39.2125],[-74.6756,39.2143],[-74.6722,39.2131],[-74.6672,39.2203],[-74.6692,39.2227],[-74.6658,39.2206],[-74.6637,39.2221],[-74.666,39.2281],[-74.6581,39.2283],[-74.6602,39.23],[-74.6581,39.2299],[-74.6563,39.2326],[-74.6577,39.2283],[-74.6555,39.2274],[-74.6481,39.2295],[-74.6502,39.233],[-74.6496,39.236],[-74.6521,39.2342],[-74.6556,39.235],[-74.652,39.2346],[-74.6499,39.2364],[-74.6533,39.2369],[-74.6518,39.2382],[-74.6524,39.2395],[-74.656,39.2402],[-74.6512,39.2387],[-74.6531,39.2373],[-74.649,39.2361],[-74.6478,39.2305],[-74.6466,39.2327],[-74.6482,39.2362],[-74.6473,39.2399],[-74.6389,39.2438],[-74.6333,39.2437],[-74.6293,39.2457],[-74.6273,39.2488],[-74.6282,39.2513],[-74.6283,39.249],[-74.63,39.2481],[-74.6377,39.2491],[-74.6301,39.2483],[-74.6285,39.2494],[-74.6289,39.2522],[-74.6327,39.252],[-74.629,39.2524],[-74.6275,39.2545],[-74.6293,39.2546],[-74.6305,39.2572],[-74.6279,39.2614],[-74.6269,39.2736],[-74.6225,39.2745],[-74.6239,39.2762],[-74.6222,39.2773],[-74.6226,39.2801],[-74.6161,39.2796],[-74.6144,39.2822],[-74.6213,39.2876],[-74.6292,39.288],[-74.6376,39.2929],[-74.6451,39.2915],[-74.6436,39.2896],[-74.6516,39.2874],[-74.6591,39.2885],[-74.661,39.2905],[-74.6619,39.2853],[-74.6644,39.2851],[-74.6641,39.2819],[-74.6663,39.2801],[-74.6644,39.2821],[-74.6647,39.2853],[-74.6621,39.2854],[-74.6629,39.2887],[-74.6607,39.291],[-74.6596,39.2967],[-74.6693,39.2965],[-74.6705,39.2904],[-74.6734,39.2884],[-74.6761,39.2896],[-74.6745,39.2939],[-74.6766,39.2968],[-74.6814,39.2929],[-74.6862,39.2937],[-74.6908,39.2901],[-74.6947,39.2905],[-74.6983,39.2886],[-74.7017,39.29],[-74.7058,39.2882],[-74.7017,39.2855],[-74.703,39.2838],[-74.7069,39.2834],[-74.7029,39.2818],[-74.7071,39.2787],[-74.7029,39.2765],[-74.7045,39.2746],[-74.7048,39.268],[-74.7012,39.2611],[-74.7087,39.2552],[-74.7132,39.2484],[-74.7162,39.2478],[-74.7219,39.2427],[-74.7269,39.2421],[-74.7254,39.2398],[-74.7307,39.2306],[-74.7316,39.2313],[-74.7265,39.24],[-74.7277,39.2428],[-74.7227,39.2434],[-74.7166,39.2484],[-74.7133,39.2492],[-74.7095,39.2556],[-74.702,39.2619],[-74.7052,39.2682],[-74.7051,39.2742],[-74.7035,39.2771],[-74.7074,39.2788],[-74.707,39.2806],[-74.7037,39.2818],[-74.7074,39.2837],[-74.7028,39.2849],[-74.7068,39.2879],[-74.7013,39.2905],[-74.7023,39.2938],[-74.7047,39.2943],[-74.7084,39.2903],[-74.7103,39.2913],[-74.7107,39.2949],[-74.7156,39.2912],[-74.7202,39.2938],[-74.7194,39.2979],[-74.7272,39.2954],[-74.7318,39.2983],[-74.7372,39.2981],[-74.7404,39.2952],[-74.7456,39.2943],[-74.7524,39.2949],[-74.7547,39.299],[-74.763,39.2964],[-74.7728,39.3006],[-74.7786,39.299],[-74.7794,39.3021],[-74.7781,39.3018],[-74.7782,39.3032],[-74.7837,39.3067],[-74.7901,39.307],[-74.793,39.3044],[-74.795,39.3066],[-74.7974,39.3066],[-74.7949,39.3073],[-74.7928,39.3055],[-74.7909,39.3077],[-74.7836,39.3075],[-74.7771,39.3037],[-74.7762,39.3015],[-74.778,39.2993],[-74.7733,39.3015],[-74.7661,39.3002],[-74.7632,39.297],[-74.7592,39.2995],[-74.7544,39.3001],[-74.7522,39.2954],[-74.7411,39.2958],[-74.735,39.2989],[-74.731,39.2988],[-74.7273,39.2965],[-74.7204,39.2996],[-74.718,39.2981],[-74.7197,39.295],[-74.7169,39.2927],[-74.7143,39.2922],[-74.7107,39.2958],[-74.7078,39.2911],[-74.706,39.2943],[-74.7028,39.2949],[-74.6991,39.2896],[-74.6953,39.2916],[-74.691,39.291],[-74.6861,39.2946],[-74.6813,39.2941],[-74.6792,39.2971],[-74.6765,39.2978],[-74.6731,39.2944],[-74.6738,39.2895],[-74.672,39.2907],[-74.6717,39.296],[-74.6695,39.2982],[-74.6585,39.2987],[-74.6568,39.298],[-74.6563,39.295],[-74.6528,39.2959],[-74.6528,39.2988],[-74.6485,39.2991],[-74.648,39.302],[-74.6492,39.3028],[-74.6564,39.3038],[-74.6617,39.3077],[-74.6664,39.308],[-74.6692,39.3035],[-74.675,39.305],[-74.68,39.3075],[-74.6806,39.3107],[-74.6828,39.3119],[-74.6895,39.3096],[-74.6976,39.3132],[-74.7046,39.3107],[-74.71,39.3119],[-74.7166,39.309],[-74.7281,39.3083],[-74.7168,39.3095],[-74.71,39.3125],[-74.7045,39.3113],[-74.6977,39.3138],[-74.6945,39.3117],[-74.6915,39.3122],[-74.6898,39.3102],[-74.682,39.3123],[-74.6797,39.3107],[-74.6789,39.3076],[-74.6694,39.3043],[-74.6664,39.3088],[-74.6602,39.3087],[-74.6593,39.3125],[-74.6553,39.317],[-74.6596,39.316],[-74.6638,39.3115],[-74.6649,39.3119],[-74.662,39.3124],[-74.6623,39.3144],[-74.6609,39.315],[-74.6634,39.315],[-74.6657,39.3174],[-74.6623,39.3184],[-74.6648,39.3196],[-74.6656,39.3222],[-74.6699,39.3193],[-74.6728,39.3192],[-74.6775,39.322],[-74.6754,39.3264],[-74.6805,39.3245],[-74.6854,39.3256],[-74.6871,39.3289],[-74.6953,39.3291],[-74.6999,39.331],[-74.7028,39.3348],[-74.7007,39.3406],[-74.7022,39.3422],[-74.712,39.3472],[-74.7159,39.3463],[-74.7192,39.3488],[-74.7186,39.3532],[-74.7224,39.3527],[-74.7262,39.3562],[-74.7226,39.3585],[-74.7234,39.3629],[-74.7218,39.3586],[-74.7257,39.3569],[-74.7252,39.3556],[-74.7209,39.353],[-74.7184,39.3536],[-74.7187,39.3485],[-74.7155,39.3466],[-74.7109,39.3477],[-74.7178,39.3608],[-74.7164,39.3661],[-74.7222,39.3673],[-74.7239,39.3704],[-74.7237,39.3731],[-74.7206,39.3762],[-74.7251,39.3859],[-74.7272,39.3872],[-74.7276,39.3911],[-74.7226,39.3937],[-74.7254,39.3961],[-74.7231,39.3988],[-74.7253,39.3998],[-74.7228,39.4041],[-74.7255,39.4089],[-74.7292,39.4108],[-74.7282,39.4145],[-74.733,39.417],[-74.733,39.42],[-74.7351,39.4221],[-74.7348,39.4263],[-74.7369,39.4282],[-74.736,39.429],[-74.7333,39.4253],[-74.7338,39.4223],[-74.7322,39.4213],[-74.7311,39.4163],[-74.7277,39.4153],[-74.7288,39.4116],[-74.7245,39.4092],[-74.7223,39.4044],[-74.7188,39.4041],[-74.718,39.4091],[-74.7199,39.4131],[-74.7144,39.4255],[-74.7159,39.4268],[-74.7188,39.4262],[-74.7175,39.4269],[-74.7196,39.4314],[-74.7212,39.4307],[-74.7242,39.4326],[-74.7219,39.4383],[-74.7244,39.4445],[-74.7237,39.4472],[-74.7254,39.4483],[-74.7299,39.447],[-74.7296,39.4482],[-74.7213,39.4495],[-74.7228,39.4423],[-74.719,39.4384],[-74.7193,39.4347],[-74.7171,39.4333],[-74.7179,39.4358],[-74.716,39.4354],[-74.7154,39.4297],[-74.7118,39.428],[-74.7044,39.4276],[-74.711,39.4261],[-74.7117,39.4246],[-74.7101,39.4233],[-74.7139,39.4212],[-74.7173,39.4132],[-74.7169,39.404],[-74.7158,39.4035],[-74.7171,39.3957],[-74.7215,39.3914],[-74.7199,39.3906],[-74.722,39.3909],[-74.7229,39.3868],[-74.7218,39.3836],[-74.7186,39.3871],[-74.7216,39.3829],[-74.7182,39.3746],[-74.7202,39.3689],[-74.7142,39.3671],[-74.716,39.3605],[-74.7113,39.3515],[-74.7097,39.3511],[-74.7069,39.3464],[-74.6996,39.3428],[-74.6992,39.3325],[-74.6951,39.331],[-74.687,39.3313],[-74.6813,39.3283],[-74.6784,39.33],[-74.6772,39.3336],[-74.6806,39.3352],[-74.6833,39.3342],[-74.6857,39.3383],[-74.6829,39.3346],[-74.6804,39.3358],[-74.677,39.3342],[-74.678,39.331],[-74.6756,39.3302],[-74.6762,39.3321],[-74.6733,39.3325],[-74.6719,39.337],[-74.6731,39.3321],[-74.6757,39.3319],[-74.6707,39.3287],[-74.6705,39.3264],[-74.6688,39.3272],[-74.6701,39.3283],[-74.6681,39.328],[-74.6703,39.3241],[-74.6617,39.3274],[-74.6633,39.325],[-74.6601,39.3244],[-74.6606,39.3226],[-74.6586,39.3231],[-74.6598,39.3218],[-74.6551,39.3214],[-74.6517,39.3183],[-74.6505,39.3127],[-74.6527,39.3117],[-74.653,39.3091],[-74.6465,39.3109],[-74.6408,39.3079],[-74.6336,39.307],[-74.6302,39.3087],[-74.6331,39.3092],[-74.6316,39.3118],[-74.6296,39.3121],[-74.6299,39.3161],[-74.6281,39.3183],[-74.6246,39.3184],[-74.627,39.3222],[-74.6206,39.3325],[-74.612,39.3356],[-74.6027,39.3356],[-74.6042,39.3376],[-74.603,39.3395],[-74.6019,39.3369],[-74.5987,39.337],[-74.5984,39.3348],[-74.5923,39.3403],[-74.5892,39.3395],[-74.585,39.3484],[-74.5826,39.3496],[-74.579,39.3561],[-74.5794,39.3589],[-74.5773,39.3615],[-74.5802,39.363],[-74.5804,39.3678],[-74.5751,39.3624],[-74.5783,39.3602],[-74.5783,39.3562],[-74.5824,39.349],[-74.5846,39.3482],[-74.5843,39.3462],[-74.589,39.3389],[-74.5922,39.3397],[-74.5978,39.3343],[-74.5994,39.3346],[-74.6003,39.3372],[-74.6019,39.3351],[-74.6121,39.3349],[-74.6138,39.3325],[-74.6098,39.3315],[-74.6131,39.3291],[-74.6141,39.3299],[-74.6121,39.3307],[-74.6148,39.3315],[-74.6145,39.3334],[-74.6193,39.3323],[-74.6215,39.3307],[-74.6209,39.3298],[-74.6132,39.3274],[-74.6184,39.3265],[-74.6205,39.3293],[-74.6233,39.3275],[-74.6256,39.3217],[-74.6231,39.3177],[-74.628,39.3168],[-74.628,39.3153],[-74.625,39.3125],[-74.6244,39.3067],[-74.6206,39.304],[-74.6141,39.3037],[-74.6103,39.3071],[-74.6104,39.3058],[-74.5978,39.3074],[-74.5917,39.3112],[-74.5867,39.3117],[-74.5876,39.3152],[-74.5892,39.3154],[-74.5885,39.3165],[-74.5868,39.3155],[-74.5819,39.318],[-74.5799,39.3211],[-74.5756,39.3217],[-74.5738,39.3237],[-74.5726,39.3198],[-74.5693,39.3212],[-74.5709,39.3194],[-74.5759,39.3172],[-74.576,39.3183],[-74.5782,39.3169],[-74.5843,39.3169],[-74.5869,39.3139],[-74.5808,39.3104],[-74.5791,39.311],[-74.5785,39.3135],[-74.5786,39.3114],[-74.5768,39.3108],[-74.5795,39.3097],[-74.5716,39.3034],[-74.5674,39.3033],[-74.5646,39.3078],[-74.5643,39.3066],[-74.5625,39.3078],[-74.5608,39.3132],[-74.5695,39.3174],[-74.5651,39.3207],[-74.5628,39.325],[-74.57,39.3263],[-74.5705,39.3279],[-74.5672,39.3258],[-74.5698,39.3307],[-74.5644,39.3313],[-74.5614,39.3345],[-74.5645,39.3379],[-74.5619,39.3384],[-74.5627,39.3415],[-74.5575,39.3422],[-74.5571,39.3441],[-74.5545,39.345],[-74.554,39.347],[-74.5564,39.3468],[-74.5541,39.3475],[-74.5554,39.3484],[-74.5449,39.3449],[-74.5444,39.3411],[-74.5456,39.3416],[-74.5427,39.3369],[-74.5434,39.3342],[-74.5406,39.3344],[-74.5365,39.3433],[-74.54,39.3495],[-74.5383,39.3535],[-74.5347,39.3551],[-74.5251,39.354],[-74.5212,39.3562],[-74.5184,39.3635],[-74.5225,39.3709],[-74.5258,39.3736],[-74.522,39.3806],[-74.516,39.3845],[-74.5204,39.3868],[-74.5152,39.3845],[-74.5076,39.3838],[-74.496,39.3773],[-74.4962,39.3737],[-74.4945,39.3727],[-74.4879,39.3771],[-74.4843,39.3756],[-74.484,39.3714],[-74.4804,39.3697],[-74.4702,39.3695],[-74.4639,39.3666],[-74.4572,39.3665],[-74.449,39.3612],[-74.4471,39.3618],[-74.4465,39.3672],[-74.457,39.3707],[-74.4602,39.3729],[-74.461,39.377],[-74.4658,39.3751],[-74.4693,39.3757],[-74.4694,39.3822],[-74.465,39.3852],[-74.4694,39.3854],[-74.4746,39.383],[-74.4713,39.3845],[-74.4789,39.384],[-74.4746,39.3838],[-74.4714,39.3852],[-74.4722,39.3862],[-74.4653,39.3862],[-74.4745,39.39],[-74.4687,39.3884],[-74.4701,39.3903],[-74.4692,39.3924],[-74.463,39.3934],[-74.4616,39.3979],[-74.4686,39.4011],[-74.4705,39.4004],[-74.4712,39.3965],[-74.4774,39.3942],[-74.4874,39.3952],[-74.4907,39.3975],[-74.4914,39.399],[-74.4869,39.4038],[-74.4849,39.4151],[-74.4816,39.4187],[-74.4808,39.423],[-74.4809,39.4208],[-74.4721,39.4196],[-74.4667,39.4206],[-74.4637,39.4231],[-74.4636,39.4351],[-74.4603,39.4367],[-74.4589,39.4418],[-74.4613,39.4429],[-74.4588,39.4451],[-74.4603,39.4461],[-74.4584,39.4458],[-74.4565,39.4477],[-74.4562,39.4464],[-74.4547,39.448],[-74.448,39.4477],[-74.4471,39.4512],[-74.4484,39.4537],[-74.4462,39.4573],[-74.4412,39.4576],[-74.4387,39.4614],[-74.442,39.4562],[-74.439,39.4542],[-74.4388,39.4521],[-74.4342,39.4572],[-74.4301,39.4565],[-74.4163,39.4362],[-74.4121,39.4355],[-74.4121,39.4369],[-74.415,39.4364],[-74.4124,39.4371],[-74.4114,39.4353],[-74.4044,39.4351],[-74.4019,39.4387],[-74.4066,39.4414],[-74.4058,39.4421],[-74.4012,39.4387],[-74.3947,39.4407],[-74.3919,39.4441],[-74.3986,39.4476],[-74.3985,39.4515],[-74.4014,39.4511],[-74.4057,39.4534],[-74.4081,39.4518],[-74.4058,39.4538],[-74.401,39.4515],[-74.3982,39.4533],[-74.4006,39.453],[-74.4114,39.4595],[-74.4096,39.4599],[-74.4109,39.4615],[-74.4041,39.4612],[-74.3959,39.4579],[-74.3937,39.4592],[-74.3977,39.4649],[-74.3993,39.4709],[-74.4039,39.47],[-74.4017,39.4721],[-74.4043,39.4713],[-74.4038,39.4727],[-74.4066,39.4719],[-74.4059,39.4733],[-74.4073,39.474],[-74.4134,39.4745],[-74.4156,39.4761],[-74.4188,39.4754],[-74.4139,39.4774],[-74.4147,39.4785],[-74.4102,39.4779],[-74.4092,39.479],[-74.4091,39.4844],[-74.4109,39.4864],[-74.4016,39.4858],[-74.4007,39.4843],[-74.4045,39.4837],[-74.4056,39.4804],[-74.403,39.4773],[-74.3897,39.4751],[-74.3902,39.4771],[-74.3892,39.4757],[-74.385,39.4757],[-74.3804,39.482],[-74.377,39.4829],[-74.3821,39.4863],[-74.3861,39.4869],[-74.3871,39.4891],[-74.3947,39.4915],[-74.3986,39.4967],[-74.4028,39.4972],[-74.4098,39.5067],[-74.4123,39.5047],[-74.4093,39.5078],[-74.4095,39.512],[-74.4138,39.515],[-74.4143,39.5179],[-74.4231,39.5209],[-74.4252,39.523],[-74.4312,39.5215],[-74.4344,39.5179],[-74.4364,39.5187],[-74.4369,39.5201],[-74.4347,39.5182],[-74.4315,39.522],[-74.4254,39.5236],[-74.4156,39.5195],[-74.4111,39.5206],[-74.4122,39.5284],[-74.4098,39.5372],[-74.4165,39.5426],[-74.4149,39.5452],[-74.413,39.5449],[-74.4185,39.547],[-74.4196,39.5517],[-74.4183,39.5552],[-74.4235,39.5504],[-74.4292,39.5498],[-74.4339,39.5534],[-74.4364,39.5524],[-74.4307,39.5475],[-74.4317,39.5463],[-74.4297,39.5422],[-74.431,39.5421],[-74.4302,39.5385],[-74.4392,39.5377],[-74.4448,39.5405],[-74.4474,39.5397],[-74.4451,39.5371],[-74.4464,39.5354],[-74.4544,39.5378],[-74.4588,39.5369],[-74.459,39.5331],[-74.4622,39.5339],[-74.4684,39.5311],[-74.4714,39.5324],[-74.4708,39.5309],[-74.4762,39.527],[-74.4748,39.5226],[-74.479,39.5162],[-74.4954,39.5154],[-74.4955,39.5172],[-74.4794,39.5181],[-74.4756,39.5228],[-74.4764,39.5284],[-74.4719,39.5311],[-74.4716,39.5331],[-74.4689,39.5317],[-74.4626,39.5346],[-74.4591,39.5338],[-74.4597,39.537],[-74.4552,39.5385],[-74.4463,39.5365],[-74.4483,39.5392],[-74.4454,39.5425],[-74.448,39.5491],[-74.4448,39.5554],[-74.4477,39.5578],[-74.4503,39.557],[-74.4506,39.5475],[-74.4557,39.5454],[-74.4612,39.5476],[-74.4631,39.5551],[-74.4654,39.5547],[-74.4654,39.5533],[-74.4666,39.5541],[-74.4701,39.5491],[-74.4735,39.5478],[-74.4798,39.55],[-74.4828,39.557],[-74.4854,39.557],[-74.4855,39.5546],[-74.4896,39.5537],[-74.4915,39.5508],[-74.4972,39.5545],[-74.4988,39.5538],[-74.4991,39.5607],[-74.5045,39.5604],[-74.5036,39.564],[-74.5055,39.5672],[-74.5119,39.5676],[-74.5151,39.5729],[-74.5223,39.5679],[-74.5279,39.5665],[-74.5343,39.5724],[-74.5406,39.5739],[-74.5433,39.5778],[-74.5422,39.5785],[-74.5398,39.5751],[-74.5332,39.5735],[-74.5277,39.5695],[-74.5227,39.5693],[-74.5156,39.5735],[-74.5111,39.5693],[-74.5033,39.5691],[-74.5005,39.5647],[-74.4961,39.5627],[-74.4952,39.5579],[-74.4925,39.5563],[-74.4825,39.5585],[-74.4745,39.5515],[-74.4681,39.5555],[-74.463,39.5565],[-74.461,39.5553],[-74.4578,39.5473],[-74.4541,39.5483],[-74.4526,39.5571],[-74.4469,39.5591],[-74.4436,39.5565],[-74.4464,39.5495],[-74.4457,39.5465],[-74.4383,39.5409],[-74.4349,39.5415],[-74.4334,39.5439],[-74.4386,39.5515],[-74.4377,39.5541],[-74.4331,39.5557],[-74.4284,39.5533],[-74.4254,39.5535],[-74.4149,39.5605],[-74.4144,39.5633],[-74.4137,39.5611],[-74.4155,39.5587],[-74.413,39.5577],[-74.4134,39.5507],[-74.4109,39.5515],[-74.4073,39.5595],[-74.4035,39.5609],[-74.4057,39.5567],[-74.4014,39.5563],[-74.3999,39.5543],[-74.401,39.5527],[-74.4048,39.5537],[-74.4059,39.5501],[-74.3955,39.5499],[-74.3971,39.5447],[-74.3933,39.5379],[-74.3866,39.5395],[-74.387,39.5415],[-74.3856,39.5411],[-74.3858,39.5391],[-74.3827,39.5397],[-74.3769,39.5443],[-74.3661,39.5445],[-74.3653,39.5468],[-74.3629,39.5445],[-74.3514,39.5447],[-74.3368,39.5382],[-74.3349,39.5418],[-74.3377,39.5429],[-74.3347,39.5454],[-74.3357,39.5467],[-74.3347,39.5482],[-74.3354,39.5469],[-74.334,39.5457],[-74.3361,39.5429],[-74.3311,39.544],[-74.3283,39.5422],[-74.3318,39.5423],[-74.3335,39.5405],[-74.3313,39.5386],[-74.3253,39.5386],[-74.3311,39.5355],[-74.3293,39.5293],[-74.3261,39.5329],[-74.3232,39.5333],[-74.3237,39.5346],[-74.3208,39.5329],[-74.3159,39.5371],[-74.3102,39.5381],[-74.3083,39.537],[-74.3091,39.5343],[-74.3079,39.5322],[-74.3038,39.5287],[-74.3048,39.5249],[-74.2991,39.523],[-74.2969,39.5264],[-74.298,39.5384],[-74.3148,39.5454],[-74.3185,39.5455],[-74.3169,39.5467],[-74.3188,39.5487],[-74.3181,39.5535],[-74.3263,39.5534],[-74.3279,39.5577],[-74.3327,39.5623],[-74.3442,39.5653],[-74.342,39.5623],[-74.3447,39.5617],[-74.3463,39.5583],[-74.3523,39.5602],[-74.3507,39.5611],[-74.3468,39.5589],[-74.3456,39.5619],[-74.3427,39.5623],[-74.3452,39.5655],[-74.3413,39.5657],[-74.3374,39.5687],[-74.3394,39.5809],[-74.3376,39.5775],[-74.3362,39.5801],[-74.334,39.5803],[-74.3312,39.5765],[-74.3253,39.5755],[-74.326,39.5791],[-74.3231,39.5855],[-74.3146,39.5867],[-74.3156,39.5893],[-74.3146,39.5937],[-74.317,39.5943],[-74.3149,39.5957],[-74.3107,39.5953],[-74.3119,39.5979],[-74.3072,39.5977],[-74.3071,39.6015],[-74.3006,39.6031],[-74.2993,39.6059],[-74.2904,39.6015],[-74.2888,39.6054],[-74.2922,39.6089],[-74.2863,39.6118],[-74.2835,39.6107],[-74.2832,39.6148],[-74.2826,39.613],[-74.2799,39.6139],[-74.2813,39.6119],[-74.2791,39.6109],[-74.2738,39.611],[-74.2759,39.6101],[-74.2754,39.609],[-74.2719,39.6096],[-74.2716,39.6055],[-74.2674,39.6036],[-74.2618,39.6053],[-74.2607,39.6085],[-74.2624,39.6143],[-74.2699,39.6161],[-74.2714,39.6197],[-74.2782,39.6223],[-74.2708,39.6206],[-74.2683,39.6171],[-74.2639,39.618],[-74.2612,39.6215],[-74.2631,39.6268],[-74.2667,39.6267],[-74.2626,39.6339],[-74.2625,39.6379],[-74.2643,39.641],[-74.262,39.6382],[-74.2615,39.6342],[-74.2647,39.6282],[-74.2594,39.6256],[-74.2583,39.6227],[-74.2547,39.6224],[-74.2527,39.6268],[-74.2557,39.6274],[-74.2563,39.6306],[-74.2542,39.6314],[-74.2537,39.6361],[-74.2538,39.6335],[-74.2518,39.6316],[-74.2506,39.6327],[-74.2503,39.6404],[-74.2548,39.6488],[-74.2536,39.6519],[-74.2556,39.6535],[-74.2531,39.6521],[-74.2544,39.6489],[-74.2527,39.6465],[-74.2487,39.6436],[-74.2442,39.6439],[-74.2442,39.6463],[-74.2426,39.6462],[-74.2425,39.644],[-74.2394,39.6439],[-74.2369,39.6483],[-74.2349,39.6486],[-74.225,39.6441],[-74.2268,39.6453],[-74.2261,39.6479],[-74.228,39.6521],[-74.2265,39.651],[-74.2256,39.6461],[-74.2186,39.6441],[-74.2179,39.646],[-74.2207,39.6528],[-74.2266,39.6554],[-74.2316,39.6633],[-74.2258,39.6559],[-74.2205,39.6534],[-74.2191,39.6485],[-74.2173,39.6474],[-74.2138,39.6506],[-74.2143,39.6526],[-74.2188,39.6577],[-74.2223,39.6577],[-74.2207,39.66],[-74.2192,39.6589],[-74.2192,39.6618],[-74.2174,39.6592],[-74.2165,39.6641],[-74.218,39.665],[-74.2143,39.6674],[-74.2167,39.6701],[-74.2084,39.6817],[-74.2081,39.6798],[-74.2136,39.6715],[-74.2123,39.6694],[-74.2051,39.6754],[-74.2002,39.6749],[-74.1928,39.6776],[-74.195,39.6764],[-74.19,39.6755],[-74.1879,39.6789],[-74.1891,39.6803],[-74.1998,39.6795],[-74.2001,39.6844],[-74.1936,39.6858],[-74.1914,39.6909],[-74.1955,39.6903],[-74.1984,39.6859],[-74.2031,39.6839],[-74.1982,39.688],[-74.2018,39.6876],[-74.2031,39.6901],[-74.1981,39.6924],[-74.1956,39.6908],[-74.1945,39.6919],[-74.1962,39.6939],[-74.1946,39.6947],[-74.1934,39.6914],[-74.1905,39.692],[-74.1898,39.6948],[-74.1857,39.6957],[-74.1872,39.6971],[-74.1853,39.6951],[-74.1824,39.6953],[-74.1849,39.6974],[-74.1848,39.7014],[-74.184,39.6977],[-74.1766,39.696],[-74.1737,39.6979],[-74.1776,39.7021],[-74.1794,39.7],[-74.1781,39.698],[-74.1803,39.6976],[-74.1813,39.7036],[-74.1846,39.7043],[-74.1879,39.7035],[-74.1883,39.7019],[-74.1932,39.7048],[-74.1906,39.7065],[-74.1877,39.7042],[-74.1828,39.7065],[-74.1827,39.705],[-74.1775,39.7057],[-74.1744,39.7033],[-74.1706,39.7041],[-74.1682,39.7025],[-74.1695,39.7074],[-74.1625,39.7098],[-74.161,39.7123],[-74.1599,39.712],[-74.1611,39.7105],[-74.1585,39.711],[-74.161,39.714],[-74.181,39.7087],[-74.1842,39.7102],[-74.1828,39.7111],[-74.1807,39.7092],[-74.1837,39.7125],[-74.1798,39.7091],[-74.1763,39.7098],[-74.174,39.7126],[-74.1689,39.7135],[-74.1698,39.7162],[-74.1733,39.7173],[-74.1728,39.7157],[-74.1743,39.7148],[-74.1781,39.7187],[-74.1829,39.7199],[-74.1834,39.7221],[-74.191,39.7235],[-74.1913,39.7213],[-74.1965,39.7214],[-74.1948,39.7189],[-74.1972,39.7166],[-74.1981,39.7192],[-74.1958,39.7198],[-74.1982,39.7219],[-74.2003,39.7215],[-74.1987,39.725],[-74.1974,39.723],[-74.1919,39.722],[-74.1915,39.725],[-74.1887,39.7229],[-74.1889,39.724],[-74.1857,39.7237],[-74.1859,39.7255],[-74.1841,39.7261],[-74.186,39.7273],[-74.186,39.7295],[-74.1883,39.7296],[-74.1867,39.7314],[-74.1895,39.7318],[-74.1918,39.7343],[-74.1914,39.7357],[-74.1891,39.7324],[-74.1863,39.7327],[-74.1857,39.7276],[-74.1837,39.7285],[-74.1846,39.7236],[-74.1813,39.7242],[-74.1798,39.7214],[-74.173,39.7203],[-74.1689,39.7215],[-74.1714,39.7245],[-74.1702,39.7249],[-74.1654,39.7196],[-74.1655,39.7225],[-74.1635,39.7234],[-74.168,39.7241],[-74.1674,39.7254],[-74.1699,39.7269],[-74.1658,39.7288],[-74.1693,39.7301],[-74.1688,39.734],[-74.1754,39.7346],[-74.1737,39.7357],[-74.1701,39.7346],[-74.1668,39.7371],[-74.1667,39.7354],[-74.1636,39.7348],[-74.1634,39.737],[-74.1831,39.7415],[-74.1898,39.7467],[-74.1902,39.7447],[-74.1838,39.7408],[-74.1869,39.7409],[-74.1873,39.7375],[-74.1888,39.7381],[-74.191,39.7353],[-74.188,39.7411],[-74.1934,39.7437],[-74.1924,39.7417],[-74.1935,39.7419],[-74.1985,39.7453],[-74.2021,39.7451],[-74.2009,39.7463],[-74.2022,39.7515],[-74.2017,39.7531],[-74.2,39.7493],[-74.2006,39.7469],[-74.197,39.7455],[-74.1897,39.7511],[-74.1925,39.7639],[-74.1858,39.7737],[-74.1866,39.7803],[-74.1822,39.7897],[-74.1821,39.7941],[-74.1845,39.7947],[-74.1809,39.7945],[-74.1798,39.7989],[-74.1709,39.8059],[-74.1692,39.8085],[-74.1703,39.8111],[-74.163,39.8169],[-74.1595,39.8229],[-74.1693,39.8261],[-74.178,39.8253],[-74.1817,39.8221],[-74.183,39.8235],[-74.2032,39.8197],[-74.2063,39.8185],[-74.2077,39.8153],[-74.2055,39.8121],[-74.2011,39.8111],[-74.2063,39.8117],[-74.2082,39.8171],[-74.2044,39.8201],[-74.1773,39.8265],[-74.1797,39.8275],[-74.1931,39.826],[-74.1934,39.8277],[-74.191,39.8265],[-74.1823,39.8281],[-74.1942,39.8353],[-74.1908,39.8347],[-74.1894,39.8325],[-74.1812,39.8285],[-74.1798,39.8293],[-74.1744,39.8267],[-74.1628,39.8265],[-74.1529,39.8343],[-74.1438,39.8391],[-74.143,39.8407],[-74.1464,39.8417],[-74.144,39.8439],[-74.15,39.8477],[-74.1419,39.8473],[-74.1402,39.8511],[-74.1359,39.8541],[-74.139,39.8551],[-74.1367,39.8565],[-74.1403,39.8583],[-74.1384,39.8605],[-74.1368,39.8603],[-74.1381,39.8581],[-74.1339,39.8553],[-74.1303,39.8563],[-74.1284,39.8607],[-74.1308,39.8597],[-74.1341,39.8617],[-74.1303,39.8637],[-74.131,39.8667],[-74.1369,39.8687],[-74.1405,39.8661],[-74.1429,39.8669],[-74.1422,39.8683],[-74.151,39.8673],[-74.154,39.8693],[-74.1599,39.8687],[-74.1624,39.8705],[-74.1582,39.8699],[-74.1561,39.8719],[-74.1438,39.8707],[-74.1303,39.8729],[-74.1319,39.8749],[-74.135,39.8737],[-74.1353,39.8763],[-74.137,39.8739],[-74.1394,39.8757],[-74.1369,39.8795],[-74.141,39.8811],[-74.1365,39.8825],[-74.1406,39.8837],[-74.1394,39.8847],[-74.1402,39.8865],[-74.1369,39.8861],[-74.1371,39.8849],[-74.1354,39.8867],[-74.1359,39.8881],[-74.1377,39.8877],[-74.136,39.8899],[-74.1372,39.8921],[-74.1335,39.8935],[-74.1342,39.8985],[-74.1303,39.8991],[-74.1334,39.8995],[-74.1321,39.9009],[-74.1332,39.9023],[-74.1254,39.9071],[-74.1238,39.9103],[-74.1262,39.9105],[-74.1254,39.9139],[-74.1223,39.9139],[-74.1207,39.9119],[-74.1191,39.9131],[-74.1192,39.9153],[-74.1165,39.9145],[-74.1121,39.9191],[-74.1077,39.9207],[-74.1051,39.9299],[-74.1057,39.9313],[-74.1084,39.9293],[-74.1098,39.9307],[-74.1086,39.9317],[-74.1124,39.9319],[-74.1169,39.9313],[-74.1179,39.9297],[-74.1217,39.9309],[-74.1243,39.9291],[-74.1327,39.9277],[-74.1397,39.9303],[-74.1424,39.9297],[-74.1458,39.9341],[-74.1487,39.9327],[-74.1548,39.9331],[-74.1527,39.9367],[-74.1639,39.9381],[-74.1657,39.9401],[-74.1742,39.9411],[-74.1765,39.9383],[-74.1798,39.9385],[-74.1838,39.9423],[-74.1857,39.9413],[-74.1881,39.9423],[-74.1904,39.9473],[-74.1943,39.9451],[-74.1972,39.9489],[-74.1957,39.9501],[-74.1941,39.9487],[-74.1891,39.9493],[-74.1844,39.9457],[-74.1807,39.9465],[-74.1783,39.9445],[-74.1761,39.9481],[-74.1699,39.9467],[-74.1657,39.9493],[-74.1604,39.9451],[-74.1582,39.9473],[-74.1562,39.9461],[-74.1541,39.9413],[-74.1442,39.9389],[-74.1427,39.9399],[-74.1415,39.9379],[-74.1394,39.9385],[-74.1375,39.9369],[-74.1333,39.9425],[-74.1217,39.9443],[-74.1212,39.9482],[-74.1211,39.9445],[-74.1165,39.9447],[-74.1147,39.9487],[-74.1107,39.9521],[-74.1095,39.9581],[-74.1119,39.9619],[-74.1136,39.9571],[-74.1154,39.9595],[-74.1226,39.9603],[-74.12,39.9617],[-74.122,39.9675],[-74.1203,39.9675],[-74.1195,39.9619],[-74.1142,39.9637],[-74.1104,39.9669],[-74.1125,39.9687],[-74.1101,39.9697],[-74.1088,39.9757],[-74.1117,39.9753],[-74.122,39.9807],[-74.1145,39.9825],[-74.1109,39.9917],[-74.1145,39.9917],[-74.1137,39.9941],[-74.1155,39.9945],[-74.1215,39.9883],[-74.1308,39.9835],[-74.128,39.9875],[-74.129,39.9883],[-74.1336,39.9899],[-74.1363,39.9889],[-74.1362,39.9905],[-74.1391,39.9929],[-74.1433,39.9945],[-74.1442,39.9931],[-74.1411,39.9917],[-74.1447,39.9927],[-74.1461,39.9909],[-74.1438,39.9949],[-74.1496,39.9955],[-74.1419,39.9981],[-74.1431,39.9991],[-74.1377,39.9971],[-74.1352,39.9981],[-74.1388,40.0029],[-74.1433,40.0029],[-74.1484,40.0053],[-74.1358,40.0033],[-74.1286,40.0001],[-74.117,40.0011],[-74.1149,40.0031],[-74.1162,40.0031],[-74.1151,40.0059],[-74.1186,40.0075],[-74.1155,40.0111],[-74.1183,40.0117],[-74.115,40.0123],[-74.1149,40.0107],[-74.1143,40.0125],[-74.1136,40.0089],[-74.1122,40.0113],[-74.1123,40.0075],[-74.1137,40.0075],[-74.1122,40.0019],[-74.1092,40.0035],[-74.1068,40.0127],[-74.1117,40.0121],[-74.114,40.0135],[-74.1153,40.0169],[-74.125,40.0185],[-74.1413,40.0183],[-74.1263,40.0195],[-74.1253,40.0229],[-74.1254,40.0257],[-74.1289,40.0261],[-74.1404,40.0329],[-74.1321,40.0303],[-74.1359,40.0351],[-74.1333,40.0345],[-74.1294,40.0287],[-74.1278,40.0281],[-74.1281,40.0302],[-74.1207,40.0235],[-74.115,40.0245],[-74.1149,40.0257],[-74.1139,40.0239],[-74.1055,40.0263],[-74.1075,40.0251],[-74.1084,40.0212],[-74.1066,40.0208],[-74.1041,40.0158],[-74.0966,40.0146],[-74.0944,40.0165],[-74.0929,40.0138],[-74.0862,40.0124],[-74.0844,40.0158],[-74.0755,40.0219],[-74.0794,40.0247],[-74.0813,40.0222],[-74.0832,40.0234],[-74.0829,40.0257],[-74.0766,40.0289],[-74.084,40.0299],[-74.08,40.0295],[-74.0793,40.0311],[-74.0774,40.0292],[-74.0685,40.0312],[-74.0684,40.0327],[-74.071,40.0333],[-74.0682,40.0331],[-74.0632,40.0358],[-74.0592,40.0342],[-74.0615,40.0376],[-74.0659,40.039],[-74.0605,40.0384],[-74.0567,40.0402],[-74.0594,40.042],[-74.0599,40.0462],[-74.0574,40.0474],[-74.0575,40.0506],[-74.0618,40.0494],[-74.074,40.0511],[-74.0744,40.0488],[-74.0755,40.0514],[-74.0771,40.0514],[-74.0767,40.0494],[-74.0781,40.052],[-74.0796,40.0465],[-74.0788,40.0514],[-74.0829,40.0489],[-74.0837,40.0461],[-74.0833,40.0486],[-74.0872,40.0467],[-74.096,40.0498],[-74.0972,40.0516],[-74.1015,40.0477],[-74.1088,40.0501],[-74.111,40.049],[-74.1193,40.0535],[-74.1274,40.0523],[-74.1196,40.0567],[-74.1214,40.0571],[-74.1212,40.0599],[-74.1259,40.0603],[-74.1264,40.0615],[-74.1252,40.0629],[-74.1204,40.0615],[-74.123,40.0643],[-74.1218,40.0647],[-74.1141,40.0575],[-74.1065,40.0543],[-74.0995,40.0564],[-74.0782,40.0559],[-74.0746,40.058],[-74.0646,40.056],[-74.0643,40.058],[-74.0682,40.0578],[-74.0662,40.0584],[-74.069,40.0593],[-74.0648,40.0583],[-74.0646,40.0597],[-74.068,40.0603],[-74.0893,40.0576],[-74.0992,40.058],[-74.098,40.059],[-74.0994,40.0593],[-74.0975,40.0593],[-74.0988,40.0599],[-74.1025,40.0586],[-74.0994,40.06],[-74.1021,40.0618],[-74.0936,40.0592],[-74.0924,40.0609],[-74.0923,40.0587],[-74.0885,40.0607],[-74.0891,40.0589],[-74.0882,40.0604],[-74.082,40.0596],[-74.0842,40.0603],[-74.0754,40.0611],[-74.0828,40.065],[-74.0878,40.0646],[-74.088,40.0659],[-74.0851,40.066],[-74.087,40.068],[-74.0887,40.0674],[-74.0869,40.0686],[-74.0881,40.0708],[-74.0908,40.071],[-74.0883,40.0713],[-74.0899,40.0752],[-74.0914,40.0747],[-74.0909,40.0784],[-74.0886,40.0775],[-74.0897,40.0764],[-74.0885,40.0726],[-74.0861,40.0726],[-74.0875,40.0708],[-74.0853,40.0696],[-74.0861,40.0676],[-74.0818,40.0654],[-74.0799,40.0665],[-74.0784,40.0637],[-74.0752,40.0636],[-74.0738,40.0619],[-74.0726,40.0641],[-74.0734,40.0611],[-74.0722,40.0599],[-74.0703,40.0615],[-74.0711,40.0653],[-74.0697,40.0619],[-74.0668,40.0623],[-74.0686,40.0636],[-74.0664,40.0632],[-74.066,40.0651],[-74.0686,40.0653],[-74.0661,40.066],[-74.0682,40.0663],[-74.0653,40.0663],[-74.0665,40.062],[-74.0651,40.0614],[-74.0644,40.063],[-74.0638,40.0616],[-74.0564,40.0619],[-74.0602,40.0632],[-74.0573,40.0632],[-74.059,40.0651],[-74.0563,40.0636],[-74.0592,40.066],[-74.0552,40.0647],[-74.0557,40.0627],[-74.0513,40.064],[-74.0536,40.0661],[-74.0548,40.066],[-74.0538,40.0644],[-74.0557,40.0663],[-74.0541,40.0667],[-74.06,40.0714],[-74.0662,40.0811],[-74.0678,40.0882],[-74.0782,40.0898],[-74.0847,40.0938],[-74.0905,40.1006],[-74.0948,40.101],[-74.0927,40.1033],[-74.0981,40.1033],[-74.0964,40.1049],[-74.0982,40.1081],[-74.0964,40.1113],[-74.0995,40.1135],[-74.0968,40.1147],[-74.0993,40.1163],[-74.101,40.1239],[-74.0998,40.1249],[-74.0995,40.1233],[-74.0969,40.1237],[-74.0962,40.1285],[-74.099,40.1275],[-74.0981,40.1291],[-74.0955,40.1285],[-74.0967,40.1231],[-74.0914,40.1162],[-74.0906,40.109],[-74.0918,40.1075],[-74.0876,40.1067],[-74.0879,40.1019],[-74.0859,40.1014],[-74.0841,40.0973],[-74.0763,40.0942],[-74.071,40.0943],[-74.0655,40.098],[-74.06,40.0988],[-74.0595,40.1025],[-74.0544,40.1045],[-74.052,40.1072],[-74.0448,40.109],[-74.0464,40.1114],[-74.0516,40.1098],[-74.0548,40.1117],[-74.0503,40.1107],[-74.0468,40.112],[-74.0499,40.1148],[-74.049,40.1166],[-74.0431,40.1132],[-74.0368,40.114],[-74.0346,40.1164],[-74.0431,40.1245],[-74.0353,40.1197],[-74.0343,40.1165],[-74.0395,40.1124],[-74.037,40.1118],[-74.0406,40.1116],[-74.0373,40.1107],[-74.0411,40.1112],[-74.0404,40.113],[-74.044,40.1124],[-74.0419,40.1105],[-74.0415,40.1085],[-74.0432,40.1086],[-74.0312,40.1016],[-74.0341,40.1031],[-74.0302,40.1228],[-74.0165,40.1669],[-74.0081,40.1864],[-74.0186,40.1872],[-74.015,40.1865],[-74.0202,40.1847],[-74.0192,40.1868],[-74.0262,40.1839],[-74.0308,40.1793],[-74.0385,40.1791],[-74.0429,40.1768],[-74.0531,40.1821],[-74.0535,40.1848],[-74.0575,40.1894],[-74.0526,40.1901],[-74.0503,40.1879],[-74.0408,40.1849],[-74.0378,40.188],[-74.0387,40.1954],[-74.0434,40.1975],[-74.0425,40.2011],[-74.0411,40.2011],[-74.0394,40.1983],[-74.041,40.1973],[-74.0355,40.1978],[-74.0279,40.1924],[-74.0302,40.1895],[-74.0229,40.1872],[-74.0088,40.1879],[-74.0049,40.2043],[-73.998,40.2201],[-73.9966,40.2284],[-73.995,40.2296],[-73.9775,40.2993],[-73.9764,40.3029],[-73.9742,40.3027],[-73.9762,40.3033],[-73.9761,40.3118],[-73.9735,40.327],[-73.971,40.333],[-73.9726,40.3379],[-73.9714,40.3717],[-73.9749,40.3995],[-73.9787,40.4136],[-73.9779,40.4181],[-73.9795,40.4214],[-73.9783,40.4402],[-73.9878,40.4536],[-73.9957,40.4687],[-74.0071,40.4753],[-74.014,40.4765],[-74.0183,40.4736],[-74.0178,40.4708],[-74.0096,40.4683],[-74.0094,40.4661],[-74.0056,40.464],[-74.0026,40.4538],[-74.003,40.4464],[-73.9973,40.4484],[-73.9926,40.4456],[-73.9914,40.4403],[-73.9956,40.423],[-73.9942,40.4204],[-73.9919,40.4207],[-73.9944,40.4248],[-73.9923,40.4309],[-73.9851,40.4261],[-73.9841,40.4197],[-73.9794,40.4128],[-73.9782,40.4077],[-73.9827,40.4115],[-73.9836,40.4083],[-73.9791,40.4048],[-73.9778,40.4063],[-73.9764,40.3994],[-73.9736,40.3687],[-73.9752,40.3602],[-73.9737,40.3547],[-73.9757,40.3464],[-73.9771,40.3458],[-73.9748,40.3431],[-73.9779,40.3363],[-73.9828,40.3369],[-73.9837,40.3411],[-73.9894,40.334],[-73.9887,40.3376],[-73.9903,40.3387],[-73.9962,40.3365],[-73.9969,40.3384],[-73.9978,40.3364],[-73.9903,40.3331],[-73.9936,40.3335],[-73.994,40.3299],[-73.9871,40.3272],[-73.9823,40.3279],[-73.9837,40.327],[-73.9822,40.3264],[-73.9822,40.3241],[-73.9837,40.3227],[-73.9849,40.3267],[-73.9884,40.325],[-73.9893,40.3266],[-73.9955,40.328],[-73.9948,40.3241],[-73.9915,40.3227],[-73.994,40.3219],[-73.9956,40.3191],[-73.986,40.3125],[-73.9953,40.3166],[-74.003,40.3117],[-74.0011,40.3072],[-74.0051,40.3108],[-74.0091,40.307],[-74.0079,40.3106],[-74.001,40.3148],[-74.0034,40.316],[-74.0001,40.3157],[-73.997,40.318],[-73.9961,40.3228],[-73.9992,40.329],[-73.9973,40.3305],[-74.0024,40.3319],[-74.0087,40.3273],[-74.0063,40.3258],[-74.01,40.3243],[-74.0099,40.3224],[-74.0147,40.3238],[-74.0097,40.3291],[-74.0177,40.325],[-74.0185,40.3218],[-74.0206,40.3205],[-74.0176,40.3181],[-74.0204,40.3194],[-74.0246,40.3186],[-74.0238,40.3145],[-74.0259,40.3154],[-74.0277,40.3123],[-74.0288,40.3122],[-74.0279,40.3148],[-74.034,40.3133],[-74.0353,40.3142],[-74.0264,40.3162],[-74.0262,40.3199],[-74.0217,40.3215],[-74.0235,40.3229],[-74.0364,40.322],[-74.043,40.3177],[-74.0483,40.3171],[-74.0362,40.3229],[-74.0211,40.3245],[-74.0163,40.334],[-74.0252,40.3326],[-74.02,40.3356],[-74.0124,40.337],[-74.017,40.3386],[-74.0306,40.3367],[-74.0279,40.3387],[-74.0344,40.3423],[-74.0271,40.3391],[-74.0241,40.3395],[-74.0292,40.3443],[-74.023,40.3393],[-74.0199,40.3405],[-74.0267,40.3474],[-74.0187,40.3406],[-74.0185,40.3427],[-74.0168,40.3406],[-74.0155,40.3411],[-74.0165,40.3453],[-74.0137,40.3421],[-74.0092,40.3415],[-74.0057,40.3445],[-74.0065,40.346],[-74.0111,40.3471],[-74.0049,40.3473],[-74.0045,40.3496],[-74.0002,40.3526],[-73.9955,40.3526],[-74.0011,40.3558],[-73.9947,40.3542],[-73.9977,40.3568],[-73.9912,40.3533],[-73.9888,40.3551],[-73.9902,40.3572],[-73.9849,40.3556],[-73.9816,40.3584],[-73.987,40.3621],[-73.9827,40.3635],[-73.9804,40.3634],[-73.9815,40.3589],[-73.9787,40.3593],[-73.9754,40.3641],[-73.9783,40.3756],[-73.9808,40.376],[-73.9812,40.3722],[-73.9851,40.3719],[-73.9865,40.3699],[-73.9853,40.3721],[-73.9818,40.3723],[-73.9804,40.3739],[-73.9813,40.3756],[-73.9861,40.3768],[-73.9961,40.3752],[-74.0007,40.3782],[-74.0092,40.379],[-74.0146,40.3756],[-74.0231,40.3772],[-74.0235,40.3746],[-74.027,40.3732],[-74.0294,40.3683],[-74.0391,40.3683],[-74.0414,40.3669],[-74.0467,40.3679],[-74.0473,40.3659],[-74.0531,40.3645],[-74.0544,40.3589],[-74.0611,40.3551],[-74.0647,40.3555],[-74.0702,40.3527],[-74.0754,40.3561],[-74.0783,40.3521],[-74.0783,40.3483],[-74.0819,40.3465],[-74.0838,40.3419],[-74.0849,40.3441],[-74.0837,40.3471],[-74.0802,40.3501],[-74.0832,40.3533],[-74.0769,40.3579],[-74.0686,40.3591],[-74.0686,40.3619],[-74.0664,40.3621],[-74.0669,40.3665],[-74.0559,40.3715],[-74.0519,40.3701],[-74.0489,40.3729],[-74.0459,40.3729],[-74.05,40.3761],[-74.0426,40.3737],[-74.0368,40.3781],[-74.0321,40.3785],[-74.0256,40.3826],[-74.0163,40.3839],[-74.0163,40.3891],[-74.0241,40.3946],[-74.0209,40.3937],[-74.0189,40.395],[-74.0187,40.3924],[-74.0129,40.3891],[-74.0071,40.3884],[-74.0012,40.3906],[-73.9942,40.3838],[-73.9811,40.3849],[-73.9795,40.3953],[-73.9821,40.4029],[-73.9892,40.4074],[-73.9979,40.4092],[-73.9985,40.4109],[-74.0306,40.4155],[-74.0351,40.4173],[-74.0332,40.4223],[-74.0373,40.4175],[-74.0479,40.4189],[-74.0603,40.4237],[-74.0599,40.4209],[-74.0611,40.4209],[-74.0609,40.4247],[-74.0702,40.4299],[-74.0736,40.4293],[-74.0761,40.4337],[-74.0812,40.4343],[-74.0832,40.4365],[-74.0938,40.4403],[-74.1139,40.4449],[-74.1333,40.4551],[-74.1385,40.4559],[-74.1439,40.4599],[-74.139,40.4553],[-74.1429,40.4505],[-74.1507,40.4493],[-74.1527,40.4475],[-74.1556,40.4523],[-74.1547,40.4477],[-74.1579,40.4467],[-74.1663,40.4495],[-74.1715,40.4525],[-74.1762,40.4579],[-74.1795,40.4587],[-74.1828,40.4565],[-74.1881,40.4469],[-74.1939,40.4411],[-74.2028,40.4389],[-74.2069,40.4357],[-74.2086,40.4375],[-74.2134,40.4353],[-74.2112,40.4377],[-74.2063,40.4389],[-74.2092,40.4471],[-74.2246,40.4531],[-74.23,40.4529],[-74.2367,40.4579],[-74.2426,40.4577],[-74.2572,40.4639],[-74.2586,40.4629],[-74.2578,40.4651],[-74.2619,40.4647],[-74.2655,40.4701],[-74.2724,40.4747],[-74.2691,40.4753],[-74.2658,40.4783],[-74.2697,40.4841],[-74.2741,40.4839],[-74.2757,40.4857],[-74.2737,40.4881],[-74.2748,40.4885],[-74.2719,40.4895],[-74.2766,40.4895],[-74.2762,40.4913],[-74.2826,40.4933],[-74.2862,40.4927],[-74.2838,40.5005],[-74.2591,40.4979],[-74.2568,40.511],[-74.2537,40.5161],[-74.2462,40.5216],[-74.2514,40.5423],[-74.2486,40.5496],[-74.232,40.559],[-74.2179,40.5575],[-74.2154,40.56],[-74.2101,40.5732],[-74.2081,40.5886],[-74.2045,40.5937],[-74.2121,40.5984],[-74.2158,40.6044],[-74.2239,40.6004],[-74.2328,40.5995],[-74.2356,40.6024],[-74.2383,40.6028],[-74.2429,40.6001],[-74.2558,40.6022],[-74.2587,40.6014],[-74.2602,40.5978],[-74.2887,40.5925],[-74.2922,40.5926],[-74.3033,40.5994],[-74.3051,40.6017],[-74.3041,40.6073],[-74.309,40.6084],[-74.4583,40.5953],[-74.4626,40.5989],[-74.4451,40.6089],[-74.4371,40.6106],[-74.4263,40.6182],[-74.4227,40.625],[-74.418,40.6278],[-74.4131,40.6419],[-74.4095,40.6428],[-74.4078,40.6457],[-74.403,40.6567],[-74.4023,40.6643],[-74.4064,40.6675],[-74.4203,40.6581],[-74.4305,40.6648],[-74.4347,40.6641],[-74.4446,40.6573],[-74.4522,40.6553],[-74.4608,40.6742],[-74.4538,40.6759],[-74.4522,40.6853],[-74.4347,40.6934],[-74.4317,40.6931],[-74.4271,40.7018],[-74.4171,40.7053],[-74.4125,40.7103],[-74.4102,40.7097],[-74.4022,40.718],[-74.3917,40.7182],[-74.3903,40.7253],[-74.3853,40.7243],[-74.3785,40.7296],[-74.3803,40.7333],[-74.3713,40.735],[-74.3709,40.7391],[-74.3726,40.7415],[-74.3716,40.7439],[-74.3693,40.7428],[-74.3665,40.7441],[-74.365,40.7468],[-74.3675,40.7491],[-74.359,40.7529],[-74.3582,40.7557],[-74.3678,40.7582],[-74.3682,40.7608],[-74.3752,40.7583],[-74.3764,40.7616],[-74.3712,40.764],[-74.3703,40.7667],[-74.3718,40.7681],[-74.3701,40.7706],[-74.371,40.7746],[-74.373,40.7754],[-74.368,40.7797],[-74.3665,40.7944],[-74.3645,40.7983],[-74.3512,40.8068],[-74.3484,40.8125],[-74.3382,40.8138],[-74.3345,40.8185],[-74.3329,40.8231],[-74.3352,40.8275],[-74.3293,40.8314],[-74.3303,40.835],[-74.3288,40.8416],[-74.3262,40.8439],[-74.3287,40.8446],[-74.33,40.8483],[-74.3275,40.8501],[-74.3246,40.8576],[-74.3196,40.8583],[-74.3211,40.8633],[-74.3333,40.8683],[-74.3363,40.867],[-74.3374,40.8697],[-74.3374,40.8746],[-74.3353,40.8771],[-74.3395,40.8796],[-74.3383,40.8875],[-74.3397,40.8895],[-74.3343,40.9054],[-74.3305,40.9078],[-74.3278,40.9072],[-74.3277,40.9052],[-74.3254,40.9073],[-74.319,40.9079],[-74.319,40.9033],[-74.2953,40.9062],[-74.2922,40.9045],[-74.2916,40.9005],[-74.2894,40.8994],[-74.2822,40.9007],[-74.2856,40.898],[-74.2843,40.895],[-74.2796,40.8978],[-74.2725,40.8979],[-74.2716,40.9095],[-74.2683,40.9082],[-74.2677,40.9111],[-74.272,40.9156],[-74.2842,40.9177],[-74.2889,40.9289],[-74.2855,40.931],[-74.2797,40.941],[-74.277,40.9547],[-74.2803,40.9584],[-74.2799,40.966],[-74.282,40.9697],[-74.2803,40.9717],[-74.2776,40.9719],[-74.2778,40.9746],[-74.2809,40.9765],[-74.2819,40.9792],[-74.2937,40.9793],[-74.2971,40.981],[-74.293,40.9881],[-74.2999,41.0025],[-74.3012,40.9995],[-74.3093,40.9985],[-74.3159,41.002],[-74.3281,41.0015],[-74.3333,41.0034],[-74.3353,41.0066],[-74.3474,41.0044],[-74.3513,41.0058],[-74.3515,41.01],[-74.3556,41.0137],[-74.3625,41.0128],[-74.3643,41.0111],[-74.3724,41.0116],[-74.3773,41.0139],[-74.3891,41.0127],[-74.3921,41.0161],[-74.4008,41.0184],[-74.4059,41.0238],[-74.4184,41.0286],[-74.4237,41.027],[-74.4286,41.0207],[-74.4335,41.0199],[-74.4335,41.0254],[-74.4312,41.0303],[-74.4283,41.0323],[-74.4271,41.0366],[-74.433,41.0385],[-74.4389,41.0432],[-74.442,41.0491],[-74.4474,41.0542],[-74.4769,41.0469],[-74.489,41.0384],[-74.4977,41.0349],[-74.5012,41.0396],[-74.4975,41.0509],[-74.4971,41.0582],[-74.494,41.0625],[-74.4871,41.0656],[-74.4883,41.0729],[-74.4873,41.0768],[-74.5022,41.0862],[-74.3659,41.2029],[-74.4564,41.2477],[-74.6744,41.3479]]],[[[-75.2273,38.5885],[-75.227,38.5885],[-75.227,38.5886],[-75.2269,38.589],[-75.2271,38.5892],[-75.2278,38.5899],[-75.2281,38.5898],[-75.2281,38.5896],[-75.2276,38.5892],[-75.2277,38.5887],[-75.2274,38.5885],[-75.2273,38.5885]]],[[[-75.0695,38.5879],[-75.0694,38.5882],[-75.0692,38.5885],[-75.0687,38.5889],[-75.0686,38.5891],[-75.0687,38.5899],[-75.0691,38.5902],[-75.0694,38.5901],[-75.0697,38.5899],[-75.07,38.5891],[-75.0701,38.588],[-75.07,38.5876],[-75.0698,38.5876],[-75.0695,38.5879]]],[[[-75.0704,38.5918],[-75.0714,38.5931],[-75.0735,38.5909],[-75.0717,38.5884],[-75.0704,38.5918]]],[[[-75.0782,38.6012],[-75.078,38.6013],[-75.0775,38.6013],[-75.0774,38.6014],[-75.0774,38.6014],[-75.0774,38.6017],[-75.0778,38.6019],[-75.0786,38.602],[-75.0788,38.6018],[-75.0789,38.6012],[-75.0788,38.6011],[-75.0782,38.6012]]],[[[-75.0746,38.6014],[-75.0746,38.6026],[-75.0766,38.6026],[-75.0746,38.6014]]],[[[-75.0792,38.6019],[-75.0792,38.6022],[-75.0795,38.6027],[-75.0796,38.6032],[-75.0798,38.6034],[-75.08,38.6034],[-75.0804,38.6032],[-75.0804,38.6029],[-75.0801,38.6026],[-75.08,38.6023],[-75.0794,38.6018],[-75.0792,38.6019]]],[[[-75.0965,38.6024],[-75.0962,38.6037],[-75.098,38.603],[-75.0965,38.6024]]],[[[-75.0897,38.6094],[-75.0914,38.6102],[-75.0931,38.6081],[-75.0897,38.6094]]],[[[-75.0928,38.6175],[-75.0967,38.6189],[-75.0947,38.6171],[-75.0928,38.6175]]],[[[-75.0702,38.6207],[-75.0702,38.6226],[-75.0762,38.6257],[-75.0785,38.6208],[-75.0771,38.6204],[-75.0777,38.6176],[-75.0794,38.618],[-75.0799,38.616],[-75.0841,38.6169],[-75.0833,38.6184],[-75.0814,38.6181],[-75.0844,38.6196],[-75.0912,38.6159],[-75.0848,38.6099],[-75.0777,38.6098],[-75.0756,38.6115],[-75.0768,38.6143],[-75.0745,38.6149],[-75.0743,38.618],[-75.0704,38.6177],[-75.0702,38.6207]]],[[[-75.0958,38.6299],[-75.1008,38.6331],[-75.1011,38.6297],[-75.0988,38.629],[-75.0993,38.6258],[-75.0929,38.6222],[-75.094,38.6236],[-75.0905,38.6251],[-75.092,38.6267],[-75.0907,38.6285],[-75.095,38.63],[-75.0919,38.6286],[-75.0931,38.6279],[-75.0958,38.6299]]],[[[-75.0764,38.6312],[-75.0761,38.6314],[-75.0759,38.6318],[-75.076,38.6321],[-75.0768,38.6329],[-75.0772,38.6331],[-75.0781,38.6332],[-75.0783,38.6331],[-75.0783,38.6328],[-75.0777,38.6325],[-75.0778,38.6319],[-75.0772,38.6314],[-75.0768,38.6312],[-75.0764,38.6312]]],[[[-75.1371,38.6429],[-75.1388,38.6419],[-75.1363,38.642],[-75.1371,38.6429]]],[[[-75.127,38.6685],[-75.126,38.6694],[-75.1278,38.6699],[-75.127,38.6685]]],[[[-76.3641,38.7539],[-76.3692,38.7569],[-76.37,38.7542],[-76.3749,38.752],[-76.3708,38.7521],[-76.3681,38.7489],[-76.3636,38.7489],[-76.3627,38.7501],[-76.364,38.7502],[-76.3641,38.7539]]],[[[-76.3808,38.7582],[-76.3798,38.757],[-76.3794,38.7587],[-76.3808,38.7582]]],[[[-76.382,38.7621],[-76.3812,38.7634],[-76.3834,38.7652],[-76.3837,38.7626],[-76.382,38.7621]]],[[[-76.3713,38.7719],[-76.3735,38.7693],[-76.3733,38.7662],[-76.3715,38.7647],[-76.3713,38.7719]]],[[[-76.3781,38.773],[-76.3815,38.7706],[-76.3828,38.7662],[-76.3811,38.7659],[-76.3786,38.7688],[-76.377,38.7726],[-76.3781,38.773]]],[[[-76.3729,38.776],[-76.3758,38.7737],[-76.3736,38.773],[-76.3729,38.776]]],[[[-76.3036,38.899],[-76.3033,38.8993],[-76.3032,38.8995],[-76.3034,38.8995],[-76.3042,38.8996],[-76.3056,38.8989],[-76.3062,38.8991],[-76.3071,38.8991],[-76.3075,38.899],[-76.3084,38.8984],[-76.3084,38.8982],[-76.3078,38.8978],[-76.3074,38.8978],[-76.3066,38.8981],[-76.3061,38.898],[-76.3058,38.8977],[-76.3055,38.8977],[-76.3046,38.8985],[-76.3036,38.899]]],[[[-76.2806,38.8965],[-76.2794,38.897],[-76.2827,38.9007],[-76.282,38.8967],[-76.2806,38.8965]]],[[[-76.2438,38.9132],[-76.2466,38.915],[-76.2492,38.913],[-76.2476,38.9105],[-76.2508,38.9072],[-76.2517,38.9023],[-76.2427,38.9066],[-76.2438,38.9132]]],[[[-76.2852,38.9287],[-76.2852,38.9291],[-76.2855,38.9293],[-76.2857,38.9294],[-76.286,38.9293],[-76.2863,38.9287],[-76.2875,38.9283],[-76.2875,38.928],[-76.287,38.928],[-76.2862,38.9282],[-76.2856,38.9282],[-76.2852,38.9287]]],[[[-75.3119,38.947],[-75.313,38.9492],[-75.3136,38.9467],[-75.3118,38.9457],[-75.3119,38.947]]],[[[-74.904,38.9522],[-74.9079,38.9538],[-74.9113,38.9484],[-74.9054,38.9487],[-74.9046,38.9505],[-74.9061,38.9511],[-74.9053,38.9521],[-74.9038,38.951],[-74.904,38.9522]]],[[[-74.8697,38.9576],[-74.8671,38.9589],[-74.8678,38.9617],[-74.8702,38.9616],[-74.8716,38.9572],[-74.8697,38.9576]]],[[[-74.9363,38.9662],[-74.9636,38.9659],[-74.9632,38.9619],[-74.9705,38.9439],[-74.9703,38.9413],[-74.972,38.9404],[-74.9672,38.9331],[-74.9635,38.9312],[-74.9396,38.9317],[-74.9342,38.9304],[-74.9336,38.9285],[-74.9172,38.9295],[-74.8945,38.9361],[-74.8831,38.9416],[-74.8815,38.9404],[-74.8816,38.9417],[-74.8797,38.9408],[-74.8795,38.942],[-74.8782,38.9411],[-74.8785,38.9422],[-74.8769,38.9413],[-74.877,38.9424],[-74.8753,38.9416],[-74.8705,38.9436],[-74.8781,38.95],[-74.892,38.9493],[-74.8913,38.9475],[-74.9015,38.945],[-74.9057,38.9477],[-74.9077,38.9466],[-74.9068,38.9483],[-74.9118,38.9478],[-74.9116,38.9539],[-74.91,38.954],[-74.9106,38.9512],[-74.9088,38.9554],[-74.9363,38.9662]]],[[[-74.8773,38.9645],[-74.8809,38.9691],[-74.8863,38.9639],[-74.8803,38.9604],[-74.8796,38.9576],[-74.876,38.9546],[-74.8714,38.9628],[-74.8736,38.965],[-74.8773,38.9645]]],[[[-74.8469,38.9735],[-74.8472,38.9754],[-74.8473,38.9757],[-74.8471,38.9765],[-74.8473,38.9774],[-74.8478,38.9771],[-74.8479,38.9767],[-74.8477,38.9741],[-74.8474,38.9737],[-74.8469,38.9734],[-74.8469,38.9735]]],[[[-74.8533,38.9773],[-74.8507,38.9794],[-74.8602,38.981],[-74.8596,38.9778],[-74.8556,38.9762],[-74.8533,38.9773]]],[[[-74.8563,38.9761],[-74.8603,38.9774],[-74.8608,38.9816],[-74.8623,38.9813],[-74.8616,38.9765],[-74.8574,38.9752],[-74.8563,38.9761]]],[[[-76.2417,38.9827],[-76.2416,38.9829],[-76.2417,38.9833],[-76.2419,38.9835],[-76.2423,38.9834],[-76.2424,38.9833],[-76.2422,38.9827],[-76.242,38.9826],[-76.2417,38.9827]]],[[[-74.8403,38.9844],[-74.8425,38.9852],[-74.8441,38.984],[-74.8448,38.9807],[-74.8433,38.9779],[-74.8419,38.9798],[-74.8378,38.9798],[-74.8382,38.9844],[-74.8403,38.9844]]],[[[-74.8353,38.9809],[-74.8339,38.9826],[-74.8345,38.9865],[-74.8363,38.9812],[-74.8353,38.9809]]],[[[-74.8357,38.9824],[-74.8351,38.9874],[-74.8377,38.9839],[-74.8357,38.9824]]],[[[-74.8378,38.9998],[-74.8373,39],[-74.8372,39],[-74.8371,39.0001],[-74.8383,39.0001],[-74.8382,38.9999],[-74.838,38.9998],[-74.8378,38.9998]]],[[[-74.8374,39.0006],[-74.8361,39.0029],[-74.8382,39.002],[-74.8374,39.0006]]],[[[-74.8339,39.0007],[-74.8297,39.0053],[-74.8326,39.0042],[-74.8339,39.0007]]],[[[-74.8461,39.0033],[-74.845,39.006],[-74.8495,39.0022],[-74.8515,38.9974],[-74.8418,38.9934],[-74.8403,38.9894],[-74.8411,38.9865],[-74.8384,38.9857],[-74.8358,38.9909],[-74.834,38.991],[-74.8343,38.9935],[-74.8371,38.9945],[-74.8381,38.9992],[-74.8418,38.9988],[-74.8422,39.0014],[-74.8443,39.0018],[-74.8433,39.0033],[-74.8461,39.0033]]],[[[-74.8222,39.0023],[-74.8291,39.0066],[-74.8286,39.0013],[-74.8329,39.0007],[-74.8345,38.9974],[-74.8337,38.9949],[-74.8323,38.9943],[-74.8263,38.9981],[-74.8185,38.9966],[-74.8175,38.9984],[-74.8222,39.0023]]],[[[-74.8491,39.0047],[-74.8504,39.0078],[-74.8495,39.0034],[-74.8464,39.0059],[-74.8491,39.0047]]],[[[-74.8346,39.0055],[-74.8341,39.0062],[-74.8339,39.007],[-74.8342,39.0078],[-74.8349,39.0085],[-74.8352,39.0084],[-74.8352,39.008],[-74.8347,39.0074],[-74.8348,39.0071],[-74.835,39.0066],[-74.8348,39.0062],[-74.8348,39.0058],[-74.8349,39.0056],[-74.8349,39.0054],[-74.8346,39.0055]]],[[[-74.8118,39.0138],[-74.8101,39.0156],[-74.8109,39.0173],[-74.8136,39.0158],[-74.8118,39.0138]]],[[[-74.8185,39.0146],[-74.8161,39.0173],[-74.8174,39.019],[-74.8195,39.0162],[-74.8185,39.0146]]],[[[-74.8101,39.0233],[-74.8089,39.0207],[-74.8056,39.0222],[-74.8101,39.0233]]],[[[-74.7958,39.0249],[-74.8004,39.0226],[-74.8004,39.0154],[-74.7973,39.0116],[-74.7983,39.0079],[-74.8066,39.0032],[-74.8096,39.0045],[-74.81,39.0025],[-74.8081,39.0008],[-74.8151,39.0048],[-74.8177,39.0022],[-74.8132,39.0023],[-74.8129,39.0007],[-74.8142,39.0005],[-74.8136,39.0022],[-74.8176,39.0007],[-74.8245,39.0052],[-74.8158,38.9982],[-74.8182,38.9961],[-74.8213,38.9963],[-74.8217,38.9943],[-74.8309,38.9948],[-74.824,38.9882],[-74.8314,38.9933],[-74.8338,38.9892],[-74.8301,38.9881],[-74.8406,38.9727],[-74.8463,38.9699],[-74.8491,38.9783],[-74.8603,38.9721],[-74.8568,38.968],[-74.8531,38.9719],[-74.8555,38.9685],[-74.8572,38.9676],[-74.8596,38.9698],[-74.8586,38.9652],[-74.8653,38.9611],[-74.8673,38.9571],[-74.8727,38.956],[-74.8701,38.9471],[-74.8645,38.9404],[-74.8507,38.9545],[-74.8194,38.9794],[-74.8079,38.986],[-74.7927,38.992],[-74.7862,39.0012],[-74.7916,39.0121],[-74.794,39.0137],[-74.7958,39.0249]]],[[[-74.7789,39.0254],[-74.7789,39.0257],[-74.7794,39.0257],[-74.7798,39.0254],[-74.7799,39.0252],[-74.7798,39.0251],[-74.7792,39.0251],[-74.7789,39.0254]]],[[[-74.7819,39.0258],[-74.7817,39.0259],[-74.7817,39.0263],[-74.7819,39.0264],[-74.7822,39.0264],[-74.7826,39.0262],[-74.7826,39.0259],[-74.7824,39.0257],[-74.7819,39.0258]]],[[[-74.7804,39.0261],[-74.7801,39.0267],[-74.78,39.0271],[-74.7803,39.027],[-74.7809,39.0265],[-74.7809,39.0262],[-74.7806,39.0261],[-74.7804,39.0261]]],[[[-74.778,39.0268],[-74.7779,39.0269],[-74.778,39.0271],[-74.7787,39.0273],[-74.779,39.0273],[-74.7795,39.0268],[-74.7794,39.0266],[-74.778,39.0268]]],[[[-74.8233,39.0272],[-74.8282,39.029],[-74.8293,39.0223],[-74.835,39.0243],[-74.8352,39.0191],[-74.8427,39.0165],[-74.8336,39.0152],[-74.832,39.013],[-74.8335,39.0095],[-74.8297,39.0083],[-74.8297,39.0103],[-74.8269,39.0112],[-74.8261,39.0134],[-74.8278,39.015],[-74.8269,39.0172],[-74.8292,39.0191],[-74.8266,39.0179],[-74.8244,39.0207],[-74.8192,39.0227],[-74.8146,39.0223],[-74.8118,39.0199],[-74.8134,39.0241],[-74.8219,39.0231],[-74.8136,39.0244],[-74.8172,39.0274],[-74.823,39.024],[-74.823,39.0255],[-74.8171,39.0277],[-74.8177,39.0289],[-74.8233,39.0272]]],[[[-74.8008,39.024],[-74.7983,39.0273],[-74.8051,39.031],[-74.809,39.0309],[-74.8117,39.0271],[-74.811,39.0247],[-74.8061,39.0238],[-74.803,39.0206],[-74.8071,39.017],[-74.8089,39.012],[-74.8123,39.0117],[-74.8102,39.0079],[-74.8123,39.0047],[-74.8086,39.0053],[-74.8063,39.0039],[-74.8037,39.0062],[-74.8054,39.0072],[-74.805,39.0086],[-74.7992,39.008],[-74.7981,39.0112],[-74.8008,39.0145],[-74.8008,39.024]]],[[[-74.7848,39.035],[-74.7815,39.0386],[-74.7842,39.0378],[-74.7859,39.0356],[-74.7848,39.035]]],[[[-76.301,39.032],[-76.3023,39.0331],[-76.3023,39.0399],[-76.3107,39.0362],[-76.3153,39.0307],[-76.3224,39.0168],[-76.3237,39.0001],[-76.3226,39.0001],[-76.3241,38.9963],[-76.3336,38.9864],[-76.3346,38.9805],[-76.3415,38.9739],[-76.3538,38.9572],[-76.3617,38.9392],[-76.3657,38.9075],[-76.3647,38.8738],[-76.3756,38.8523],[-76.3761,38.8492],[-76.3744,38.8466],[-76.3759,38.8381],[-76.3726,38.8389],[-76.3682,38.8361],[-76.3623,38.8509],[-76.3506,38.8575],[-76.3399,38.8557],[-76.3312,38.8639],[-76.3347,38.8857],[-76.3378,38.8906],[-76.337,38.8948],[-76.333,38.9003],[-76.3369,38.9018],[-76.3369,38.907],[-76.342,38.9071],[-76.3438,38.9105],[-76.3408,38.9125],[-76.3397,38.9114],[-76.3363,38.9157],[-76.3381,38.9214],[-76.3313,38.9185],[-76.3265,38.9191],[-76.3238,38.9142],[-76.325,38.9118],[-76.3179,38.9113],[-76.3159,38.915],[-76.3177,38.9191],[-76.3164,38.923],[-76.3204,38.9247],[-76.3209,38.9284],[-76.3177,38.9267],[-76.317,38.9319],[-76.3144,38.9333],[-76.3147,38.9351],[-76.3188,38.9377],[-76.3165,38.9432],[-76.3128,38.9447],[-76.3136,38.9485],[-76.3112,38.9542],[-76.309,38.9534],[-76.3088,38.9546],[-76.3068,38.9523],[-76.3067,38.9467],[-76.3038,38.9427],[-76.3022,38.9413],[-76.2995,38.9423],[-76.3024,38.9386],[-76.3059,38.9407],[-76.3082,38.9374],[-76.3065,38.937],[-76.3056,38.9339],[-76.3116,38.9314],[-76.3098,38.9251],[-76.3029,38.9217],[-76.2997,38.907],[-76.3,38.9015],[-76.2924,38.9031],[-76.2959,38.9073],[-76.2939,38.9101],[-76.2994,38.9185],[-76.2958,38.9262],[-76.2956,38.93],[-76.2913,38.9315],[-76.2915,38.9301],[-76.289,38.9297],[-76.2844,38.9352],[-76.2772,38.9387],[-76.2753,38.9417],[-76.2718,38.9413],[-76.2691,38.9378],[-76.2696,38.9351],[-76.2657,38.9319],[-76.2647,38.9246],[-76.2622,38.92],[-76.2594,38.9209],[-76.259,38.9227],[-76.258,38.9189],[-76.2557,38.9192],[-76.2562,38.9216],[-76.2544,38.9227],[-76.2488,38.9214],[-76.2481,38.9243],[-76.2497,38.9278],[-76.2548,38.9266],[-76.2567,38.9279],[-76.2561,38.9294],[-76.259,38.9289],[-76.2628,38.9374],[-76.2577,38.9345],[-76.2571,38.938],[-76.2556,38.9369],[-76.2532,38.9386],[-76.2543,38.9419],[-76.2501,38.9383],[-76.2518,38.941],[-76.2514,38.944],[-76.2544,38.9447],[-76.2551,38.9464],[-76.2511,38.947],[-76.2513,38.9495],[-76.2545,38.9492],[-76.2512,38.9543],[-76.2538,38.956],[-76.2527,38.9585],[-76.2482,38.9566],[-76.251,38.9606],[-76.2534,38.9602],[-76.2548,38.9636],[-76.2502,38.9691],[-76.2484,38.9661],[-76.2467,38.967],[-76.2486,38.97],[-76.2484,38.9782],[-76.2434,38.9809],[-76.2464,38.9815],[-76.2479,38.9794],[-76.2487,38.9822],[-76.2532,38.9804],[-76.2524,38.9797],[-76.2601,38.984],[-76.2748,38.9833],[-76.277,38.982],[-76.2815,38.9872],[-76.2806,38.9888],[-76.2838,38.9905],[-76.294,39.004],[-76.2975,39.0192],[-76.3051,39.0271],[-76.3053,39.0319],[-76.301,39.032]]],[[[-74.7732,39.041],[-74.7722,39.0411],[-74.772,39.0413],[-74.7716,39.0419],[-74.7717,39.0422],[-74.7718,39.0422],[-74.7722,39.0421],[-74.7734,39.0413],[-74.7734,39.0411],[-74.7732,39.041],[-74.7732,39.041]]],[[[-74.7831,39.0409],[-74.7822,39.0419],[-74.7875,39.0424],[-74.7913,39.0412],[-74.7977,39.0374],[-74.8003,39.0312],[-74.7917,39.0289],[-74.7858,39.034],[-74.7866,39.036],[-74.7844,39.0385],[-74.7811,39.0392],[-74.7816,39.0411],[-74.7831,39.0409]]],[[[-74.7742,39.0415],[-74.7705,39.0468],[-74.7755,39.0421],[-74.7742,39.0415]]],[[[-74.8124,39.0511],[-74.8141,39.0521],[-74.8155,39.0501],[-74.8113,39.046],[-74.8104,39.0509],[-74.8124,39.0511]]],[[[-74.7988,39.051],[-74.8053,39.0529],[-74.8056,39.0489],[-74.8012,39.0448],[-74.8032,39.0435],[-74.8025,39.0406],[-74.7983,39.0387],[-74.7887,39.043],[-74.7956,39.0478],[-74.7966,39.051],[-74.7988,39.051]]],[[[-74.7968,39.0519],[-74.8021,39.0535],[-74.8014,39.0521],[-74.7968,39.0519]]],[[[-74.8045,39.0406],[-74.8041,39.0449],[-74.8065,39.0469],[-74.8075,39.0541],[-74.8106,39.045],[-74.8074,39.0411],[-74.8045,39.0406]]],[[[-74.8176,39.0524],[-74.8192,39.0543],[-74.8196,39.0531],[-74.8176,39.0524]]],[[[-74.8167,39.0541],[-74.8165,39.0524],[-74.8153,39.054],[-74.8167,39.0541]]],[[[-74.7954,39.0536],[-74.791,39.0579],[-74.7951,39.0615],[-74.803,39.0585],[-74.8002,39.0568],[-74.8025,39.0553],[-74.8006,39.0538],[-74.7954,39.0536]]],[[[-74.8039,39.0615],[-74.8052,39.0619],[-74.8049,39.0609],[-74.8029,39.0598],[-74.7989,39.0603],[-74.8039,39.0615]]],[[[-74.7607,39.0614],[-74.7598,39.0626],[-74.7598,39.0629],[-74.7599,39.063],[-74.7603,39.0629],[-74.7606,39.0625],[-74.7611,39.0613],[-74.761,39.0613],[-74.7607,39.0614]]],[[[-74.7961,39.0708],[-74.7944,39.0687],[-74.7897,39.0683],[-74.7912,39.0608],[-74.7898,39.0566],[-74.793,39.053],[-74.7938,39.0485],[-74.7912,39.0464],[-74.7884,39.0482],[-74.7888,39.0502],[-74.7876,39.0486],[-74.7852,39.0491],[-74.7902,39.0462],[-74.7816,39.043],[-74.7695,39.0575],[-74.7762,39.0578],[-74.7795,39.0602],[-74.7801,39.0642],[-74.7838,39.0638],[-74.7852,39.067],[-74.7961,39.0708]]],[[[-74.7635,39.0592],[-74.7607,39.0673],[-74.7665,39.0712],[-74.7655,39.0686],[-74.7685,39.0657],[-74.7689,39.0628],[-74.7677,39.0608],[-74.7635,39.0592]]],[[[-74.7952,39.072],[-74.8,39.075],[-74.8014,39.0689],[-74.8004,39.0666],[-74.7908,39.0621],[-74.7915,39.0658],[-74.7902,39.0681],[-74.7966,39.0693],[-74.7969,39.0711],[-74.7943,39.0711],[-74.7952,39.072]]],[[[-74.7477,39.0772],[-74.7565,39.0754],[-74.7571,39.0719],[-74.7536,39.0669],[-74.7529,39.0712],[-74.7524,39.0693],[-74.7501,39.0697],[-74.7477,39.0772]]],[[[-74.7691,39.0769],[-74.7674,39.0818],[-74.7703,39.0783],[-74.7691,39.0769]]],[[[-74.7398,39.0823],[-74.7395,39.0824],[-74.739,39.083],[-74.738,39.0838],[-74.7378,39.0841],[-74.7379,39.0847],[-74.7382,39.0847],[-74.7388,39.084],[-74.7395,39.0838],[-74.7398,39.0836],[-74.7405,39.0828],[-74.7405,39.0824],[-74.7402,39.0822],[-74.74,39.0822],[-74.7398,39.0823]]],[[[-74.74,39.0841],[-74.7391,39.0844],[-74.7389,39.0848],[-74.7389,39.0852],[-74.7391,39.0854],[-74.7395,39.0855],[-74.7398,39.0855],[-74.7404,39.0846],[-74.7405,39.0842],[-74.7401,39.0841],[-74.74,39.0841]]],[[[-74.7728,39.0723],[-74.7702,39.0736],[-74.7732,39.0767],[-74.7723,39.0836],[-74.7746,39.0887],[-74.7766,39.0861],[-74.7809,39.0843],[-74.7834,39.076],[-74.7801,39.0734],[-74.7728,39.0723]]],[[[-74.747,39.0903],[-74.7469,39.0905],[-74.7471,39.0908],[-74.7475,39.0909],[-74.7478,39.0908],[-74.7478,39.0905],[-74.7473,39.0902],[-74.747,39.0903]]],[[[-74.7296,39.0932],[-74.7294,39.0942],[-74.7313,39.0938],[-74.7296,39.0932]]],[[[-74.7397,39.0961],[-74.7395,39.0962],[-74.7395,39.0965],[-74.7394,39.0965],[-74.7392,39.0977],[-74.7395,39.0977],[-74.7399,39.0973],[-74.74,39.0968],[-74.74,39.0961],[-74.7397,39.0961]]],[[[-74.7657,39.1007],[-74.7643,39.1024],[-74.7666,39.1012],[-74.7657,39.1007]]],[[[-74.7599,39.1011],[-74.7623,39.1023],[-74.76,39.0966],[-74.7609,39.0947],[-74.756,39.0892],[-74.7581,39.0843],[-74.7654,39.0845],[-74.7669,39.0775],[-74.7654,39.075],[-74.7586,39.0731],[-74.7567,39.0764],[-74.7479,39.078],[-74.7466,39.0772],[-74.7485,39.074],[-74.7474,39.0739],[-74.7422,39.0802],[-74.7451,39.0819],[-74.7443,39.0837],[-74.7529,39.0865],[-74.7444,39.0843],[-74.7439,39.0821],[-74.7413,39.0807],[-74.7409,39.0856],[-74.7422,39.0863],[-74.7406,39.0881],[-74.7447,39.087],[-74.7508,39.0932],[-74.752,39.0919],[-74.7559,39.0929],[-74.7568,39.0916],[-74.7591,39.0942],[-74.757,39.0942],[-74.7565,39.092],[-74.7563,39.0934],[-74.7524,39.0923],[-74.7516,39.0942],[-74.7549,39.0978],[-74.756,39.1025],[-74.7599,39.1011]]],[[[-74.7306,39.1032],[-74.7342,39.1038],[-74.7306,39.1011],[-74.7359,39.1034],[-74.7409,39.101],[-74.7364,39.0966],[-74.7353,39.0991],[-74.7327,39.0963],[-74.7329,39.0982],[-74.7301,39.0989],[-74.7323,39.0972],[-74.7311,39.0957],[-74.7276,39.0964],[-74.7298,39.0951],[-74.7284,39.0946],[-74.727,39.0963],[-74.7282,39.0977],[-74.7255,39.0979],[-74.7289,39.1005],[-74.725,39.0986],[-74.7243,39.1],[-74.7306,39.1032]]],[[[-74.7232,39.1005],[-74.723,39.1021],[-74.7281,39.1048],[-74.7315,39.1045],[-74.7232,39.1005]]],[[[-74.7644,39.1039],[-74.7651,39.1078],[-74.768,39.1075],[-74.7675,39.1042],[-74.7644,39.1039]]],[[[-74.7324,39.1088],[-74.7443,39.1071],[-74.7487,39.1004],[-74.7548,39.1004],[-74.755,39.099],[-74.748,39.0913],[-74.7466,39.0921],[-74.7465,39.0958],[-74.7405,39.0955],[-74.7408,39.0972],[-74.7385,39.0988],[-74.7415,39.1006],[-74.7405,39.1032],[-74.7291,39.1056],[-74.7324,39.1088]]],[[[-74.7299,39.109],[-74.7317,39.1088],[-74.728,39.1054],[-74.7221,39.1024],[-74.7202,39.1043],[-74.7299,39.109]]],[[[-74.7306,39.11],[-74.7292,39.112],[-74.7311,39.112],[-74.7317,39.1103],[-74.7306,39.11]]],[[[-74.8649,39.1122],[-74.8647,39.1123],[-74.8646,39.1134],[-74.8646,39.1142],[-74.8648,39.1144],[-74.8651,39.1143],[-74.8652,39.114],[-74.8651,39.1122],[-74.8649,39.1122]]],[[[-74.7191,39.1055],[-74.7148,39.1107],[-74.7167,39.1133],[-74.722,39.1151],[-74.7273,39.1129],[-74.7295,39.1102],[-74.7191,39.1055]]],[[[-74.7441,39.1147],[-74.7499,39.1171],[-74.7496,39.1123],[-74.7558,39.1107],[-74.7564,39.1062],[-74.7507,39.101],[-74.747,39.1074],[-74.7385,39.1104],[-74.74,39.1125],[-74.7376,39.1101],[-74.7346,39.1101],[-74.7317,39.1145],[-74.7274,39.1154],[-74.7305,39.1163],[-74.7354,39.1142],[-74.7441,39.1147]]],[[[-74.707,39.1084],[-74.7153,39.1169],[-74.7187,39.118],[-74.7211,39.1154],[-74.7149,39.1126],[-74.714,39.1095],[-74.7294,39.0924],[-74.7338,39.0925],[-74.7336,39.0912],[-74.7373,39.0932],[-74.7309,39.0945],[-74.7338,39.0979],[-74.741,39.0947],[-74.7461,39.0952],[-74.7458,39.0915],[-74.7393,39.093],[-74.7406,39.0913],[-74.7464,39.0908],[-74.7437,39.0898],[-74.7443,39.0881],[-74.7419,39.0902],[-74.7396,39.0887],[-74.7404,39.0903],[-74.7386,39.0901],[-74.7381,39.0922],[-74.7364,39.0912],[-74.7392,39.0864],[-74.7344,39.0904],[-74.7376,39.0853],[-74.7325,39.0891],[-74.749,39.0699],[-74.752,39.0688],[-74.7544,39.0651],[-74.7532,39.0639],[-74.7552,39.064],[-74.7553,39.0616],[-74.7569,39.062],[-74.7599,39.0593],[-74.7581,39.0591],[-74.7587,39.058],[-74.7613,39.0587],[-74.7643,39.0565],[-74.7614,39.0548],[-74.762,39.0536],[-74.7652,39.0558],[-74.7687,39.0526],[-74.7666,39.0513],[-74.7644,39.0531],[-74.7655,39.0503],[-74.7697,39.052],[-74.7727,39.049],[-74.7696,39.0511],[-74.7698,39.0475],[-74.7661,39.0495],[-74.7717,39.0407],[-74.7758,39.0403],[-74.7745,39.0372],[-74.7767,39.0378],[-74.7778,39.0331],[-74.7807,39.0312],[-74.7744,39.0309],[-74.7797,39.0234],[-74.7801,39.0247],[-74.7835,39.0243],[-74.7839,39.0261],[-74.7818,39.0281],[-74.784,39.0273],[-74.7823,39.0292],[-74.7795,39.0278],[-74.7797,39.0291],[-74.7814,39.0306],[-74.7844,39.0291],[-74.7861,39.0265],[-74.7842,39.0208],[-74.788,39.0197],[-74.7827,39.0196],[-74.7788,39.0231],[-74.7383,39.0747],[-74.7059,39.1029],[-74.7044,39.1076],[-74.707,39.1084]]],[[[-74.7352,39.1161],[-74.7327,39.1172],[-74.7352,39.1184],[-74.7438,39.1171],[-74.7352,39.1161]]],[[[-74.7431,39.1183],[-74.7406,39.1192],[-74.7426,39.1207],[-74.7448,39.1199],[-74.7448,39.1181],[-74.7468,39.1193],[-74.7436,39.1155],[-74.7417,39.1156],[-74.7443,39.1171],[-74.7431,39.1183]]],[[[-74.7454,39.1202],[-74.7443,39.122],[-74.7478,39.124],[-74.7474,39.1214],[-74.7454,39.1202]]],[[[-74.7216,39.1231],[-74.7208,39.1271],[-74.7228,39.1278],[-74.7307,39.1276],[-74.7319,39.1231],[-74.7319,39.1275],[-74.7387,39.1241],[-74.744,39.1269],[-74.7525,39.1271],[-74.7489,39.1268],[-74.7467,39.1256],[-74.7481,39.1245],[-74.7398,39.1201],[-74.7278,39.1179],[-74.7214,39.1213],[-74.7216,39.1231]]],[[[-74.7211,39.1393],[-74.7205,39.1395],[-74.7205,39.1398],[-74.721,39.14],[-74.725,39.1404],[-74.7253,39.1404],[-74.7253,39.1402],[-74.7253,39.14],[-74.7245,39.1397],[-74.7232,39.1396],[-74.7226,39.1395],[-74.7219,39.1393],[-74.7211,39.1393]]],[[[-76.2764,39.14],[-76.2759,39.1411],[-76.2784,39.1418],[-76.2764,39.14]]],[[[-74.7333,39.1425],[-74.7324,39.1432],[-74.7344,39.1438],[-74.7393,39.1426],[-74.7382,39.1389],[-74.7342,39.1394],[-74.7333,39.1425]]],[[[-74.7371,39.1427],[-74.7353,39.144],[-74.7384,39.1469],[-74.7397,39.1433],[-74.7371,39.1427]]],[[[-74.7097,39.1485],[-74.7079,39.1492],[-74.7083,39.1515],[-74.7108,39.15],[-74.7112,39.1486],[-74.7097,39.1485]]],[[[-74.7287,39.1505],[-74.73,39.1517],[-74.7337,39.1513],[-74.7305,39.147],[-74.7332,39.1395],[-74.7362,39.1381],[-74.7357,39.1371],[-74.7302,39.1372],[-74.7264,39.1394],[-74.7278,39.1447],[-74.7239,39.1506],[-74.7287,39.1505]]],[[[-74.7112,39.1477],[-74.7159,39.1517],[-74.719,39.152],[-74.7229,39.1501],[-74.7271,39.1436],[-74.7251,39.1408],[-74.7159,39.1381],[-74.7064,39.1452],[-74.7067,39.1483],[-74.7112,39.1477]]],[[[-74.7197,39.1626],[-74.7191,39.1639],[-74.7211,39.1631],[-74.7197,39.1626]]],[[[-74.7001,39.1824],[-74.6999,39.1828],[-74.6999,39.1831],[-74.7008,39.1832],[-74.7009,39.1831],[-74.7008,39.182],[-74.7007,39.1819],[-74.7001,39.1824]]],[[[-74.6963,39.1825],[-74.696,39.1827],[-74.696,39.1829],[-74.696,39.1834],[-74.6966,39.1838],[-74.697,39.184],[-74.6974,39.1839],[-74.6973,39.1826],[-74.6968,39.1825],[-74.6963,39.1825]]],[[[-74.6879,39.1822],[-74.6895,39.184],[-74.6907,39.1816],[-74.6879,39.1822]]],[[[-74.6999,39.1835],[-74.6995,39.1837],[-74.6995,39.184],[-74.7,39.184],[-74.701,39.1839],[-74.7011,39.1837],[-74.7003,39.1835],[-74.6999,39.1835]]],[[[-74.6803,39.1828],[-74.6803,39.1829],[-74.6813,39.1836],[-74.6828,39.1841],[-74.683,39.1841],[-74.683,39.1838],[-74.6828,39.1834],[-74.6823,39.183],[-74.6817,39.1828],[-74.6808,39.1827],[-74.6803,39.1828]]],[[[-74.6915,39.1816],[-74.6918,39.1845],[-74.6939,39.1813],[-74.6915,39.1816]]],[[[-74.6914,39.1849],[-74.6913,39.185],[-74.6915,39.1856],[-74.692,39.1858],[-74.6921,39.1856],[-74.692,39.185],[-74.6917,39.1849],[-74.6914,39.1849]]],[[[-74.6992,39.1859],[-74.7003,39.1868],[-74.7017,39.1854],[-74.6992,39.1859]]],[[[-74.6923,39.1867],[-74.6923,39.1886],[-74.697,39.1872],[-74.6935,39.1855],[-74.6949,39.1813],[-74.6923,39.1867]]],[[[-75.1246,39.1901],[-75.1245,39.1902],[-75.1244,39.1906],[-75.1244,39.1908],[-75.1246,39.1908],[-75.1246,39.19],[-75.1246,39.1901]]],[[[-74.6817,39.1886],[-74.6798,39.1915],[-74.6809,39.1927],[-74.6843,39.1894],[-74.6908,39.188],[-74.6915,39.1865],[-74.6871,39.1824],[-74.681,39.1815],[-74.6798,39.1821],[-74.6835,39.183],[-74.684,39.1852],[-74.686,39.1851],[-74.6817,39.1886]]],[[[-74.6736,39.1951],[-74.6798,39.1936],[-74.6793,39.191],[-74.6824,39.1844],[-74.679,39.1828],[-74.674,39.1839],[-74.6716,39.1861],[-74.6731,39.1861],[-74.6755,39.19],[-74.6734,39.1925],[-74.67,39.1927],[-74.6736,39.1951]]],[[[-74.6748,39.1991],[-74.6899,39.1967],[-74.691,39.1937],[-74.6969,39.189],[-74.6832,39.1918],[-74.6761,39.197],[-74.6728,39.1967],[-74.6748,39.1991]]],[[[-74.66,39.1978],[-74.659,39.201],[-74.6655,39.1968],[-74.66,39.1978]]],[[[-74.6492,39.2098],[-74.6522,39.2034],[-74.6593,39.1964],[-74.6631,39.1946],[-74.669,39.1944],[-74.6682,39.1916],[-74.6733,39.1911],[-74.6704,39.1865],[-74.674,39.1829],[-74.6778,39.183],[-74.6786,39.1803],[-74.6774,39.1783],[-74.6813,39.1723],[-74.6848,39.1705],[-74.6848,39.1683],[-74.6925,39.1673],[-74.6992,39.1688],[-74.6968,39.1615],[-74.6989,39.1585],[-74.6956,39.1567],[-74.699,39.1578],[-74.6967,39.1557],[-74.6991,39.157],[-74.7031,39.1554],[-74.6992,39.1564],[-74.6972,39.1553],[-74.7009,39.1551],[-74.6991,39.1535],[-74.702,39.1544],[-74.6994,39.1526],[-74.7043,39.1544],[-74.7068,39.1517],[-74.7049,39.1448],[-74.7138,39.138],[-74.7135,39.1267],[-74.7163,39.12],[-74.714,39.1199],[-74.7084,39.1247],[-74.6972,39.145],[-74.6714,39.1798],[-74.6576,39.194],[-74.6477,39.201],[-74.6476,39.2071],[-74.6492,39.2098]]],[[[-75.0469,39.2108],[-75.0467,39.2109],[-75.0467,39.2112],[-75.0469,39.2114],[-75.0472,39.2119],[-75.0477,39.2118],[-75.048,39.2116],[-75.0479,39.2112],[-75.0478,39.211],[-75.0476,39.2108],[-75.0472,39.2107],[-75.0469,39.2108]]],[[[-74.6501,39.2155],[-74.6575,39.2158],[-74.6614,39.2105],[-74.6706,39.2039],[-74.6788,39.2018],[-74.6691,39.1984],[-74.6654,39.1989],[-74.6486,39.2129],[-74.6482,39.2154],[-74.6501,39.2155]]],[[[-75.0357,39.2154],[-75.04,39.2175],[-75.0417,39.2161],[-75.0357,39.2154]]],[[[-74.6581,39.2278],[-74.6624,39.2275],[-74.6627,39.2248],[-74.6606,39.2222],[-74.6622,39.2197],[-74.66,39.2183],[-74.6676,39.214],[-74.6678,39.2083],[-74.6622,39.2112],[-74.66,39.2154],[-74.6551,39.2174],[-74.6555,39.2266],[-74.6581,39.2278]]],[[[-74.6122,39.2646],[-74.613,39.2636],[-74.6107,39.2635],[-74.6122,39.2646]]],[[[-74.61,39.265],[-74.6119,39.2646],[-74.6103,39.2636],[-74.6091,39.2643],[-74.61,39.265]]],[[[-74.6174,39.2686],[-74.6185,39.2673],[-74.6167,39.2677],[-74.6174,39.2686]]],[[[-74.6129,39.269],[-74.6152,39.2678],[-74.6138,39.2659],[-74.6092,39.2648],[-74.6106,39.2687],[-74.6129,39.269]]],[[[-74.6102,39.27],[-74.6118,39.2732],[-74.613,39.2729],[-74.6128,39.27],[-74.6102,39.27]]],[[[-74.592,39.2743],[-74.5924,39.2746],[-74.5929,39.275],[-74.5932,39.2751],[-74.5933,39.2752],[-74.5934,39.2752],[-74.5936,39.2753],[-74.594,39.2753],[-74.5944,39.2755],[-74.595,39.2753],[-74.5953,39.2751],[-74.5954,39.2748],[-74.5954,39.2746],[-74.5952,39.2743],[-74.5951,39.2741],[-74.5948,39.2741],[-74.5945,39.2741],[-74.5942,39.274],[-74.594,39.2742],[-74.5937,39.2742],[-74.5935,39.2742],[-74.5934,39.2743],[-74.5933,39.2743],[-74.5932,39.2742],[-74.593,39.2741],[-74.5929,39.274],[-74.5927,39.274],[-74.5924,39.2738],[-74.5923,39.2736],[-74.592,39.2735],[-74.5919,39.2734],[-74.5917,39.2734],[-74.5915,39.2735],[-74.5911,39.2737],[-74.5913,39.2739],[-74.5916,39.2741],[-74.592,39.2743]]],[[[-74.5973,39.2781],[-74.5975,39.2782],[-74.5976,39.2782],[-74.5976,39.278],[-74.598,39.2779],[-74.5981,39.2779],[-74.5982,39.278],[-74.5984,39.278],[-74.5984,39.2779],[-74.5986,39.2779],[-74.5988,39.278],[-74.599,39.2779],[-74.5991,39.2779],[-74.5993,39.2777],[-74.5993,39.2777],[-74.599,39.2776],[-74.5981,39.2775],[-74.5974,39.2775],[-74.5971,39.2775],[-74.597,39.2776],[-74.5968,39.2776],[-74.5967,39.2776],[-74.5966,39.2775],[-74.5965,39.2776],[-74.5965,39.2777],[-74.5965,39.2779],[-74.5966,39.2781],[-74.5968,39.2782],[-74.5969,39.2782],[-74.597,39.2781],[-74.597,39.2779],[-74.5971,39.2779],[-74.5973,39.2781]]],[[[-74.5945,39.2785],[-74.5945,39.2786],[-74.5948,39.2787],[-74.595,39.2787],[-74.5952,39.2785],[-74.5951,39.2783],[-74.595,39.2781],[-74.5946,39.278],[-74.5945,39.2779],[-74.5943,39.2779],[-74.594,39.2779],[-74.5935,39.2779],[-74.5934,39.278],[-74.5936,39.278],[-74.5937,39.2781],[-74.5939,39.2783],[-74.594,39.2784],[-74.5941,39.2785],[-74.5943,39.2786],[-74.5944,39.2785],[-74.5945,39.2785]]],[[[-74.9892,39.2784],[-74.9918,39.2799],[-74.9924,39.2756],[-74.9949,39.2727],[-74.9876,39.2732],[-74.9873,39.278],[-74.9892,39.2784]]],[[[-74.6003,39.2808],[-74.6121,39.2783],[-74.6112,39.2759],[-74.6077,39.2765],[-74.611,39.2736],[-74.6099,39.2704],[-74.6056,39.2715],[-74.6003,39.2808]]],[[[-74.5991,39.2813],[-74.5991,39.2813],[-74.5992,39.2814],[-74.5995,39.2815],[-74.5996,39.2815],[-74.5999,39.2815],[-74.6001,39.2814],[-74.6,39.2812],[-74.5996,39.2809],[-74.5993,39.2807],[-74.599,39.2806],[-74.5988,39.2805],[-74.5984,39.2805],[-74.5979,39.2806],[-74.5974,39.2806],[-74.5965,39.2808],[-74.5964,39.2808],[-74.5962,39.2809],[-74.5961,39.2809],[-74.5961,39.281],[-74.5963,39.2812],[-74.5963,39.2812],[-74.5968,39.2814],[-74.5972,39.2813],[-74.5976,39.2812],[-74.5977,39.2811],[-74.5978,39.2811],[-74.5977,39.2812],[-74.5978,39.2814],[-74.5979,39.2813],[-74.5981,39.2812],[-74.5983,39.2812],[-74.5983,39.2813],[-74.5984,39.2814],[-74.5985,39.2812],[-74.5986,39.2811],[-74.5989,39.2813],[-74.5991,39.2812],[-74.5991,39.2813]]],[[[-74.9796,39.2784],[-74.9807,39.2819],[-74.9867,39.2784],[-74.9871,39.272],[-74.9858,39.2716],[-74.984,39.2771],[-74.9848,39.2713],[-74.9822,39.272],[-74.9796,39.2784]]],[[[-74.5832,39.2836],[-74.588,39.2861],[-74.5931,39.2827],[-74.5867,39.2792],[-74.5832,39.2836]]],[[[-74.5904,39.2843],[-74.5882,39.2866],[-74.591,39.2867],[-74.5925,39.2846],[-74.5904,39.2843]]],[[[-74.5945,39.2861],[-74.5935,39.2867],[-74.5946,39.2875],[-74.5956,39.2863],[-74.5945,39.2861]]],[[[-74.6006,39.2884],[-74.6016,39.2875],[-74.6002,39.2867],[-74.5973,39.2879],[-74.6006,39.2884]]],[[[-74.5895,39.2885],[-74.5894,39.2887],[-74.5895,39.2888],[-74.5896,39.2889],[-74.5898,39.2889],[-74.5899,39.2888],[-74.5911,39.2888],[-74.5915,39.2887],[-74.5918,39.2887],[-74.5922,39.2885],[-74.5926,39.2885],[-74.5926,39.2884],[-74.5928,39.2883],[-74.5929,39.2882],[-74.593,39.2882],[-74.5932,39.288],[-74.5932,39.2879],[-74.5932,39.2879],[-74.5931,39.2878],[-74.5931,39.2877],[-74.5929,39.2876],[-74.5929,39.2875],[-74.5928,39.2874],[-74.5925,39.2875],[-74.5923,39.2876],[-74.5919,39.2878],[-74.591,39.2882],[-74.59,39.2883],[-74.5899,39.2884],[-74.5897,39.2885],[-74.5896,39.2885],[-74.5895,39.2885]]],[[[-74.5807,39.2898],[-74.5855,39.2899],[-74.5876,39.2892],[-74.5842,39.2883],[-74.5887,39.2881],[-74.5816,39.285],[-74.5786,39.2887],[-74.5807,39.2898]]],[[[-74.6546,39.2953],[-74.6581,39.2914],[-74.6529,39.2895],[-74.6508,39.291],[-74.6527,39.2931],[-74.652,39.2947],[-74.6546,39.2953]]],[[[-74.594,39.2946],[-74.5943,39.2948],[-74.5946,39.2952],[-74.5949,39.2955],[-74.5952,39.2957],[-74.5955,39.2958],[-74.5957,39.2958],[-74.596,39.2957],[-74.5961,39.2957],[-74.596,39.2956],[-74.5959,39.2954],[-74.5956,39.2953],[-74.5953,39.295],[-74.5949,39.2946],[-74.5948,39.2944],[-74.5945,39.2944],[-74.5944,39.2943],[-74.5943,39.2943],[-74.5942,39.2943],[-74.5941,39.2943],[-74.5935,39.2941],[-74.5933,39.2941],[-74.5933,39.2942],[-74.5935,39.2943],[-74.594,39.2946]]],[[[-75.4341,39.2918],[-75.4354,39.2967],[-75.4534,39.2945],[-75.457,39.2917],[-75.4629,39.2929],[-75.4641,39.2923],[-75.464,39.2859],[-75.4596,39.2831],[-75.4571,39.2882],[-75.45,39.2892],[-75.4429,39.2853],[-75.443,39.2825],[-75.4488,39.2805],[-75.45,39.2785],[-75.4433,39.2746],[-75.4435,39.2729],[-75.4484,39.2701],[-75.4464,39.2657],[-75.4394,39.2664],[-75.4358,39.2712],[-75.4328,39.2716],[-75.4298,39.2696],[-75.4301,39.2627],[-75.4271,39.2602],[-75.4199,39.2656],[-75.4139,39.2645],[-75.4149,39.2589],[-75.4124,39.255],[-75.4126,39.2523],[-75.4142,39.2511],[-75.4186,39.2529],[-75.4218,39.252],[-75.4192,39.2473],[-75.4261,39.2444],[-75.4209,39.235],[-75.418,39.2343],[-75.4154,39.2371],[-75.4152,39.2444],[-75.4044,39.2461],[-75.403,39.2546],[-75.4086,39.265],[-75.4341,39.2918]]],[[[-74.5928,39.2967],[-74.5943,39.2964],[-74.5926,39.2952],[-74.5889,39.2945],[-74.5928,39.2967]]],[[[-75.1957,39.2968],[-75.1951,39.297],[-75.1949,39.2971],[-75.1949,39.2973],[-75.1953,39.2974],[-75.1968,39.2974],[-75.1979,39.2972],[-75.1981,39.2971],[-75.198,39.2969],[-75.1975,39.2968],[-75.1957,39.2968]]],[[[-74.5554,39.2963],[-74.5568,39.2976],[-74.561,39.2961],[-74.5629,39.2947],[-74.5604,39.2939],[-74.563,39.2922],[-74.5629,39.2938],[-74.5643,39.2939],[-74.5793,39.2832],[-74.5786,39.2823],[-74.581,39.2827],[-74.584,39.279],[-74.5903,39.277],[-74.5922,39.2755],[-74.59,39.2739],[-74.5916,39.2725],[-74.5954,39.2736],[-74.5978,39.2765],[-74.5971,39.2749],[-74.5984,39.2745],[-74.5942,39.2703],[-74.5991,39.2743],[-74.5987,39.2762],[-74.6007,39.276],[-74.6021,39.2721],[-74.6004,39.2736],[-74.6014,39.2719],[-74.5995,39.2729],[-74.6007,39.2714],[-74.5987,39.2723],[-74.5998,39.2707],[-74.5977,39.2715],[-74.5991,39.27],[-74.5963,39.2692],[-74.5989,39.2672],[-74.598,39.2684],[-74.5997,39.268],[-74.5989,39.2692],[-74.6007,39.2687],[-74.5997,39.27],[-74.6015,39.2695],[-74.6006,39.2707],[-74.6024,39.2702],[-74.6027,39.2717],[-74.6083,39.2686],[-74.608,39.2638],[-74.613,39.2626],[-74.6136,39.2605],[-74.6153,39.2603],[-74.6147,39.259],[-74.617,39.2607],[-74.6134,39.2558],[-74.6161,39.2577],[-74.6175,39.2562],[-74.6176,39.2594],[-74.6197,39.261],[-74.6245,39.2574],[-74.6236,39.2555],[-74.6278,39.2516],[-74.6235,39.2503],[-74.6324,39.2429],[-74.6302,39.2399],[-74.6335,39.2365],[-74.6316,39.2358],[-74.6309,39.2379],[-74.632,39.2347],[-74.6377,39.2314],[-74.6384,39.2329],[-74.6405,39.2318],[-74.6408,39.2332],[-74.6409,39.2351],[-74.64,39.2323],[-74.6332,39.2338],[-74.6352,39.2341],[-74.6309,39.2409],[-74.6328,39.2431],[-74.6384,39.2433],[-74.6421,39.2401],[-74.6464,39.2395],[-74.6472,39.2359],[-74.6458,39.2334],[-74.6478,39.2289],[-74.6547,39.2265],[-74.6529,39.2241],[-74.6458,39.2261],[-74.6435,39.2287],[-74.6442,39.2305],[-74.6423,39.2308],[-74.6439,39.2305],[-74.6431,39.2281],[-74.6454,39.2261],[-74.652,39.224],[-74.6445,39.2204],[-74.6541,39.2238],[-74.6538,39.2172],[-74.6479,39.2171],[-74.6481,39.2184],[-74.6461,39.2121],[-74.6374,39.2192],[-74.6145,39.2447],[-74.5949,39.2612],[-74.5806,39.2713],[-74.561,39.2787],[-74.5529,39.287],[-74.5512,39.2935],[-74.5554,39.2963]]],[[[-74.577,39.2947],[-74.5762,39.2968],[-74.579,39.2977],[-74.5839,39.2972],[-74.5862,39.2951],[-74.5801,39.2937],[-74.577,39.2947]]],[[[-74.6472,39.2988],[-74.6494,39.2982],[-74.6484,39.2956],[-74.6459,39.2977],[-74.6472,39.2988]]],[[[-74.5751,39.2974],[-74.5756,39.2998],[-74.5802,39.3006],[-74.5751,39.2974]]],[[[-74.611,39.3015],[-74.6215,39.3019],[-74.6229,39.2992],[-74.6211,39.3009],[-74.6146,39.2983],[-74.611,39.3015]]],[[[-74.5841,39.3014],[-74.594,39.3011],[-74.5945,39.2996],[-74.5932,39.2976],[-74.587,39.2963],[-74.5803,39.2995],[-74.5841,39.3014]]],[[[-74.5917,39.3058],[-74.5946,39.3039],[-74.5941,39.3025],[-74.5908,39.3022],[-74.5864,39.3042],[-74.5917,39.3058]]],[[[-74.5903,39.3078],[-74.5926,39.3065],[-74.5831,39.3049],[-74.5858,39.3073],[-74.5903,39.3078]]],[[[-74.9957,39.3075],[-74.9934,39.309],[-74.999,39.3135],[-75.0006,39.3128],[-74.9983,39.3082],[-74.9957,39.3075]]],[[[-75.0023,39.3132],[-75.0033,39.315],[-75.0037,39.3132],[-75.0023,39.3132]]],[[[-74.5307,39.3154],[-74.5316,39.32],[-74.5378,39.3153],[-74.5391,39.3125],[-74.5355,39.3125],[-74.5381,39.3129],[-74.5343,39.3148],[-74.5333,39.3145],[-74.5346,39.3124],[-74.5307,39.3154]]],[[[-74.5477,39.3216],[-74.5496,39.3242],[-74.5519,39.3233],[-74.5502,39.3202],[-74.5477,39.3216]]],[[[-74.6725,39.3221],[-74.6703,39.324],[-74.6717,39.3243],[-74.6734,39.3226],[-74.6725,39.3221]]],[[[-75.4877,39.3255],[-75.4911,39.3245],[-75.4907,39.3207],[-75.4891,39.3194],[-75.4848,39.3213],[-75.4851,39.3252],[-75.4877,39.3255]]],[[[-74.5483,39.3269],[-74.5516,39.3249],[-74.5471,39.3235],[-74.5483,39.3269]]],[[[-74.5263,39.3263],[-74.5302,39.3272],[-74.5286,39.3249],[-74.5321,39.3248],[-74.5283,39.3223],[-74.5263,39.3263]]],[[[-74.5348,39.3186],[-74.5313,39.3209],[-74.5383,39.3279],[-74.545,39.324],[-74.5487,39.3186],[-74.555,39.3161],[-74.5574,39.3128],[-74.5575,39.3115],[-74.556,39.3119],[-74.558,39.3121],[-74.5618,39.3036],[-74.5545,39.3081],[-74.5446,39.311],[-74.5432,39.3141],[-74.5444,39.3147],[-74.5426,39.3155],[-74.544,39.3133],[-74.5432,39.3118],[-74.5396,39.313],[-74.5348,39.3186]]],[[[-75.4868,39.3258],[-75.4859,39.3276],[-75.489,39.3288],[-75.4868,39.3258]]],[[[-75.0061,39.3288],[-75.0062,39.329],[-75.0071,39.3292],[-75.0082,39.3297],[-75.0084,39.3295],[-75.0085,39.3294],[-75.0078,39.329],[-75.0068,39.3286],[-75.0061,39.3288]]],[[[-74.5191,39.3276],[-74.5192,39.3304],[-74.5222,39.3267],[-74.5191,39.3276]]],[[[-75.011,39.3331],[-75.0132,39.335],[-75.0134,39.3331],[-75.01,39.3324],[-75.0089,39.334],[-75.011,39.3331]]],[[[-74.5396,39.3304],[-74.5442,39.3357],[-74.5485,39.3358],[-74.5479,39.3322],[-74.5522,39.328],[-74.5558,39.3279],[-74.5472,39.3273],[-74.546,39.3297],[-74.547,39.3271],[-74.5454,39.3246],[-74.5394,39.328],[-74.5396,39.3304]]],[[[-74.5139,39.3337],[-74.5146,39.3361],[-74.5168,39.3334],[-74.5139,39.3337]]],[[[-75.4847,39.3319],[-75.4864,39.3363],[-75.4871,39.3314],[-75.4852,39.3307],[-75.4847,39.3319]]],[[[-74.5608,39.3303],[-74.5566,39.3339],[-74.5592,39.3365],[-74.564,39.3308],[-74.5689,39.3307],[-74.5678,39.3267],[-74.562,39.3246],[-74.567,39.3172],[-74.5595,39.3151],[-74.5581,39.3166],[-74.5594,39.317],[-74.5508,39.3199],[-74.5505,39.3215],[-74.5529,39.3235],[-74.56,39.3242],[-74.5587,39.3254],[-74.5608,39.3303]]],[[[-75.4943,39.3346],[-75.495,39.3387],[-75.4957,39.3366],[-75.4943,39.3346]]],[[[-75.4567,39.3258],[-75.4704,39.3314],[-75.4827,39.3387],[-75.4857,39.3373],[-75.4845,39.3302],[-75.4768,39.3276],[-75.4758,39.3258],[-75.4839,39.3287],[-75.4849,39.3229],[-75.4806,39.3201],[-75.481,39.3151],[-75.4766,39.3128],[-75.4791,39.3065],[-75.4782,39.3031],[-75.4705,39.3024],[-75.4693,39.2981],[-75.4672,39.2969],[-75.4615,39.3007],[-75.4531,39.2951],[-75.4356,39.2973],[-75.4371,39.2994],[-75.4366,39.307],[-75.4383,39.3127],[-75.4508,39.317],[-75.4567,39.3258]]],[[[-74.5148,39.3375],[-74.5145,39.3404],[-74.5195,39.342],[-74.5233,39.3396],[-74.5206,39.3388],[-74.5281,39.3369],[-74.5249,39.3394],[-74.5292,39.3394],[-74.5373,39.3335],[-74.5364,39.3307],[-74.531,39.3273],[-74.5279,39.3276],[-74.5254,39.33],[-74.5276,39.3274],[-74.5244,39.3258],[-74.5148,39.3375]]],[[[-75.4967,39.3397],[-75.4963,39.3407],[-75.4963,39.3411],[-75.4966,39.3421],[-75.4971,39.342],[-75.4974,39.3415],[-75.4973,39.3404],[-75.4971,39.3397],[-75.4969,39.3396],[-75.4967,39.3397]]],[[[-75.4889,39.3426],[-75.491,39.3422],[-75.4881,39.3373],[-75.483,39.3393],[-75.4795,39.3377],[-75.4801,39.3397],[-75.4889,39.3426]]],[[[-75.361,39.3427],[-75.3658,39.3447],[-75.365,39.3414],[-75.3601,39.3391],[-75.3566,39.3427],[-75.361,39.3427]]],[[[-75.4919,39.3431],[-75.4917,39.3433],[-75.4916,39.3438],[-75.4918,39.3442],[-75.4923,39.3448],[-75.4931,39.3455],[-75.4931,39.3455],[-75.4935,39.3454],[-75.4936,39.3451],[-75.4933,39.3448],[-75.4933,39.3438],[-75.4929,39.3434],[-75.4921,39.3431],[-75.4919,39.3431]]],[[[-74.5082,39.3454],[-74.5072,39.3475],[-74.5085,39.3474],[-74.5082,39.3454]]],[[[-74.5097,39.3454],[-74.5108,39.3482],[-74.5149,39.3447],[-74.5168,39.3455],[-74.5175,39.343],[-74.5139,39.3418],[-74.5097,39.3454]]],[[[-74.5233,39.347],[-74.52,39.3477],[-74.521,39.3514],[-74.5249,39.3468],[-74.5233,39.347]]],[[[-74.5281,39.346],[-74.5219,39.3509],[-74.5258,39.353],[-74.5357,39.3539],[-74.5393,39.3494],[-74.5349,39.3455],[-74.5281,39.346]]],[[[-74.4951,39.3519],[-74.4969,39.3547],[-74.4998,39.3554],[-74.5034,39.3534],[-74.5025,39.3471],[-74.5039,39.3472],[-74.5044,39.3454],[-74.4977,39.3462],[-74.4963,39.3475],[-74.5002,39.3494],[-74.4962,39.3511],[-74.4954,39.3478],[-74.4951,39.3519]]],[[[-74.5222,39.3439],[-74.5109,39.3501],[-74.5133,39.3574],[-74.5164,39.356],[-74.5196,39.3461],[-74.5244,39.3439],[-74.5322,39.3454],[-74.5369,39.3402],[-74.5372,39.3379],[-74.5269,39.3435],[-74.5325,39.3402],[-74.5234,39.3422],[-74.5222,39.3439]]],[[[-74.4522,39.3597],[-74.4539,39.3627],[-74.4618,39.3631],[-74.4654,39.3593],[-74.468,39.3602],[-74.4753,39.357],[-74.4815,39.3572],[-74.4914,39.3521],[-74.4843,39.3429],[-74.4815,39.3434],[-74.4784,39.3418],[-74.4751,39.3437],[-74.4771,39.3461],[-74.4745,39.3444],[-74.4681,39.3471],[-74.457,39.3542],[-74.4522,39.3597]]],[[[-74.5109,39.3661],[-74.5153,39.3668],[-74.5126,39.3646],[-74.5109,39.3661]]],[[[-74.519,39.3692],[-74.5179,39.3646],[-74.5153,39.3629],[-74.5164,39.369],[-74.519,39.3692]]],[[[-74.4931,39.3688],[-74.4943,39.3711],[-74.4946,39.3668],[-74.4931,39.3688]]],[[[-74.4858,39.372],[-74.4863,39.375],[-74.4882,39.3752],[-74.4922,39.3708],[-74.4876,39.3654],[-74.4892,39.3659],[-74.4908,39.3637],[-74.489,39.362],[-74.4911,39.3632],[-74.4952,39.3608],[-74.4964,39.3577],[-74.4993,39.3572],[-74.4964,39.355],[-74.4938,39.3558],[-74.4901,39.3538],[-74.4861,39.3585],[-74.4824,39.3598],[-74.4819,39.3617],[-74.482,39.3597],[-74.4858,39.3577],[-74.4845,39.3568],[-74.4813,39.3592],[-74.4739,39.3603],[-74.4745,39.363],[-74.4722,39.3598],[-74.4673,39.3625],[-74.4646,39.3615],[-74.4719,39.3684],[-74.4833,39.3688],[-74.4858,39.372]]],[[[-74.4534,39.371],[-74.4504,39.3775],[-74.4584,39.3744],[-74.4543,39.3699],[-74.4534,39.371]]],[[[-74.443,39.3775],[-74.4498,39.3772],[-74.4529,39.3702],[-74.4461,39.3705],[-74.443,39.3775]]],[[[-75.0383,39.3791],[-75.0379,39.3801],[-75.0403,39.3794],[-75.0383,39.3791]]],[[[-74.4419,39.3791],[-74.4412,39.3809],[-74.4429,39.3802],[-74.4419,39.3791]]],[[[-75.2454,39.3826],[-75.2462,39.3822],[-75.2462,39.3816],[-75.2454,39.3826]]],[[[-75.2431,39.3815],[-75.2445,39.3829],[-75.2462,39.3795],[-75.2431,39.3815]]],[[[-74.4236,39.3809],[-74.423,39.3813],[-74.4238,39.3838],[-74.4243,39.3838],[-74.4245,39.3831],[-74.424,39.3828],[-74.4234,39.3814],[-74.4236,39.3809],[-74.4236,39.3809]]],[[[-74.4301,39.3871],[-74.436,39.3836],[-74.4371,39.377],[-74.4408,39.3806],[-74.4457,39.3701],[-74.4448,39.3618],[-74.448,39.3584],[-74.4527,39.3576],[-74.4578,39.3527],[-74.4567,39.3511],[-74.459,39.3527],[-74.4771,39.3417],[-74.48,39.341],[-74.4828,39.3424],[-74.4881,39.3399],[-74.4848,39.3423],[-74.4939,39.3532],[-74.4929,39.3517],[-74.4943,39.3462],[-74.5082,39.3415],[-74.5135,39.3381],[-74.5102,39.3302],[-74.5132,39.3319],[-74.5146,39.331],[-74.5132,39.3284],[-74.5171,39.331],[-74.5168,39.3264],[-74.5236,39.3228],[-74.5291,39.3108],[-74.5379,39.3041],[-74.534,39.3022],[-74.5348,39.3034],[-74.5319,39.3065],[-74.5132,39.3189],[-74.4622,39.344],[-74.4393,39.3525],[-74.4341,39.3531],[-74.4321,39.3507],[-74.4323,39.3539],[-74.4127,39.3608],[-74.4082,39.365],[-74.415,39.3763],[-74.4207,39.3776],[-74.4193,39.3716],[-74.423,39.3759],[-74.4217,39.3764],[-74.4226,39.3772],[-74.4234,39.3739],[-74.4249,39.3748],[-74.4243,39.3761],[-74.4264,39.3743],[-74.426,39.372],[-74.429,39.378],[-74.4252,39.3797],[-74.4238,39.3777],[-74.4222,39.3784],[-74.4253,39.3825],[-74.4238,39.385],[-74.4301,39.3871]]],[[[-75.4085,39.3839],[-75.4089,39.3867],[-75.411,39.3869],[-75.412,39.3841],[-75.4135,39.3839],[-75.4135,39.3809],[-75.4079,39.3808],[-75.4085,39.3839]]],[[[-74.4365,39.388],[-74.4481,39.3875],[-74.4515,39.3829],[-74.4505,39.3787],[-74.4474,39.3776],[-74.4435,39.3786],[-74.4436,39.3807],[-74.4402,39.3811],[-74.4375,39.3793],[-74.438,39.3818],[-74.4354,39.3853],[-74.4312,39.3873],[-74.4365,39.388]]],[[[-74.453,39.3848],[-74.4495,39.3889],[-74.454,39.3892],[-74.4555,39.385],[-74.459,39.3819],[-74.4614,39.3831],[-74.4651,39.3807],[-74.4669,39.3818],[-74.469,39.3798],[-74.4682,39.3754],[-74.4628,39.3772],[-74.4534,39.3773],[-74.453,39.3848]]],[[[-74.4341,39.3912],[-74.4335,39.3928],[-74.4366,39.3952],[-74.4367,39.3918],[-74.4341,39.3912]]],[[[-74.4134,39.3939],[-74.4099,39.3959],[-74.4137,39.3957],[-74.4146,39.3944],[-74.4134,39.3939]]],[[[-74.4561,39.3948],[-74.4609,39.3975],[-74.4622,39.3929],[-74.4678,39.3911],[-74.4647,39.3861],[-74.4666,39.3823],[-74.4651,39.3812],[-74.4613,39.3834],[-74.4593,39.3824],[-74.456,39.3853],[-74.4544,39.3895],[-74.4381,39.3908],[-74.44,39.3961],[-74.4446,39.3944],[-74.4506,39.3971],[-74.4561,39.3948]]],[[[-75.2288,39.3979],[-75.2298,39.3982],[-75.23,39.3974],[-75.2289,39.3973],[-75.2286,39.3971],[-75.2283,39.397],[-75.2288,39.3979]]],[[[-74.4168,39.3933],[-74.4155,39.3967],[-74.4175,39.3982],[-74.425,39.4005],[-74.4273,39.3983],[-74.4168,39.3933]]],[[[-74.4531,39.3987],[-74.4608,39.4019],[-74.4607,39.3996],[-74.4561,39.397],[-74.4531,39.3987]]],[[[-74.4458,39.4013],[-74.4532,39.4019],[-74.4466,39.3988],[-74.4426,39.3995],[-74.4458,39.4013]]],[[[-74.4297,39.4022],[-74.4325,39.4028],[-74.4335,39.4012],[-74.4306,39.4001],[-74.4276,39.3926],[-74.4246,39.3932],[-74.4274,39.3923],[-74.4263,39.3913],[-74.4285,39.391],[-74.428,39.3893],[-74.4194,39.3894],[-74.4182,39.3926],[-74.427,39.3965],[-74.4292,39.3991],[-74.4261,39.3996],[-74.4257,39.4019],[-74.4297,39.4022]]],[[[-74.7236,39.3902],[-74.7187,39.395],[-74.719,39.4031],[-74.7222,39.4036],[-74.7238,39.4022],[-74.7225,39.3983],[-74.7243,39.3967],[-74.722,39.3935],[-74.7266,39.391],[-74.7249,39.3868],[-74.7236,39.3902]]],[[[-74.3837,39.4036],[-74.388,39.4033],[-74.3871,39.4009],[-74.3923,39.3973],[-74.3867,39.3993],[-74.3837,39.4036]]],[[[-74.445,39.4062],[-74.4456,39.4065],[-74.4463,39.4065],[-74.4457,39.406],[-74.445,39.4062]]],[[[-74.3969,39.4052],[-74.3989,39.4074],[-74.4002,39.4064],[-74.3996,39.4041],[-74.4056,39.4047],[-74.4077,39.4015],[-74.3995,39.3963],[-74.393,39.3969],[-74.3875,39.4014],[-74.3923,39.4043],[-74.3938,39.4027],[-74.3969,39.4052]]],[[[-74.4083,39.4059],[-74.4058,39.4082],[-74.407,39.409],[-74.4117,39.4058],[-74.4217,39.4078],[-74.4105,39.4015],[-74.4083,39.4059]]],[[[-74.4053,39.4106],[-74.408,39.4093],[-74.4056,39.4088],[-74.4053,39.4106]]],[[[-74.4534,39.4045],[-74.4592,39.4067],[-74.4627,39.411],[-74.4638,39.4101],[-74.462,39.4072],[-74.4534,39.4045]]],[[[-74.4579,39.4117],[-74.46,39.4107],[-74.4592,39.4086],[-74.4461,39.4031],[-74.4444,39.4049],[-74.4487,39.4071],[-74.4533,39.4073],[-74.4579,39.4117]]],[[[-74.428,39.4119],[-74.4294,39.4129],[-74.4323,39.4103],[-74.4313,39.4071],[-74.428,39.4073],[-74.4311,39.4086],[-74.4246,39.4074],[-74.428,39.4119]]],[[[-74.4601,39.4097],[-74.4589,39.4126],[-74.4611,39.4133],[-74.4614,39.4102],[-74.4601,39.4097]]],[[[-74.4127,39.4086],[-74.4099,39.4097],[-74.41,39.4126],[-74.4117,39.4135],[-74.4153,39.4093],[-74.4127,39.4086]]],[[[-74.4247,39.4092],[-74.4243,39.4119],[-74.4286,39.4145],[-74.4247,39.4092]]],[[[-74.4408,39.4157],[-74.4423,39.417],[-74.4473,39.4164],[-74.4503,39.4142],[-74.4543,39.4156],[-74.4565,39.414],[-74.4554,39.4126],[-74.4568,39.4129],[-74.4566,39.4103],[-74.4511,39.4082],[-74.4525,39.4074],[-74.444,39.4062],[-74.4454,39.4029],[-74.4355,39.4002],[-74.4349,39.4051],[-74.4405,39.4099],[-74.4438,39.4085],[-74.4399,39.4116],[-74.4408,39.4157]]],[[[-74.3993,39.4167],[-74.4009,39.4175],[-74.4016,39.4127],[-74.4006,39.4105],[-74.3959,39.4084],[-74.3994,39.4086],[-74.3941,39.4042],[-74.3846,39.4042],[-74.3835,39.403],[-74.3792,39.4054],[-74.3802,39.407],[-74.3791,39.4095],[-74.3809,39.4106],[-74.3818,39.4096],[-74.3817,39.4115],[-74.3884,39.4125],[-74.3896,39.411],[-74.3857,39.4091],[-74.3881,39.4094],[-74.3993,39.4167]]],[[[-74.4053,39.4174],[-74.4106,39.4162],[-74.4124,39.4141],[-74.4052,39.4121],[-74.4045,39.4157],[-74.4029,39.4162],[-74.4053,39.4174]]],[[[-74.3539,39.4191],[-74.3544,39.4214],[-74.3584,39.4183],[-74.3539,39.4191]]],[[[-74.3577,39.4189],[-74.3545,39.4221],[-74.3549,39.4235],[-74.3601,39.4217],[-74.3577,39.4189]]],[[[-74.405,39.4236],[-74.4108,39.4212],[-74.4099,39.419],[-74.402,39.4191],[-74.4023,39.4226],[-74.405,39.4236]]],[[[-74.3598,39.4229],[-74.3589,39.4236],[-74.3618,39.424],[-74.3598,39.4229]]],[[[-74.4312,39.423],[-74.4321,39.4255],[-74.4344,39.4232],[-74.4368,39.4236],[-74.4384,39.4196],[-74.4374,39.4126],[-74.4352,39.411],[-74.4299,39.416],[-74.4333,39.4152],[-74.4294,39.4182],[-74.4302,39.4203],[-74.4334,39.4213],[-74.4315,39.4213],[-74.4312,39.423]]],[[[-74.4456,39.4256],[-74.4518,39.4258],[-74.4562,39.4237],[-74.4534,39.4227],[-74.4583,39.4216],[-74.4552,39.4198],[-74.4582,39.4199],[-74.4585,39.4186],[-74.4504,39.4152],[-74.4468,39.4183],[-74.4417,39.4184],[-74.4418,39.4236],[-74.4456,39.4256]]],[[[-74.3553,39.4253],[-74.3608,39.4252],[-74.3578,39.4241],[-74.3553,39.4253]]],[[[-74.4153,39.4206],[-74.4209,39.4266],[-74.4235,39.4236],[-74.4193,39.4185],[-74.422,39.4177],[-74.4221,39.4189],[-74.4259,39.419],[-74.4276,39.4157],[-74.4239,39.4134],[-74.4229,39.4102],[-74.4175,39.41],[-74.4117,39.4183],[-74.4153,39.4206]]],[[[-74.3664,39.4274],[-74.369,39.4278],[-74.3685,39.4246],[-74.3664,39.4274]]],[[[-74.3892,39.4268],[-74.39,39.4279],[-74.3905,39.4268],[-74.3892,39.4268]]],[[[-74.4362,39.4282],[-74.4374,39.4291],[-74.4381,39.423],[-74.4374,39.4244],[-74.4347,39.4242],[-74.4348,39.4278],[-74.4362,39.4282]]],[[[-74.3678,39.4292],[-74.368,39.4294],[-74.3683,39.4293],[-74.3677,39.4279],[-74.3662,39.4278],[-74.3659,39.4286],[-74.3674,39.4284],[-74.3678,39.4292]]],[[[-74.3871,39.4288],[-74.3876,39.4292],[-74.3887,39.4294],[-74.3891,39.4289],[-74.3884,39.4281],[-74.3871,39.4288]]],[[[-74.4482,39.4293],[-74.4512,39.4306],[-74.4538,39.4291],[-74.455,39.4247],[-74.4523,39.4265],[-74.4456,39.4266],[-74.4482,39.4293]]],[[[-74.3553,39.4259],[-74.355,39.4318],[-74.3582,39.4263],[-74.3553,39.4259]]],[[[-74.4528,39.4325],[-74.453,39.4325],[-74.4531,39.4324],[-74.4535,39.4324],[-74.4536,39.4322],[-74.4538,39.432],[-74.4539,39.4319],[-74.4542,39.4317],[-74.4544,39.4315],[-74.4543,39.4313],[-74.4542,39.4311],[-74.4543,39.4311],[-74.4548,39.431],[-74.4548,39.4309],[-74.4547,39.4309],[-74.4546,39.4308],[-74.4545,39.4307],[-74.4543,39.4307],[-74.4541,39.4309],[-74.4538,39.4308],[-74.4536,39.431],[-74.4535,39.4312],[-74.4533,39.4312],[-74.4532,39.4313],[-74.4532,39.4314],[-74.4528,39.4316],[-74.4526,39.4317],[-74.4526,39.4318],[-74.4525,39.4319],[-74.4526,39.432],[-74.4526,39.4322],[-74.4528,39.4325]]],[[[-74.3465,39.43],[-74.3488,39.4327],[-74.3531,39.4304],[-74.3527,39.4284],[-74.346,39.4287],[-74.3465,39.43]]],[[[-74.372,39.4315],[-74.3718,39.4327],[-74.3733,39.432],[-74.372,39.4315]]],[[[-74.37,39.4315],[-74.3695,39.4327],[-74.3707,39.4325],[-74.37,39.4315]]],[[[-74.3824,39.4314],[-74.3846,39.4326],[-74.388,39.4262],[-74.3898,39.4263],[-74.3893,39.4243],[-74.3915,39.4237],[-74.3906,39.4221],[-74.3924,39.4197],[-74.3883,39.4165],[-74.3853,39.4165],[-74.3864,39.4184],[-74.3851,39.4194],[-74.3848,39.4178],[-74.3836,39.4199],[-74.3802,39.4203],[-74.3804,39.4219],[-74.3798,39.4204],[-74.3751,39.4216],[-74.3728,39.4244],[-74.3743,39.4262],[-74.3759,39.4257],[-74.3782,39.4297],[-74.3824,39.4314]]],[[[-74.4359,39.4289],[-74.4348,39.4338],[-74.4376,39.4313],[-74.4359,39.4289]]],[[[-74.4496,39.4338],[-74.4525,39.434],[-74.4523,39.4319],[-74.4484,39.4311],[-74.4496,39.4338]]],[[[-74.4385,39.4279],[-74.4387,39.4322],[-74.4414,39.4344],[-74.4418,39.4299],[-74.4397,39.4271],[-74.4385,39.4279]]],[[[-74.4061,39.4295],[-74.4124,39.4345],[-74.4111,39.4277],[-74.4126,39.4254],[-74.4104,39.4228],[-74.4037,39.4251],[-74.4061,39.4295]]],[[[-74.4056,39.4346],[-74.4111,39.4345],[-74.411,39.4332],[-74.4045,39.4305],[-74.4056,39.4346]]],[[[-74.3671,39.4338],[-74.3683,39.4347],[-74.3711,39.4333],[-74.3675,39.4327],[-74.3671,39.4288],[-74.3655,39.4293],[-74.3671,39.4338]]],[[[-74.4446,39.4347],[-74.446,39.4347],[-74.447,39.4322],[-74.4427,39.4273],[-74.4446,39.4347]]],[[[-74.4377,39.4348],[-74.4401,39.434],[-74.4382,39.4321],[-74.4377,39.4348]]],[[[-74.3552,39.4322],[-74.3589,39.4351],[-74.3648,39.4341],[-74.3659,39.4322],[-74.3637,39.4304],[-74.3649,39.4279],[-74.3639,39.4269],[-74.3587,39.4267],[-74.3552,39.4322]]],[[[-74.3904,39.4349],[-74.3924,39.4353],[-74.3951,39.4298],[-74.3867,39.4291],[-74.3846,39.4345],[-74.3869,39.4333],[-74.3855,39.4351],[-74.3904,39.4349]]],[[[-74.3731,39.4351],[-74.3812,39.4348],[-74.3732,39.4325],[-74.3689,39.4339],[-74.3689,39.4352],[-74.3731,39.4351]]],[[[-74.3786,39.4332],[-74.3837,39.4353],[-74.3828,39.4318],[-74.3786,39.4314],[-74.3784,39.433],[-74.3806,39.4326],[-74.3786,39.4332]]],[[[-74.3358,39.4419],[-74.3452,39.4409],[-74.3439,39.4403],[-74.3569,39.4365],[-74.3532,39.4313],[-74.3511,39.432],[-74.3496,39.4377],[-74.3467,39.4375],[-74.3448,39.4322],[-74.3414,39.4357],[-74.3382,39.4357],[-74.3427,39.432],[-74.3431,39.4294],[-74.3448,39.4318],[-74.3461,39.4279],[-74.3528,39.4281],[-74.354,39.4235],[-74.3509,39.4214],[-74.353,39.4209],[-74.353,39.4192],[-74.3562,39.4179],[-74.3576,39.4154],[-74.3661,39.4238],[-74.3833,39.4178],[-74.3825,39.4152],[-74.3769,39.4127],[-74.374,39.409],[-74.3693,39.4101],[-74.3732,39.4076],[-74.3747,39.4043],[-74.3814,39.4017],[-74.389,39.3957],[-74.402,39.3954],[-74.4091,39.4021],[-74.4066,39.3935],[-74.4144,39.39],[-74.4162,39.3931],[-74.4179,39.3926],[-74.4207,39.3879],[-74.4179,39.3863],[-74.4184,39.3824],[-74.4159,39.383],[-74.4122,39.381],[-74.4141,39.381],[-74.4141,39.3798],[-74.4068,39.3739],[-74.4067,39.3775],[-74.367,39.402],[-74.3348,39.432],[-74.3336,39.4365],[-74.3358,39.4419]]],[[[-74.3705,39.4419],[-74.3727,39.4423],[-74.3723,39.439],[-74.3681,39.4376],[-74.3705,39.4419]]],[[[-74.381,39.4433],[-74.3832,39.4403],[-74.3805,39.4386],[-74.3752,39.4384],[-74.381,39.4433]]],[[[-74.3734,39.4385],[-74.3739,39.4423],[-74.3809,39.4468],[-74.381,39.4435],[-74.3764,39.4391],[-74.3734,39.4385]]],[[[-74.3518,39.447],[-74.3556,39.4489],[-74.3569,39.4488],[-74.3541,39.4468],[-74.359,39.4486],[-74.3641,39.4458],[-74.3663,39.4461],[-74.3689,39.443],[-74.3666,39.4383],[-74.3613,39.437],[-74.3546,39.4418],[-74.3487,39.4432],[-74.3499,39.4454],[-74.3535,39.4433],[-74.3564,39.4439],[-74.354,39.4434],[-74.3504,39.4455],[-74.3518,39.447]]],[[[-74.3681,39.4531],[-74.3697,39.453],[-74.369,39.4507],[-74.3714,39.4469],[-74.3677,39.448],[-74.3681,39.4531]]],[[[-74.3352,39.4519],[-74.3377,39.4554],[-74.3446,39.4492],[-74.3457,39.4496],[-74.3445,39.4506],[-74.3493,39.4505],[-74.3473,39.4476],[-74.3492,39.4456],[-74.3483,39.4434],[-74.33,39.4471],[-74.3354,39.4469],[-74.3328,39.4492],[-74.3352,39.4519]]],[[[-74.3453,39.457],[-74.3596,39.454],[-74.362,39.4565],[-74.3662,39.456],[-74.3669,39.4481],[-74.3728,39.4459],[-74.3697,39.4436],[-74.3669,39.4468],[-74.3629,39.4471],[-74.3592,39.4501],[-74.3604,39.449],[-74.3561,39.4497],[-74.3483,39.4464],[-74.3514,39.4513],[-74.3443,39.4514],[-74.3391,39.4561],[-74.3453,39.457]]],[[[-74.386,39.4573],[-74.3859,39.4605],[-74.3875,39.4623],[-74.386,39.4573]]],[[[-74.3771,39.4627],[-74.3792,39.4623],[-74.379,39.4602],[-74.3765,39.4608],[-74.3771,39.4627]]],[[[-74.3921,39.4665],[-74.3937,39.4657],[-74.3909,39.4593],[-74.3919,39.4586],[-74.3882,39.4565],[-74.3874,39.4599],[-74.3891,39.4622],[-74.3871,39.4639],[-74.3921,39.4665]]],[[[-74.3663,39.4676],[-74.3676,39.4703],[-74.3721,39.4665],[-74.3704,39.4656],[-74.3712,39.4639],[-74.3686,39.4632],[-74.3709,39.4586],[-74.3693,39.4574],[-74.3712,39.4563],[-74.3693,39.4533],[-74.3673,39.4534],[-74.3653,39.4569],[-74.3602,39.4568],[-74.3603,39.4546],[-74.3524,39.4554],[-74.3553,39.4589],[-74.3582,39.4585],[-74.3596,39.4606],[-74.3611,39.4595],[-74.3597,39.4615],[-74.3616,39.4623],[-74.3578,39.4588],[-74.3547,39.4589],[-74.3519,39.4556],[-74.3454,39.4611],[-74.35,39.4623],[-74.353,39.4604],[-74.3535,39.4641],[-74.3595,39.4658],[-74.3607,39.4646],[-74.3648,39.4651],[-74.3663,39.4676]]],[[[-74.349,39.4715],[-74.3475,39.4726],[-74.3512,39.473],[-74.3578,39.4684],[-74.354,39.4682],[-74.349,39.4715]]],[[[-74.3922,39.4716],[-74.3902,39.4735],[-74.3953,39.4735],[-74.3922,39.4716]]],[[[-74.334,39.4729],[-74.3345,39.4748],[-74.3386,39.4746],[-74.3463,39.4718],[-74.3448,39.471],[-74.3462,39.4696],[-74.3481,39.4699],[-74.3475,39.4677],[-74.3452,39.4682],[-74.3412,39.4643],[-74.345,39.4675],[-74.3478,39.4677],[-74.3478,39.4692],[-74.3522,39.4684],[-74.3507,39.4663],[-74.3531,39.4611],[-74.3506,39.4627],[-74.347,39.4625],[-74.3447,39.4611],[-74.3469,39.4585],[-74.3373,39.4585],[-74.3338,39.467],[-74.3359,39.4678],[-74.3315,39.4686],[-74.3331,39.4715],[-74.3358,39.4726],[-74.334,39.4729]]],[[[-74.3339,39.4748],[-74.3338,39.4749],[-74.3338,39.475],[-74.3338,39.4751],[-74.3341,39.4753],[-74.3345,39.4753],[-74.3344,39.4751],[-74.3343,39.4749],[-74.3341,39.4747],[-74.3339,39.4748]]],[[[-74.4113,39.4747],[-74.4091,39.4752],[-74.4101,39.4762],[-74.4152,39.4762],[-74.4113,39.4747]]],[[[-74.3793,39.4796],[-74.3821,39.4751],[-74.3794,39.4739],[-74.3784,39.4713],[-74.3776,39.4735],[-74.3775,39.4706],[-74.373,39.4694],[-74.3731,39.4707],[-74.3733,39.4681],[-74.3677,39.4716],[-74.3647,39.4698],[-74.3637,39.4664],[-74.3548,39.4664],[-74.3634,39.4698],[-74.3699,39.4761],[-74.3793,39.4796]]],[[[-74.3518,39.4808],[-74.3551,39.485],[-74.3608,39.4856],[-74.3624,39.4841],[-74.3634,39.4818],[-74.361,39.4806],[-74.3607,39.4728],[-74.3592,39.4705],[-74.3538,39.4734],[-74.3536,39.4724],[-74.3513,39.4739],[-74.3399,39.4755],[-74.3518,39.4808]]],[[[-74.3394,39.4918],[-74.3404,39.4935],[-74.3505,39.4944],[-74.3516,39.492],[-74.3489,39.4883],[-74.3511,39.4885],[-74.3511,39.4865],[-74.3369,39.4775],[-74.3303,39.4763],[-74.3286,39.4718],[-74.3306,39.471],[-74.3305,39.4676],[-74.3247,39.4673],[-74.3249,39.4619],[-74.3211,39.4625],[-74.3232,39.4613],[-74.3217,39.4598],[-74.3226,39.4591],[-74.3262,39.4621],[-74.3256,39.4645],[-74.3314,39.4661],[-74.3327,39.4645],[-74.3302,39.4631],[-74.3327,39.4641],[-74.3344,39.4584],[-74.3332,39.4546],[-74.3212,39.454],[-74.3191,39.4517],[-74.3118,39.4582],[-74.3102,39.4646],[-74.3031,39.4739],[-74.3022,39.4789],[-74.3048,39.483],[-74.3085,39.4839],[-74.3053,39.4813],[-74.3049,39.4787],[-74.3099,39.4706],[-74.3122,39.4729],[-74.3127,39.4774],[-74.3095,39.4863],[-74.3137,39.4939],[-74.3154,39.4944],[-74.3142,39.4935],[-74.3159,39.4918],[-74.315,39.49],[-74.3126,39.4899],[-74.3144,39.4888],[-74.3125,39.4875],[-74.313,39.4845],[-74.3156,39.4863],[-74.3233,39.487],[-74.3233,39.486],[-74.3254,39.4879],[-74.3286,39.486],[-74.3267,39.488],[-74.3292,39.4895],[-74.338,39.4928],[-74.3394,39.4918]]],[[[-75.5684,39.5007],[-75.5683,39.5013],[-75.5691,39.5013],[-75.5691,39.5007],[-75.5684,39.5007]]],[[[-74.3382,39.503],[-74.3405,39.5051],[-74.3435,39.5047],[-74.3382,39.503]]],[[[-75.4841,39.5077],[-75.4844,39.506],[-75.4822,39.5066],[-75.4841,39.5077]]],[[[-75.4893,39.5063],[-75.4924,39.5094],[-75.4912,39.506],[-75.486,39.5047],[-75.4893,39.5063]]],[[[-75.4876,39.5085],[-75.4915,39.5099],[-75.4895,39.5078],[-75.4857,39.5076],[-75.4853,39.5086],[-75.4876,39.5085]]],[[[-74.3499,39.5091],[-74.3494,39.5105],[-74.3511,39.51],[-74.3499,39.5091]]],[[[-74.3467,39.5069],[-74.3397,39.5081],[-74.348,39.5106],[-74.3492,39.5085],[-74.3467,39.5069]]],[[[-75.4767,39.5108],[-75.4793,39.5112],[-75.4806,39.5096],[-75.4774,39.5102],[-75.4787,39.5087],[-75.4768,39.508],[-75.4767,39.5108]]],[[[-74.3452,39.513],[-74.3465,39.5161],[-74.3507,39.5181],[-74.3494,39.5139],[-74.3452,39.513]]],[[[-75.5641,39.5117],[-75.5609,39.5163],[-75.5612,39.5207],[-75.5667,39.5085],[-75.5641,39.5117]]],[[[-74.3408,39.5127],[-74.3458,39.5212],[-74.3501,39.5213],[-74.3506,39.5199],[-74.3445,39.514],[-74.3408,39.5127]]],[[[-74.3414,39.5221],[-74.3407,39.5221],[-74.3406,39.5222],[-74.3425,39.5235],[-74.3431,39.5237],[-74.3431,39.523],[-74.343,39.5228],[-74.3422,39.5226],[-74.3414,39.5221],[-74.3414,39.5221]]],[[[-74.3502,39.5221],[-74.3476,39.5224],[-74.3498,39.524],[-74.3511,39.5229],[-74.3502,39.5221]]],[[[-74.3066,39.52],[-74.3129,39.5249],[-74.3166,39.5232],[-74.3185,39.5194],[-74.3224,39.5215],[-74.3331,39.5202],[-74.3342,39.515],[-74.3326,39.5103],[-74.3276,39.5077],[-74.3105,39.5068],[-74.3061,39.5084],[-74.3022,39.5134],[-74.3064,39.5166],[-74.3066,39.52]]],[[[-74.3414,39.5214],[-74.3453,39.5251],[-74.3493,39.525],[-74.3419,39.5181],[-74.3405,39.5144],[-74.3387,39.5145],[-74.3357,39.5188],[-74.3391,39.5214],[-74.3414,39.5214]]],[[[-74.3216,39.5219],[-74.3209,39.5244],[-74.3222,39.5255],[-74.3232,39.5221],[-74.3216,39.5219]]],[[[-74.3276,39.5253],[-74.334,39.524],[-74.3315,39.521],[-74.3278,39.5219],[-74.3276,39.5253]]],[[[-75.5277,39.5354],[-75.5266,39.5354],[-75.5265,39.5354],[-75.5265,39.5356],[-75.5269,39.5359],[-75.5272,39.5361],[-75.5281,39.5367],[-75.529,39.5367],[-75.5296,39.5366],[-75.5295,39.5364],[-75.5292,39.5361],[-75.5278,39.5354],[-75.5277,39.5354]]],[[[-74.3099,39.5367],[-74.3147,39.5364],[-74.3207,39.5317],[-74.3253,39.5315],[-74.3279,39.5282],[-74.3254,39.5261],[-74.3274,39.5222],[-74.3241,39.5225],[-74.3241,39.525],[-74.3218,39.5261],[-74.3199,39.5249],[-74.3203,39.5207],[-74.3185,39.52],[-74.317,39.524],[-74.3104,39.5254],[-74.3062,39.5211],[-74.305,39.5169],[-74.2994,39.5155],[-74.2969,39.5226],[-74.3,39.522],[-74.3054,39.5246],[-74.3053,39.5291],[-74.3108,39.5339],[-74.3099,39.5367]]],[[[-74.278,39.5379],[-74.2738,39.5399],[-74.2739,39.5433],[-74.2792,39.5386],[-74.278,39.5379]]],[[[-74.273,39.5473],[-74.273,39.5486],[-74.2753,39.5492],[-74.2753,39.5476],[-74.273,39.5473]]],[[[-74.294,39.5443],[-74.2929,39.5474],[-74.3011,39.5525],[-74.2972,39.5493],[-74.2971,39.546],[-74.294,39.5443]]],[[[-74.274,39.5532],[-74.2774,39.5532],[-74.2785,39.549],[-74.2739,39.5508],[-74.274,39.5532]]],[[[-74.2796,39.5518],[-74.282,39.5543],[-74.2815,39.5499],[-74.2797,39.5488],[-74.2778,39.5519],[-74.2787,39.5537],[-74.2796,39.5518]]],[[[-74.2819,39.5566],[-74.2815,39.5568],[-74.2813,39.5571],[-74.2812,39.5574],[-74.2816,39.5577],[-74.2818,39.5576],[-74.2826,39.5569],[-74.2827,39.5565],[-74.2826,39.5565],[-74.2819,39.5566]]],[[[-74.3179,39.5578],[-74.3177,39.5584],[-74.3178,39.5588],[-74.3181,39.5589],[-74.3186,39.5588],[-74.3187,39.5586],[-74.3188,39.558],[-74.3187,39.5578],[-74.3183,39.5578],[-74.3179,39.5578]]],[[[-74.2735,39.5615],[-74.276,39.562],[-74.2774,39.5549],[-74.2763,39.5535],[-74.2733,39.555],[-74.2735,39.5615]]],[[[-74.3033,39.554],[-74.3066,39.5622],[-74.3087,39.5627],[-74.31,39.5599],[-74.3079,39.5565],[-74.3084,39.554],[-74.312,39.5506],[-74.312,39.5484],[-74.3038,39.5437],[-74.298,39.5446],[-74.2985,39.5498],[-74.3033,39.554]]],[[[-74.2839,39.5632],[-74.2879,39.5559],[-74.2856,39.5534],[-74.282,39.5586],[-74.2819,39.562],[-74.2839,39.5632]]],[[[-74.3037,39.5591],[-74.3034,39.5629],[-74.305,39.5643],[-74.3059,39.5607],[-74.3037,39.5591]]],[[[-74.2921,39.556],[-74.2956,39.5593],[-74.2947,39.5649],[-74.3001,39.5635],[-74.3014,39.5606],[-74.2972,39.5564],[-74.2992,39.5557],[-74.2987,39.5543],[-74.2902,39.55],[-74.2896,39.552],[-74.2921,39.556]]],[[[-74.2489,39.5633],[-74.2491,39.5653],[-74.2548,39.556],[-74.2538,39.554],[-74.2489,39.5561],[-74.2489,39.558],[-74.2524,39.5566],[-74.2474,39.5603],[-74.2487,39.5612],[-74.2517,39.5598],[-74.2489,39.5633]]],[[[-74.275,39.5655],[-74.2776,39.5643],[-74.2765,39.5624],[-74.275,39.5655]]],[[[-74.2879,39.5569],[-74.2855,39.5631],[-74.2902,39.5662],[-74.2925,39.5604],[-74.289,39.5564],[-74.2879,39.5569]]],[[[-74.3012,39.5647],[-74.3007,39.5648],[-74.3008,39.5656],[-74.3012,39.566],[-74.3014,39.5666],[-74.3019,39.5667],[-74.302,39.5666],[-74.302,39.5663],[-74.3019,39.5662],[-74.3019,39.5658],[-74.3016,39.5648],[-74.3013,39.5647],[-74.3012,39.5647]]],[[[-74.2795,39.5678],[-74.2806,39.5704],[-74.2821,39.5693],[-74.2804,39.5653],[-74.2785,39.5666],[-74.2795,39.5678]]],[[[-74.2489,39.5692],[-74.2485,39.5707],[-74.2502,39.5696],[-74.2489,39.5692]]],[[[-74.2457,39.5678],[-74.2447,39.5713],[-74.2471,39.569],[-74.2457,39.5678]]],[[[-74.2521,39.5753],[-74.2516,39.5755],[-74.251,39.5765],[-74.2512,39.5767],[-74.2521,39.5765],[-74.2523,39.5764],[-74.2524,39.5754],[-74.2522,39.5753],[-74.2521,39.5753]]],[[[-75.5089,39.5771],[-75.5097,39.5758],[-75.5084,39.5743],[-75.5061,39.5745],[-75.5089,39.5771]]],[[[-74.2321,39.5812],[-74.2373,39.5814],[-74.2385,39.58],[-74.237,39.5775],[-74.2329,39.5793],[-74.2321,39.5812]]],[[[-75.4905,39.5828],[-75.4927,39.5822],[-75.4933,39.5782],[-75.4915,39.5781],[-75.4947,39.5725],[-75.4839,39.5747],[-75.4851,39.5772],[-75.4821,39.5803],[-75.4905,39.5828]]],[[[-74.2578,39.5814],[-74.2523,39.5851],[-74.2584,39.5827],[-74.2578,39.5814]]],[[[-74.2374,39.5865],[-74.2401,39.5861],[-74.2396,39.5828],[-74.2413,39.5825],[-74.2401,39.5812],[-74.2374,39.5836],[-74.2346,39.5834],[-74.2374,39.5865]]],[[[-75.4809,39.5877],[-75.4823,39.5861],[-75.4776,39.5831],[-75.4809,39.5877]]],[[[-75.478,39.5894],[-75.4792,39.587],[-75.4777,39.5865],[-75.4774,39.5833],[-75.4759,39.5832],[-75.4746,39.588],[-75.478,39.5894]]],[[[-75.5311,39.5883],[-75.5319,39.5924],[-75.5337,39.5921],[-75.5345,39.5904],[-75.5311,39.5883]]],[[[-75.4729,39.5958],[-75.4794,39.5954],[-75.48,39.5913],[-75.4778,39.5905],[-75.4778,39.5928],[-75.4729,39.5958]]],[[[-74.2616,39.5983],[-74.2613,39.5985],[-74.2613,39.5988],[-74.2616,39.5989],[-74.2617,39.5989],[-74.2626,39.5983],[-74.2627,39.598],[-74.2625,39.598],[-74.2616,39.5983]]],[[[-75.5653,39.5875],[-75.5648,39.5895],[-75.5666,39.5915],[-75.581,39.5995],[-75.5763,39.5881],[-75.5656,39.5835],[-75.5644,39.5845],[-75.5653,39.5875]]],[[[-74.2652,39.5979],[-74.2652,39.5979],[-74.2652,39.5981],[-74.2653,39.5984],[-74.2667,39.5987],[-74.2684,39.6],[-74.2687,39.5999],[-74.2686,39.5996],[-74.2681,39.599],[-74.2677,39.5987],[-74.267,39.5984],[-74.2669,39.5983],[-74.2658,39.5979],[-74.2652,39.5979]]],[[[-74.223,39.5997],[-74.2221,39.6001],[-74.222,39.6002],[-74.222,39.6003],[-74.2224,39.6008],[-74.2226,39.6008],[-74.223,39.6006],[-74.224,39.5997],[-74.2241,39.5995],[-74.223,39.5997]]],[[[-74.2258,39.5994],[-74.2245,39.6008],[-74.2255,39.6037],[-74.2277,39.6016],[-74.2258,39.5994]]],[[[-75.4479,39.6101],[-75.452,39.609],[-75.4493,39.6081],[-75.4479,39.6101]]],[[[-75.4643,39.6122],[-75.4654,39.6169],[-75.4677,39.6162],[-75.4692,39.6117],[-75.4668,39.61],[-75.4643,39.6122]]],[[[-75.4739,39.618],[-75.4775,39.6177],[-75.4757,39.6165],[-75.4766,39.6148],[-75.4793,39.6152],[-75.4769,39.6137],[-75.4764,39.611],[-75.4701,39.6122],[-75.4739,39.618]]],[[[-75.4811,39.6186],[-75.4862,39.617],[-75.4862,39.6156],[-75.4778,39.6121],[-75.4799,39.6153],[-75.4782,39.617],[-75.4811,39.6186]]],[[[-75.4714,39.6229],[-75.4767,39.62],[-75.4721,39.6183],[-75.4696,39.6138],[-75.4636,39.6195],[-75.4676,39.6199],[-75.4714,39.6229]]],[[[-75.4565,39.6243],[-75.4587,39.6241],[-75.4588,39.622],[-75.4558,39.6221],[-75.4565,39.6243]]],[[[-74.205,39.6226],[-74.2041,39.6248],[-74.2078,39.6223],[-74.2054,39.6215],[-74.205,39.6226]]],[[[-75.4687,39.6289],[-75.4688,39.6291],[-75.4689,39.6291],[-75.4691,39.629],[-75.4692,39.6289],[-75.4694,39.6287],[-75.4696,39.6285],[-75.4694,39.6285],[-75.4691,39.6286],[-75.4689,39.6288],[-75.4688,39.6288],[-75.4686,39.6287],[-75.4685,39.6285],[-75.4683,39.6284],[-75.4683,39.6285],[-75.4685,39.6286],[-75.4687,39.6289]]],[[[-75.4764,39.6256],[-75.477,39.6301],[-75.4793,39.6275],[-75.4764,39.6256]]],[[[-75.4745,39.631],[-75.4767,39.6302],[-75.4736,39.6294],[-75.4745,39.631]]],[[[-75.4727,39.6318],[-75.4713,39.629],[-75.4692,39.6299],[-75.4727,39.6318]]],[[[-74.2137,39.6291],[-74.2136,39.6291],[-74.2133,39.6296],[-74.2132,39.6297],[-74.2125,39.6309],[-74.2118,39.6316],[-74.212,39.6326],[-74.2122,39.6326],[-74.2126,39.6323],[-74.2129,39.6313],[-74.2137,39.6305],[-74.2138,39.6299],[-74.2139,39.6299],[-74.2139,39.6291],[-74.2138,39.6291],[-74.2137,39.6291]]],[[[-75.4684,39.6351],[-75.4683,39.6351],[-75.4684,39.6353],[-75.4685,39.6355],[-75.4686,39.6358],[-75.4687,39.6361],[-75.4688,39.6362],[-75.4689,39.6362],[-75.4692,39.6362],[-75.4694,39.6361],[-75.4696,39.6361],[-75.4697,39.636],[-75.4698,39.6359],[-75.4698,39.6358],[-75.4697,39.6356],[-75.4696,39.6354],[-75.4696,39.6353],[-75.4696,39.6352],[-75.4693,39.6351],[-75.4693,39.635],[-75.4693,39.635],[-75.4691,39.635],[-75.4689,39.635],[-75.4687,39.635],[-75.4684,39.6351]]],[[[-75.4712,39.6355],[-75.4747,39.6357],[-75.4747,39.6323],[-75.4705,39.632],[-75.4712,39.6355]]],[[[-74.2082,39.6358],[-74.2086,39.6373],[-74.2114,39.6371],[-74.2105,39.6349],[-74.2142,39.6336],[-74.2117,39.6338],[-74.2112,39.6319],[-74.2082,39.6358]]],[[[-75.4699,39.6365],[-75.4695,39.6366],[-75.4692,39.6367],[-75.4691,39.6368],[-75.469,39.6369],[-75.4691,39.637],[-75.471,39.6377],[-75.471,39.6377],[-75.471,39.6375],[-75.4712,39.6375],[-75.4714,39.6374],[-75.4713,39.6372],[-75.471,39.637],[-75.4707,39.6369],[-75.4705,39.6367],[-75.4703,39.6365],[-75.4701,39.6365],[-75.4699,39.6365]]],[[[-75.4725,39.6372],[-75.4721,39.6373],[-75.472,39.6374],[-75.4719,39.6376],[-75.4719,39.6376],[-75.4721,39.6377],[-75.473,39.6379],[-75.4731,39.6379],[-75.4734,39.6376],[-75.4735,39.6374],[-75.4735,39.6373],[-75.4734,39.6372],[-75.4725,39.6372]]],[[[-75.4749,39.6378],[-75.4747,39.6378],[-75.4746,39.6378],[-75.4745,39.6379],[-75.4745,39.6381],[-75.4746,39.6382],[-75.4747,39.6382],[-75.475,39.6384],[-75.4752,39.6384],[-75.4752,39.6384],[-75.4752,39.6384],[-75.4753,39.6383],[-75.475,39.6381],[-75.475,39.6379],[-75.475,39.6378],[-75.4749,39.6378],[-75.4749,39.6378]]],[[[-75.4694,39.6384],[-75.4698,39.6385],[-75.47,39.6384],[-75.4703,39.6383],[-75.4705,39.638],[-75.4705,39.6379],[-75.4704,39.6378],[-75.4699,39.6377],[-75.4695,39.6377],[-75.4691,39.6377],[-75.4688,39.6378],[-75.4685,39.638],[-75.4683,39.6381],[-75.4682,39.6382],[-75.468,39.6383],[-75.468,39.6384],[-75.4681,39.6385],[-75.4685,39.6384],[-75.4686,39.6384],[-75.4688,39.6385],[-75.469,39.6384],[-75.4694,39.6384]]],[[[-75.4746,39.6386],[-75.4748,39.6387],[-75.4751,39.6389],[-75.4756,39.6393],[-75.4758,39.6393],[-75.4759,39.6393],[-75.476,39.6392],[-75.4761,39.6391],[-75.4761,39.639],[-75.476,39.639],[-75.4759,39.639],[-75.4759,39.6389],[-75.4758,39.6386],[-75.4755,39.6386],[-75.4753,39.6386],[-75.4752,39.6385],[-75.475,39.6385],[-75.4747,39.6384],[-75.4745,39.6383],[-75.4744,39.6382],[-75.4743,39.6383],[-75.4744,39.6385],[-75.4746,39.6386]]],[[[-74.1953,39.6383],[-74.1951,39.6394],[-74.1985,39.637],[-74.1992,39.632],[-74.192,39.6353],[-74.1917,39.6386],[-74.1953,39.6383]]],[[[-75.472,39.6381],[-75.4717,39.6382],[-75.4715,39.6383],[-75.471,39.6386],[-75.4708,39.6388],[-75.4707,39.639],[-75.4707,39.6392],[-75.4707,39.6394],[-75.4708,39.6395],[-75.471,39.6395],[-75.4711,39.6394],[-75.4713,39.6394],[-75.4716,39.6393],[-75.4718,39.6393],[-75.4719,39.6391],[-75.4721,39.639],[-75.4726,39.6388],[-75.4728,39.6387],[-75.473,39.6384],[-75.473,39.6381],[-75.4728,39.638],[-75.4727,39.638],[-75.472,39.6381]]],[[[-74.198,39.6397],[-74.1982,39.6397],[-74.1985,39.6395],[-74.1987,39.6392],[-74.1987,39.6389],[-74.1984,39.6386],[-74.1986,39.6377],[-74.1984,39.6375],[-74.1981,39.6375],[-74.198,39.6379],[-74.1978,39.6383],[-74.1974,39.6386],[-74.1972,39.639],[-74.1971,39.6396],[-74.1977,39.6395],[-74.198,39.6397]]],[[[-75.4676,39.6395],[-75.4674,39.6396],[-75.4674,39.6398],[-75.4671,39.64],[-75.4671,39.6402],[-75.4672,39.6402],[-75.4678,39.6402],[-75.4685,39.6402],[-75.4691,39.64],[-75.4694,39.6398],[-75.4697,39.6396],[-75.4699,39.6395],[-75.4702,39.6392],[-75.4703,39.639],[-75.4696,39.6392],[-75.4691,39.6392],[-75.4687,39.6392],[-75.4684,39.6393],[-75.4682,39.6395],[-75.468,39.6394],[-75.4676,39.6395]]],[[[-75.4679,39.6388],[-75.4677,39.6388],[-75.4669,39.6388],[-75.4666,39.6389],[-75.4664,39.639],[-75.4664,39.6392],[-75.4663,39.6395],[-75.4659,39.6397],[-75.4655,39.6399],[-75.4655,39.64],[-75.4655,39.6401],[-75.4657,39.6402],[-75.466,39.6402],[-75.4662,39.6402],[-75.4666,39.6401],[-75.4669,39.6398],[-75.4671,39.6394],[-75.4673,39.6391],[-75.4681,39.639],[-75.4682,39.6388],[-75.4682,39.6388],[-75.4681,39.6387],[-75.4679,39.6388]]],[[[-75.4745,39.6393],[-75.4744,39.6394],[-75.4747,39.6397],[-75.4749,39.6398],[-75.475,39.64],[-75.475,39.6402],[-75.4752,39.6403],[-75.4754,39.6403],[-75.4755,39.6403],[-75.4756,39.6403],[-75.4756,39.6402],[-75.4755,39.6398],[-75.4756,39.6397],[-75.4752,39.6397],[-75.475,39.6396],[-75.4748,39.6395],[-75.4747,39.6394],[-75.4746,39.6393],[-75.4745,39.6393]]],[[[-75.4773,39.6403],[-75.4792,39.6401],[-75.4777,39.6346],[-75.476,39.6358],[-75.4785,39.6354],[-75.4789,39.6398],[-75.4773,39.6403]]],[[[-75.4763,39.6405],[-75.4763,39.6406],[-75.4764,39.6408],[-75.4765,39.6408],[-75.4767,39.6407],[-75.4768,39.6407],[-75.4776,39.6406],[-75.4776,39.6406],[-75.4776,39.6405],[-75.4773,39.6405],[-75.4772,39.6404],[-75.4767,39.6404],[-75.4765,39.6403],[-75.4764,39.6402],[-75.4763,39.6402],[-75.4763,39.6403],[-75.4763,39.6405]]],[[[-75.4727,39.6388],[-75.4723,39.6412],[-75.4739,39.6406],[-75.4727,39.6388]]],[[[-75.475,39.6408],[-75.4749,39.6409],[-75.4747,39.641],[-75.4747,39.6412],[-75.4747,39.6414],[-75.4747,39.6416],[-75.4747,39.6417],[-75.4747,39.6417],[-75.4751,39.6415],[-75.4752,39.6413],[-75.4756,39.6413],[-75.4756,39.6412],[-75.4757,39.6411],[-75.4753,39.6408],[-75.4752,39.6407],[-75.475,39.6408]]],[[[-75.4729,39.6414],[-75.4725,39.6415],[-75.4724,39.6417],[-75.4723,39.6418],[-75.4723,39.6421],[-75.4724,39.6421],[-75.4726,39.6421],[-75.4732,39.6417],[-75.4733,39.6416],[-75.4735,39.6414],[-75.4735,39.6415],[-75.4737,39.6416],[-75.4737,39.6416],[-75.4737,39.6417],[-75.4737,39.6418],[-75.4738,39.6418],[-75.4742,39.6417],[-75.4743,39.6416],[-75.4743,39.6416],[-75.4743,39.6412],[-75.4743,39.641],[-75.4745,39.641],[-75.4747,39.6406],[-75.4746,39.6405],[-75.4745,39.6405],[-75.474,39.6409],[-75.4734,39.6413],[-75.4732,39.6414],[-75.4729,39.6414]]],[[[-75.4713,39.6405],[-75.4711,39.6406],[-75.4709,39.6407],[-75.4708,39.641],[-75.4708,39.6412],[-75.4708,39.6416],[-75.4709,39.6417],[-75.4709,39.6418],[-75.4709,39.642],[-75.4709,39.6422],[-75.471,39.6423],[-75.471,39.6423],[-75.4711,39.6423],[-75.4714,39.6422],[-75.4717,39.6422],[-75.4717,39.6422],[-75.4718,39.642],[-75.4718,39.6419],[-75.4718,39.6418],[-75.4719,39.6416],[-75.4718,39.6414],[-75.4716,39.641],[-75.4716,39.6408],[-75.4714,39.6405],[-75.4713,39.6405],[-75.4713,39.6405]]],[[[-75.4591,39.6418],[-75.4591,39.642],[-75.4592,39.6422],[-75.4592,39.6422],[-75.4593,39.6423],[-75.4595,39.6423],[-75.4599,39.6423],[-75.4599,39.6422],[-75.4597,39.6422],[-75.4594,39.6419],[-75.4593,39.6419],[-75.4591,39.6418],[-75.4591,39.6418]]],[[[-75.4781,39.6414],[-75.4779,39.6429],[-75.479,39.6403],[-75.4766,39.6409],[-75.4781,39.6414]]],[[[-75.4664,39.6414],[-75.4672,39.6431],[-75.4704,39.6403],[-75.4664,39.6414]]],[[[-75.4709,39.6437],[-75.4709,39.6438],[-75.4713,39.6436],[-75.4717,39.6436],[-75.4718,39.6436],[-75.4719,39.6436],[-75.472,39.6435],[-75.4721,39.6434],[-75.4721,39.6432],[-75.4722,39.6431],[-75.4723,39.643],[-75.4723,39.6429],[-75.4722,39.6429],[-75.472,39.6429],[-75.4719,39.6429],[-75.4717,39.643],[-75.4716,39.6431],[-75.4713,39.6434],[-75.471,39.6436],[-75.4709,39.6437]]],[[[-75.4692,39.6436],[-75.4707,39.6428],[-75.4702,39.641],[-75.4673,39.6432],[-75.4692,39.6436]]],[[[-75.4626,39.6435],[-75.4628,39.6437],[-75.463,39.6438],[-75.4633,39.6438],[-75.4636,39.6438],[-75.4639,39.6438],[-75.4644,39.643],[-75.4651,39.6429],[-75.4652,39.6427],[-75.4653,39.6424],[-75.4653,39.6422],[-75.4652,39.6421],[-75.4651,39.6421],[-75.4649,39.6422],[-75.4647,39.6423],[-75.4644,39.6424],[-75.4642,39.6424],[-75.4641,39.6427],[-75.4641,39.643],[-75.464,39.6433],[-75.4637,39.6434],[-75.4634,39.6434],[-75.4634,39.6433],[-75.4634,39.6432],[-75.4634,39.643],[-75.4632,39.6429],[-75.4629,39.643],[-75.4627,39.6432],[-75.4626,39.6435]]],[[[-75.4734,39.6443],[-75.4762,39.6432],[-75.475,39.6421],[-75.4734,39.6443]]],[[[-75.4752,39.6441],[-75.4753,39.6442],[-75.4755,39.6445],[-75.4756,39.6446],[-75.4757,39.6447],[-75.476,39.6447],[-75.476,39.6446],[-75.476,39.6445],[-75.4759,39.6443],[-75.4759,39.6442],[-75.476,39.6441],[-75.4765,39.6442],[-75.4766,39.6442],[-75.4766,39.644],[-75.4765,39.6439],[-75.4764,39.6437],[-75.4762,39.6436],[-75.4749,39.6438],[-75.4747,39.6439],[-75.4745,39.644],[-75.4744,39.644],[-75.4746,39.6441],[-75.4746,39.6442],[-75.4747,39.6442],[-75.4749,39.6442],[-75.475,39.6441],[-75.4752,39.6441],[-75.4752,39.6441]]],[[[-75.467,39.6457],[-75.4673,39.6458],[-75.4674,39.6457],[-75.4673,39.6455],[-75.4674,39.6454],[-75.4676,39.6453],[-75.4675,39.6451],[-75.4673,39.645],[-75.4667,39.6449],[-75.4663,39.6451],[-75.466,39.6451],[-75.4657,39.645],[-75.4654,39.6449],[-75.4652,39.6448],[-75.4651,39.6447],[-75.465,39.6448],[-75.4648,39.6447],[-75.4642,39.6446],[-75.4641,39.6446],[-75.4641,39.6448],[-75.4642,39.645],[-75.4643,39.6451],[-75.4647,39.6452],[-75.465,39.6454],[-75.4654,39.6455],[-75.4656,39.6456],[-75.4659,39.6457],[-75.4664,39.6457],[-75.4667,39.6457],[-75.467,39.6457]]],[[[-75.4688,39.6462],[-75.4703,39.645],[-75.4678,39.6456],[-75.4688,39.6462]]],[[[-75.4791,39.6446],[-75.4784,39.647],[-75.4798,39.6447],[-75.4777,39.6436],[-75.4791,39.6446]]],[[[-75.4744,39.6464],[-75.4769,39.6463],[-75.4742,39.6453],[-75.4744,39.6464]]],[[[-75.4803,39.6453],[-75.4804,39.6454],[-75.4804,39.6454],[-75.4804,39.6455],[-75.4802,39.6455],[-75.4802,39.6455],[-75.4802,39.6456],[-75.4802,39.6458],[-75.4803,39.6459],[-75.4804,39.646],[-75.4804,39.6461],[-75.4804,39.6461],[-75.4804,39.6462],[-75.4803,39.6464],[-75.4802,39.6466],[-75.4802,39.6467],[-75.4802,39.6468],[-75.4803,39.6469],[-75.4806,39.647],[-75.4813,39.6473],[-75.4815,39.6474],[-75.4816,39.6474],[-75.4817,39.6474],[-75.4817,39.6473],[-75.4817,39.6471],[-75.4817,39.6469],[-75.4818,39.6467],[-75.4818,39.6466],[-75.4817,39.6465],[-75.4813,39.6462],[-75.4811,39.6459],[-75.481,39.6458],[-75.4808,39.6454],[-75.4807,39.6453],[-75.4806,39.6453],[-75.4804,39.6452],[-75.4803,39.6453]]],[[[-75.4771,39.6481],[-75.4772,39.6481],[-75.4774,39.648],[-75.4777,39.6481],[-75.4778,39.648],[-75.4778,39.6479],[-75.4777,39.6478],[-75.4777,39.6478],[-75.4778,39.6477],[-75.4777,39.6476],[-75.4776,39.6476],[-75.4774,39.6477],[-75.4772,39.6477],[-75.4771,39.6477],[-75.4771,39.6476],[-75.4771,39.6472],[-75.4771,39.647],[-75.477,39.6469],[-75.4767,39.647],[-75.4762,39.6474],[-75.4762,39.6475],[-75.4763,39.6476],[-75.4766,39.6478],[-75.4767,39.6478],[-75.4768,39.648],[-75.4771,39.6481]]],[[[-74.2136,39.6451],[-74.2101,39.6464],[-74.2117,39.6485],[-74.2157,39.647],[-74.2136,39.6451]]],[[[-75.4787,39.6478],[-75.4789,39.649],[-75.4799,39.6482],[-75.48,39.6456],[-75.4787,39.6478]]],[[[-74.2013,39.6463],[-74.1966,39.6497],[-74.2017,39.6483],[-74.2013,39.6463]]],[[[-75.4825,39.6489],[-75.4859,39.6495],[-75.4868,39.6473],[-75.482,39.6466],[-75.4814,39.649],[-75.4825,39.6489]]],[[[-74.188,39.649],[-74.188,39.6491],[-74.1878,39.6492],[-74.1879,39.6499],[-74.1877,39.6503],[-74.1879,39.6505],[-74.1882,39.6502],[-74.1888,39.6497],[-74.1888,39.6493],[-74.1887,39.6492],[-74.1883,39.6489],[-74.188,39.649]]],[[[-75.4765,39.6498],[-75.4793,39.6496],[-75.4782,39.6483],[-75.4765,39.6498]]],[[[-74.1931,39.6465],[-74.1905,39.6497],[-74.1939,39.6507],[-74.1989,39.6457],[-74.1931,39.6465]]],[[[-75.4708,39.6504],[-75.4709,39.6506],[-75.4709,39.6507],[-75.471,39.6507],[-75.4713,39.6508],[-75.4714,39.6508],[-75.4714,39.6507],[-75.4717,39.6504],[-75.4718,39.6503],[-75.4717,39.6502],[-75.4717,39.6502],[-75.4715,39.6502],[-75.4715,39.6503],[-75.4714,39.6503],[-75.4714,39.6504],[-75.4713,39.6504],[-75.4712,39.6501],[-75.4711,39.65],[-75.471,39.65],[-75.471,39.6499],[-75.471,39.6499],[-75.4708,39.65],[-75.4709,39.6502],[-75.4708,39.6503],[-75.4708,39.6503],[-75.4708,39.6504]]],[[[-75.474,39.6523],[-75.4741,39.6524],[-75.474,39.6526],[-75.474,39.6527],[-75.474,39.6528],[-75.4741,39.6528],[-75.4743,39.6527],[-75.4743,39.6526],[-75.4745,39.6525],[-75.4747,39.6524],[-75.4748,39.6523],[-75.4747,39.6523],[-75.4746,39.6523],[-75.4744,39.6522],[-75.4743,39.6522],[-75.4741,39.6522],[-75.474,39.6523]]],[[[-74.1888,39.6505],[-74.1885,39.6509],[-74.1881,39.6519],[-74.1883,39.6526],[-74.1886,39.6528],[-74.1887,39.6528],[-74.1889,39.6516],[-74.1892,39.651],[-74.1892,39.6505],[-74.1891,39.6505],[-74.1888,39.6505]]],[[[-74.1826,39.6585],[-74.189,39.6547],[-74.1867,39.6543],[-74.1826,39.6585]]],[[[-74.1979,39.6616],[-74.2012,39.661],[-74.198,39.658],[-74.2028,39.6523],[-74.1974,39.6542],[-74.1975,39.6561],[-74.1956,39.6574],[-74.1969,39.6541],[-74.1996,39.6529],[-74.1958,39.6512],[-74.2001,39.6515],[-74.2016,39.6494],[-74.1908,39.6509],[-74.1921,39.6533],[-74.1906,39.6533],[-74.1903,39.6556],[-74.1874,39.6583],[-74.1885,39.6611],[-74.1932,39.6622],[-74.1902,39.6591],[-74.192,39.6578],[-74.1939,39.661],[-74.1968,39.6624],[-74.1937,39.6599],[-74.1967,39.6608],[-74.1945,39.6586],[-74.1979,39.6616]]],[[[-74.2085,39.6639],[-74.2084,39.6651],[-74.2128,39.6663],[-74.2085,39.6639]]],[[[-74.1818,39.6679],[-74.1816,39.668],[-74.1814,39.6684],[-74.1814,39.6686],[-74.1819,39.6688],[-74.1821,39.6688],[-74.1827,39.6682],[-74.1827,39.668],[-74.1821,39.6679],[-74.1818,39.6679]]],[[[-74.1827,39.6747],[-74.1827,39.6748],[-74.1829,39.6749],[-74.1831,39.6751],[-74.1833,39.675],[-74.1833,39.675],[-74.183,39.6746],[-74.1831,39.6745],[-74.183,39.6744],[-74.1827,39.6747]]],[[[-74.1811,39.6756],[-74.1812,39.6757],[-74.1813,39.6758],[-74.1814,39.676],[-74.1815,39.6759],[-74.1816,39.6758],[-74.1815,39.6757],[-74.1814,39.6756],[-74.1813,39.6755],[-74.1812,39.6755],[-74.1811,39.6756]]],[[[-74.1654,39.6866],[-74.1654,39.687],[-74.1654,39.687],[-74.1657,39.6869],[-74.1659,39.6866],[-74.1665,39.686],[-74.167,39.686],[-74.1678,39.6864],[-74.168,39.6864],[-74.1682,39.6862],[-74.1683,39.6856],[-74.1683,39.6853],[-74.1671,39.6851],[-74.1664,39.6851],[-74.166,39.6853],[-74.1656,39.6856],[-74.1655,39.686],[-74.1654,39.6866]]],[[[-74.1701,39.6898],[-74.171,39.6889],[-74.1686,39.6895],[-74.1701,39.6898]]],[[[-74.183,39.6901],[-74.1824,39.6917],[-74.1871,39.69],[-74.1892,39.6869],[-74.193,39.6857],[-74.193,39.6827],[-74.183,39.6901]]],[[[-74.1835,39.6917],[-74.1833,39.6924],[-74.1831,39.6927],[-74.1832,39.693],[-74.1834,39.6931],[-74.1837,39.6931],[-74.184,39.6923],[-74.1839,39.6919],[-74.1837,39.6917],[-74.1835,39.6917]]],[[[-74.1851,39.6914],[-74.1863,39.6947],[-74.187,39.6916],[-74.1923,39.6863],[-74.1851,39.6914]]],[[[-74.1631,39.6951],[-74.165,39.6976],[-74.1662,39.6966],[-74.1631,39.6951]]],[[[-74.169,39.6971],[-74.1701,39.6974],[-74.1699,39.6955],[-74.1675,39.695],[-74.169,39.6971]]],[[[-74.1659,39.7066],[-74.1673,39.7076],[-74.169,39.7062],[-74.1684,39.704],[-74.1628,39.7047],[-74.1615,39.7031],[-74.159,39.7062],[-74.1623,39.7074],[-74.1659,39.7066]]],[[[-74.146,39.7107],[-74.1456,39.712],[-74.1479,39.71],[-74.1525,39.7094],[-74.1544,39.7068],[-74.1519,39.7061],[-74.1523,39.7075],[-74.1502,39.7074],[-74.1499,39.7056],[-74.1485,39.7059],[-74.1464,39.7073],[-74.146,39.7107]]],[[[-74.1272,39.7439],[-74.1273,39.745],[-74.1293,39.7447],[-74.1306,39.7425],[-74.1251,39.7413],[-74.1272,39.7439]]],[[[-74.1205,39.7447],[-74.1229,39.7454],[-74.1256,39.7427],[-74.1205,39.7447]]],[[[-74.1407,39.7511],[-74.1404,39.7513],[-74.1403,39.7515],[-74.1408,39.7521],[-74.1412,39.7529],[-74.1415,39.7529],[-74.1417,39.7526],[-74.1415,39.7514],[-74.1413,39.7511],[-74.1412,39.7509],[-74.1407,39.7511]]],[[[-74.1259,39.7521],[-74.1273,39.7534],[-74.1359,39.7498],[-74.1301,39.7478],[-74.1254,39.7497],[-74.1259,39.7521]]],[[[-74.1368,39.7506],[-74.1368,39.7553],[-74.1408,39.7534],[-74.1368,39.7506]]],[[[-74.1277,39.7578],[-74.1347,39.7565],[-74.1361,39.7512],[-74.1294,39.7523],[-74.1277,39.7578]]],[[[-74.1329,39.7573],[-74.1306,39.7581],[-74.1306,39.7583],[-74.1314,39.7583],[-74.132,39.7582],[-74.1333,39.7575],[-74.1333,39.7573],[-74.1329,39.7573]]],[[[-74.1121,39.7575],[-74.1119,39.7576],[-74.1117,39.7579],[-74.1116,39.7584],[-74.1118,39.7586],[-74.1122,39.7585],[-74.1125,39.7582],[-74.1126,39.7577],[-74.1126,39.7576],[-74.1126,39.7575],[-74.1125,39.7574],[-74.1121,39.7575]]],[[[-74.1311,39.7588],[-74.1304,39.759],[-74.1302,39.7591],[-74.1303,39.7594],[-74.1311,39.7592],[-74.1318,39.7589],[-74.132,39.7587],[-74.1319,39.7586],[-74.1311,39.7588]]],[[[-74.1134,39.7572],[-74.111,39.76],[-74.1146,39.7588],[-74.1134,39.7572]]],[[[-74.1359,39.7605],[-74.1331,39.7627],[-74.1371,39.7623],[-74.1401,39.7593],[-74.1359,39.7605]]],[[[-74.1378,39.7627],[-74.1448,39.7624],[-74.1417,39.7597],[-74.1378,39.7627]]],[[[-74.141,39.7661],[-74.1399,39.7666],[-74.14,39.7667],[-74.1408,39.7668],[-74.1421,39.7666],[-74.1428,39.7663],[-74.1428,39.7661],[-74.1425,39.766],[-74.1421,39.7661],[-74.1417,39.766],[-74.141,39.7661]]],[[[-74.1329,39.7647],[-74.1376,39.7669],[-74.1427,39.7655],[-74.1443,39.7633],[-74.1407,39.7627],[-74.1382,39.7641],[-74.1363,39.7629],[-74.1329,39.7647]]],[[[-74.1391,39.7676],[-74.1386,39.7678],[-74.1387,39.768],[-74.1389,39.7682],[-74.1392,39.7683],[-74.1396,39.7682],[-74.1398,39.768],[-74.1397,39.7677],[-74.1394,39.7675],[-74.1391,39.7676]]],[[[-74.1376,39.7682],[-74.1375,39.7684],[-74.1378,39.7687],[-74.138,39.769],[-74.1388,39.769],[-74.1391,39.7688],[-74.1391,39.7686],[-74.139,39.7686],[-74.1378,39.7682],[-74.1376,39.7682]]],[[[-74.1333,39.7672],[-74.132,39.7676],[-74.133,39.7718],[-74.1362,39.7714],[-74.1333,39.7672]]],[[[-74.1179,39.7728],[-74.1226,39.7745],[-74.1249,39.7726],[-74.1215,39.7718],[-74.125,39.7707],[-74.1203,39.7683],[-74.1212,39.7661],[-74.1198,39.7612],[-74.1207,39.7587],[-74.1259,39.7575],[-74.1261,39.755],[-74.1268,39.7575],[-74.1273,39.7556],[-74.1226,39.7486],[-74.1185,39.7498],[-74.1158,39.7478],[-74.1203,39.7411],[-74.1237,39.741],[-74.1209,39.7392],[-74.1208,39.7378],[-74.1234,39.7365],[-74.1221,39.7341],[-74.125,39.7321],[-74.1319,39.7318],[-74.1342,39.7302],[-74.1344,39.7266],[-74.1249,39.7283],[-74.1315,39.7265],[-74.1315,39.7253],[-74.1356,39.7256],[-74.1325,39.7209],[-74.1293,39.7218],[-74.1296,39.7198],[-74.1325,39.7128],[-74.1372,39.7087],[-74.1349,39.7065],[-74.1376,39.7027],[-74.143,39.703],[-74.1438,39.7016],[-74.142,39.7006],[-74.145,39.7002],[-74.1447,39.6953],[-74.1397,39.697],[-74.146,39.6931],[-74.144,39.6921],[-74.1469,39.6877],[-74.1517,39.6871],[-74.1489,39.6855],[-74.1524,39.6839],[-74.1544,39.6783],[-74.1637,39.669],[-74.1742,39.6645],[-74.1739,39.6625],[-74.1761,39.661],[-74.1803,39.6614],[-74.1771,39.6573],[-74.185,39.6523],[-74.188,39.6448],[-74.1857,39.6449],[-74.1863,39.6413],[-74.1849,39.6407],[-74.1893,39.6397],[-74.1863,39.6372],[-74.1878,39.6374],[-74.1879,39.6353],[-74.1943,39.6291],[-74.1935,39.6275],[-74.1999,39.6235],[-74.1987,39.6217],[-74.2006,39.6201],[-74.2017,39.6153],[-74.2083,39.6131],[-74.2072,39.6106],[-74.2158,39.6023],[-74.2136,39.6007],[-74.2152,39.6008],[-74.2181,39.5975],[-74.2168,39.5968],[-74.2179,39.5952],[-74.2288,39.5876],[-74.2283,39.581],[-74.2308,39.5776],[-74.2362,39.5746],[-74.2359,39.5718],[-74.2396,39.5702],[-74.2397,39.5678],[-74.2452,39.5667],[-74.2463,39.564],[-74.2437,39.5613],[-74.249,39.5548],[-74.2528,39.5529],[-74.256,39.5538],[-74.2565,39.5448],[-74.258,39.547],[-74.2597,39.5469],[-74.2607,39.5422],[-74.2593,39.5415],[-74.261,39.5418],[-74.263,39.5391],[-74.2603,39.5383],[-74.2634,39.5386],[-74.2649,39.5344],[-74.2767,39.526],[-74.2787,39.5191],[-74.2805,39.5189],[-74.2808,39.5212],[-74.2831,39.519],[-74.2852,39.5157],[-74.2841,39.512],[-74.2923,39.5114],[-74.2933,39.5125],[-74.2931,39.5079],[-74.2774,39.5141],[-74.2657,39.5293],[-74.2606,39.5323],[-74.249,39.548],[-74.2391,39.5566],[-74.191,39.6251],[-74.139,39.6932],[-74.1162,39.7365],[-74.1103,39.7453],[-74.1033,39.7518],[-74.1013,39.7564],[-74.1042,39.7643],[-74.1059,39.7644],[-74.1101,39.7611],[-74.1127,39.7511],[-74.1158,39.7506],[-74.1172,39.7536],[-74.1154,39.7543],[-74.1183,39.7546],[-74.1162,39.7554],[-74.1189,39.7594],[-74.119,39.7655],[-74.1166,39.7709],[-74.1179,39.7728]]],[[[-74.1182,39.7854],[-74.1176,39.7855],[-74.1175,39.7856],[-74.1176,39.7858],[-74.1183,39.7861],[-74.1189,39.7861],[-74.1191,39.7859],[-74.1191,39.7857],[-74.1188,39.7854],[-74.1185,39.7854],[-74.1182,39.7854]]],[[[-74.1136,39.7861],[-74.1121,39.7889],[-74.1142,39.7874],[-74.1136,39.7861]]],[[[-74.1102,39.7851],[-74.1079,39.786],[-74.1088,39.7895],[-74.1128,39.7869],[-74.1102,39.7851]]],[[[-74.1105,39.7901],[-74.1103,39.7901],[-74.1095,39.7904],[-74.1098,39.7918],[-74.1099,39.7919],[-74.1101,39.7918],[-74.1104,39.7914],[-74.1105,39.7909],[-74.1107,39.7906],[-74.1106,39.7901],[-74.1105,39.7901]]],[[[-74.1158,39.7933],[-74.1183,39.794],[-74.1183,39.79],[-74.1188,39.7915],[-74.1209,39.791],[-74.1197,39.7898],[-74.1218,39.7891],[-74.12,39.787],[-74.1146,39.7863],[-74.1126,39.7905],[-74.1138,39.7932],[-74.1158,39.7933]]],[[[-74.106,39.7971],[-74.1049,39.7952],[-74.1035,39.796],[-74.106,39.7971]]],[[[-74.1187,39.7945],[-74.1166,39.7957],[-74.1201,39.7975],[-74.1207,39.796],[-74.1187,39.7945]]],[[[-74.1756,39.8257],[-74.1747,39.8261],[-74.176,39.8263],[-74.1757,39.8257],[-74.1756,39.8257]]],[[[-74.1268,39.8622],[-74.1266,39.8625],[-74.1267,39.8635],[-74.1274,39.8627],[-74.1271,39.8619],[-74.1268,39.8622]]],[[[-74.0862,39.9507],[-74.0883,39.951],[-74.0887,39.9484],[-74.0861,39.9442],[-74.0834,39.9443],[-74.0821,39.9482],[-74.0835,39.9509],[-74.0862,39.9507]]],[[[-74.0858,39.9519],[-74.0857,39.952],[-74.0856,39.9521],[-74.0855,39.9522],[-74.0855,39.9526],[-74.0853,39.9527],[-74.0853,39.9528],[-74.0854,39.9529],[-74.0856,39.953],[-74.0855,39.9531],[-74.0855,39.9533],[-74.0856,39.9534],[-74.0863,39.9534],[-74.0865,39.9533],[-74.0866,39.9532],[-74.0868,39.953],[-74.0869,39.9529],[-74.0869,39.9525],[-74.0868,39.9523],[-74.0866,39.9522],[-74.0866,39.9521],[-74.0864,39.952],[-74.0863,39.9519],[-74.0861,39.9518],[-74.0858,39.9519]]],[[[-74.0828,39.9515],[-74.0828,39.9516],[-74.0837,39.9542],[-74.0838,39.9543],[-74.084,39.9543],[-74.0841,39.9542],[-74.0842,39.9541],[-74.0844,39.954],[-74.0844,39.9538],[-74.0843,39.9536],[-74.0842,39.9534],[-74.0842,39.9533],[-74.0839,39.953],[-74.0839,39.9529],[-74.0837,39.9529],[-74.0836,39.9527],[-74.0834,39.9526],[-74.0833,39.9525],[-74.0833,39.9524],[-74.0831,39.9522],[-74.0832,39.9521],[-74.0831,39.952],[-74.0831,39.9519],[-74.0831,39.9518],[-74.0831,39.9517],[-74.0829,39.9514],[-74.0828,39.9515]]],[[[-74.0852,39.9577],[-74.0885,39.9565],[-74.0851,39.9553],[-74.0852,39.9577]]],[[[-74.0774,39.9781],[-74.0792,39.9801],[-74.0753,39.9839],[-74.0804,39.9804],[-74.0781,39.9768],[-74.0752,39.9769],[-74.0774,39.9781]]],[[[-74.0812,39.9933],[-74.0845,39.9992],[-74.0828,39.9938],[-74.0856,39.9924],[-74.0776,39.9919],[-74.0812,39.9933]]],[[[-74.0698,39.9992],[-74.0722,40.0007],[-74.0728,39.9984],[-74.0722,39.9955],[-74.0708,39.9959],[-74.0737,39.9937],[-74.0712,39.9924],[-74.0709,39.9938],[-74.0698,39.993],[-74.0717,39.9947],[-74.0702,39.9958],[-74.0694,39.9932],[-74.0668,39.9939],[-74.0689,39.9939],[-74.0683,39.9966],[-74.0705,39.9963],[-74.0674,39.9987],[-74.0698,39.9992]]],[[[-74.0784,40.0005],[-74.0816,40.0005],[-74.0808,39.9982],[-74.0788,39.9981],[-74.0767,39.9957],[-74.0781,39.9944],[-74.0756,39.9933],[-74.0732,39.9961],[-74.0743,39.9983],[-74.0733,40],[-74.0763,39.9999],[-74.0762,39.9969],[-74.0745,39.9961],[-74.0761,39.996],[-74.0766,40.0005],[-74.0787,39.9989],[-74.0784,40.0005]]],[[[-74.0972,40.0145],[-74.1012,40.0142],[-74.1015,40.013],[-74.097,40.0137],[-74.0949,40.0118],[-74.0939,40.0141],[-74.0972,40.0145]]],[[[-74.0542,40.054],[-74.0553,40.0537],[-74.0535,40.0517],[-74.0559,40.0503],[-74.0533,40.0476],[-74.0507,40.0499],[-74.0542,40.054]]],[[[-74.0775,40.0597],[-74.0775,40.0598],[-74.0776,40.0598],[-74.0778,40.0598],[-74.0781,40.0597],[-74.0782,40.0597],[-74.0785,40.0597],[-74.0786,40.0596],[-74.0788,40.0596],[-74.0791,40.0596],[-74.0792,40.0596],[-74.0792,40.0595],[-74.0787,40.0593],[-74.0786,40.0593],[-74.0784,40.0594],[-74.0784,40.0595],[-74.0781,40.0595],[-74.0778,40.0595],[-74.0775,40.0595],[-74.0774,40.0596],[-74.0774,40.0596],[-74.0775,40.0597]]],[[[-74.0858,40.06],[-74.086,40.06],[-74.0863,40.0598],[-74.0866,40.0597],[-74.0869,40.0597],[-74.0872,40.0597],[-74.0875,40.0597],[-74.0877,40.0597],[-74.0878,40.0596],[-74.0877,40.0595],[-74.0874,40.0595],[-74.0869,40.0594],[-74.0866,40.0594],[-74.0861,40.0597],[-74.0858,40.0597],[-74.0856,40.0598],[-74.0855,40.0598],[-74.0853,40.0597],[-74.0852,40.0597],[-74.0851,40.0597],[-74.0849,40.0597],[-74.0849,40.0596],[-74.084,40.0595],[-74.0837,40.0595],[-74.0834,40.0595],[-74.0834,40.0596],[-74.0835,40.0597],[-74.084,40.0597],[-74.0843,40.0597],[-74.0845,40.0597],[-74.0848,40.0598],[-74.085,40.0599],[-74.0851,40.06],[-74.0853,40.06],[-74.0855,40.0599],[-74.0858,40.06]]],[[[-74.0803,40.0601],[-74.0807,40.0602],[-74.0809,40.0602],[-74.0811,40.0601],[-74.0811,40.06],[-74.0812,40.0597],[-74.081,40.0597],[-74.0808,40.0598],[-74.0807,40.0599],[-74.08,40.0598],[-74.0797,40.0597],[-74.0795,40.0598],[-74.0795,40.0599],[-74.0794,40.06],[-74.0795,40.0601],[-74.0796,40.0601],[-74.0801,40.06],[-74.0803,40.0601]]],[[[-74.076,40.0601],[-74.0758,40.0601],[-74.0756,40.0602],[-74.0756,40.0603],[-74.076,40.0602],[-74.0762,40.0602],[-74.0763,40.0602],[-74.0765,40.0601],[-74.0768,40.06],[-74.0769,40.06],[-74.0771,40.06],[-74.0773,40.0599],[-74.0772,40.0598],[-74.0773,40.0596],[-74.0771,40.0596],[-74.0771,40.0596],[-74.077,40.0597],[-74.0769,40.0597],[-74.0767,40.0598],[-74.0763,40.0599],[-74.0762,40.06],[-74.076,40.0601]]],[[[-74.0774,40.0601],[-74.0767,40.0603],[-74.0753,40.0606],[-74.0751,40.0607],[-74.0751,40.0608],[-74.0752,40.0609],[-74.0753,40.0608],[-74.0755,40.0608],[-74.0758,40.0607],[-74.0761,40.0607],[-74.0765,40.0605],[-74.0768,40.0605],[-74.0772,40.0603],[-74.0776,40.0602],[-74.078,40.0601],[-74.0782,40.0601],[-74.0786,40.0601],[-74.0791,40.0601],[-74.0792,40.06],[-74.0793,40.0599],[-74.0791,40.0598],[-74.0789,40.0598],[-74.0785,40.0598],[-74.078,40.0599],[-74.0774,40.0601]]],[[[-74.071,40.0907],[-74.0709,40.0926],[-74.0724,40.0932],[-74.071,40.0907]]],[[[-74.0537,40.1035],[-74.0507,40.101],[-74.0515,40.103],[-74.0537,40.1035]]],[[[-74.0313,40.1005],[-74.038,40.1036],[-74.0371,40.101],[-74.0384,40.0965],[-74.0412,40.0957],[-74.0417,40.0982],[-74.0383,40.0986],[-74.0377,40.1013],[-74.0432,40.1027],[-74.0471,40.102],[-74.0539,40.0984],[-74.054,40.0966],[-74.0588,40.0918],[-74.0672,40.0883],[-74.065,40.0798],[-74.0595,40.0716],[-74.0526,40.0664],[-74.051,40.0659],[-74.0514,40.0675],[-74.0471,40.0665],[-74.0458,40.071],[-74.0479,40.0721],[-74.0479,40.074],[-74.0466,40.0741],[-74.0462,40.0723],[-74.0457,40.0755],[-74.0439,40.075],[-74.049,40.0626],[-74.0487,40.0565],[-74.0491,40.0581],[-74.0522,40.0571],[-74.0506,40.0562],[-74.0502,40.0532],[-74.0491,40.056],[-74.0487,40.0543],[-74.0542,40.0309],[-74.055,40.0295],[-74.058,40.0295],[-74.0583,40.027],[-74.0625,40.0232],[-74.0585,40.0238],[-74.056,40.0261],[-74.0561,40.0223],[-74.0629,40.0213],[-74.0618,40.0177],[-74.0631,40.0177],[-74.0648,40.0138],[-74.0617,40.0159],[-74.0588,40.0133],[-74.0618,40.0071],[-74.061,40.0053],[-74.0625,40.0031],[-74.0639,40.0049],[-74.0619,40.0083],[-74.0682,40.005],[-74.065,40.003],[-74.069,40.0025],[-74.064,39.9992],[-74.0675,39.9993],[-74.0644,39.9982],[-74.067,39.9989],[-74.0648,39.9975],[-74.067,39.9981],[-74.065,39.997],[-74.0675,39.9967],[-74.0656,39.9957],[-74.0679,39.9953],[-74.0664,39.9936],[-74.0692,39.9928],[-74.0701,39.9907],[-74.0738,39.992],[-74.07,39.9902],[-74.0692,39.9924],[-74.0694,39.9906],[-74.067,39.9927],[-74.0675,39.9908],[-74.0721,39.9882],[-74.0695,39.9878],[-74.0726,39.9873],[-74.0695,39.9857],[-74.0736,39.9856],[-74.0687,39.9838],[-74.0744,39.9835],[-74.069,39.982],[-74.0738,39.982],[-74.0755,39.9783],[-74.0722,39.9774],[-74.072,39.9738],[-74.0753,39.9678],[-74.0794,39.9675],[-74.0854,39.9644],[-74.0845,39.9622],[-74.0784,39.9604],[-74.0779,39.9625],[-74.0805,39.9646],[-74.0754,39.9671],[-74.0781,39.9589],[-74.0802,39.9592],[-74.0781,39.9578],[-74.0815,39.9594],[-74.0785,39.956],[-74.0833,39.9575],[-74.0818,39.956],[-74.0825,39.9547],[-74.0788,39.9552],[-74.0816,39.9538],[-74.0794,39.9527],[-74.0831,39.9545],[-74.0825,39.9521],[-74.0789,39.9518],[-74.0824,39.9519],[-74.079,39.9508],[-74.082,39.9507],[-74.0811,39.9483],[-74.0791,39.9476],[-74.0803,39.9434],[-74.0835,39.9416],[-74.0904,39.9453],[-74.092,39.9439],[-74.11,39.9476],[-74.093,39.9433],[-74.0876,39.9402],[-74.0837,39.9413],[-74.082,39.9378],[-74.0792,39.9366],[-74.0801,39.9346],[-74.0837,39.9349],[-74.0795,39.9338],[-74.0838,39.9336],[-74.0792,39.9332],[-74.0794,39.9315],[-74.0842,39.9319],[-74.0843,39.9308],[-74.0786,39.9305],[-74.0807,39.93],[-74.0795,39.925],[-74.0808,39.9202],[-74.0825,39.9202],[-74.0812,39.919],[-74.086,39.914],[-74.0851,39.9115],[-74.087,39.9117],[-74.0877,39.9099],[-74.0855,39.9091],[-74.0875,39.9051],[-74.0848,39.9036],[-74.0852,39.9014],[-74.0897,39.8964],[-74.0858,39.8881],[-74.0841,39.8885],[-74.0881,39.8774],[-74.0874,39.8676],[-74.0894,39.8628],[-74.0878,39.8601],[-74.0901,39.8571],[-74.0887,39.8536],[-74.0913,39.8477],[-74.0899,39.8446],[-74.0922,39.8415],[-74.0917,39.8317],[-74.097,39.8129],[-74.096,39.8073],[-74.1006,39.8027],[-74.099,39.8018],[-74.103,39.7995],[-74.1015,39.7951],[-74.0989,39.7945],[-74.103,39.7947],[-74.0978,39.7894],[-74.0957,39.7822],[-74.0977,39.7838],[-74.0986,39.782],[-74.1012,39.7837],[-74.1016,39.7827],[-74.1028,39.7842],[-74.1032,39.7819],[-74.1054,39.7856],[-74.1166,39.7847],[-74.1185,39.7831],[-74.1167,39.7818],[-74.1182,39.7801],[-74.1157,39.7774],[-74.1037,39.7726],[-74.102,39.7683],[-74.1029,39.7669],[-74.1009,39.7653],[-74.0981,39.7659],[-74.0971,39.7678],[-74.0932,39.7848],[-74.0779,39.9071],[-74.0706,39.9395],[-74.0696,39.942],[-74.0678,39.9423],[-74.0694,39.9436],[-74.0648,39.9771],[-74.0479,40.0416],[-74.0394,40.0814],[-74.0335,40.0995],[-74.0313,40.1005]]],[[[-74.0421,40.1039],[-74.0459,40.1053],[-74.0498,40.1037],[-74.0497,40.1012],[-74.0489,40.103],[-74.0425,40.1027],[-74.0421,40.1039]]],[[[-74.0435,40.1074],[-74.0441,40.1086],[-74.0467,40.108],[-74.0435,40.1074]]],[[[-74.0431,40.1089],[-74.0431,40.1091],[-74.0431,40.1092],[-74.0433,40.1093],[-74.0433,40.1092],[-74.0435,40.1091],[-74.0435,40.109],[-74.0434,40.1089],[-74.0433,40.1089],[-74.0431,40.1089]]],[[[-74.0434,40.1094],[-74.0432,40.1095],[-74.0431,40.1097],[-74.0429,40.1101],[-74.0429,40.1102],[-74.043,40.1104],[-74.0431,40.1105],[-74.0434,40.1106],[-74.0438,40.1106],[-74.044,40.1105],[-74.044,40.1102],[-74.044,40.1099],[-74.0439,40.1096],[-74.0438,40.1093],[-74.0436,40.1093],[-74.0434,40.1094]]],[[[-74.0449,40.1117],[-74.0447,40.1123],[-74.0454,40.1126],[-74.0463,40.1122],[-74.0463,40.1121],[-74.0456,40.1118],[-74.0449,40.1117],[-74.0449,40.1117]]],[[[-74.0965,40.1243],[-74.0966,40.1245],[-74.0966,40.1249],[-74.0968,40.1251],[-74.097,40.1253],[-74.0971,40.1254],[-74.0972,40.1252],[-74.0972,40.1251],[-74.0973,40.1248],[-74.0973,40.1247],[-74.0972,40.1246],[-74.0971,40.1244],[-74.0972,40.1243],[-74.0969,40.1242],[-74.0965,40.1243]]],[[[-74.0253,40.1855],[-74.0235,40.1864],[-74.0305,40.1888],[-74.0323,40.1835],[-74.029,40.1829],[-74.0253,40.1855]]],[[[-73.9758,40.3415],[-73.9768,40.3423],[-73.9772,40.3411],[-73.9758,40.3415]]],[[[-73.9777,40.3416],[-73.9775,40.3416],[-73.9774,40.3417],[-73.9773,40.3418],[-73.9773,40.3418],[-73.9773,40.3419],[-73.9774,40.342],[-73.9773,40.3422],[-73.9772,40.3424],[-73.9771,40.3426],[-73.9772,40.3427],[-73.9772,40.3428],[-73.9773,40.3427],[-73.9775,40.3425],[-73.9777,40.3422],[-73.9778,40.3421],[-73.978,40.342],[-73.9783,40.342],[-73.9783,40.3418],[-73.9784,40.3417],[-73.9783,40.3416],[-73.9778,40.3416],[-73.9777,40.3416]]],[[[-73.9779,40.3425],[-73.9777,40.3426],[-73.9775,40.3427],[-73.9775,40.3429],[-73.9775,40.343],[-73.9775,40.3432],[-73.9776,40.3432],[-73.9778,40.3432],[-73.9781,40.343],[-73.9783,40.3429],[-73.9786,40.3428],[-73.9788,40.3428],[-73.9791,40.3427],[-73.9793,40.3427],[-73.9794,40.3426],[-73.9795,40.3425],[-73.9795,40.3424],[-73.9795,40.3424],[-73.9793,40.3424],[-73.9792,40.3424],[-73.9789,40.3424],[-73.9789,40.3423],[-73.9791,40.342],[-73.9792,40.3417],[-73.9791,40.3417],[-73.979,40.3417],[-73.9789,40.342],[-73.9788,40.342],[-73.9786,40.3421],[-73.9785,40.3422],[-73.9779,40.3425]]],[[[-73.9776,40.3439],[-73.9774,40.3441],[-73.9774,40.3443],[-73.9774,40.3443],[-73.9775,40.3443],[-73.9778,40.3442],[-73.9779,40.3441],[-73.9781,40.344],[-73.9786,40.3438],[-73.979,40.3438],[-73.9792,40.3438],[-73.9797,40.3438],[-73.9798,40.3439],[-73.9799,40.3439],[-73.98,40.3438],[-73.98,40.3436],[-73.98,40.3433],[-73.9801,40.3429],[-73.9801,40.3428],[-73.9799,40.3428],[-73.9797,40.3428],[-73.9796,40.3428],[-73.9794,40.3428],[-73.9791,40.3429],[-73.9789,40.343],[-73.9787,40.3431],[-73.9783,40.3432],[-73.9779,40.3435],[-73.9779,40.3436],[-73.9777,40.3438],[-73.9776,40.3439]]],[[[-73.991,40.3435],[-73.9907,40.344],[-73.9903,40.3442],[-73.9907,40.3445],[-73.9917,40.3439],[-73.991,40.3435],[-73.991,40.3435]]],[[[-73.978,40.3449],[-73.9783,40.345],[-73.9785,40.3449],[-73.979,40.3449],[-73.9794,40.3448],[-73.9796,40.3448],[-73.9799,40.3447],[-73.98,40.3447],[-73.9801,40.3447],[-73.9801,40.3446],[-73.98,40.3444],[-73.9799,40.3442],[-73.9797,40.3441],[-73.9792,40.3441],[-73.979,40.3441],[-73.9787,40.3442],[-73.9784,40.3442],[-73.978,40.3443],[-73.9778,40.3445],[-73.9777,40.3446],[-73.9777,40.3447],[-73.9777,40.3448],[-73.9777,40.3449],[-73.978,40.3449]]],[[[-73.9792,40.3461],[-73.9801,40.3451],[-73.9778,40.3452],[-73.9792,40.3461]]],[[[-73.9764,40.3472],[-73.9773,40.3482],[-73.9781,40.346],[-73.9764,40.3472]]],[[[-73.9796,40.3489],[-73.9804,40.347],[-73.9831,40.3489],[-73.9866,40.348],[-73.9808,40.3453],[-73.9786,40.3466],[-73.9781,40.3487],[-73.9796,40.3489]]],[[[-73.9751,40.3533],[-73.9753,40.3544],[-73.9794,40.3531],[-73.9842,40.3504],[-73.9802,40.3497],[-73.9751,40.3533]]],[[[-73.9761,40.357],[-73.9768,40.3586],[-73.9832,40.3551],[-73.978,40.3551],[-73.9761,40.357]]],[[[-73.9941,40.3775],[-73.9959,40.3772],[-73.9963,40.3755],[-73.9906,40.3766],[-73.9941,40.3775]]],[[[-73.9807,40.3785],[-73.9853,40.3774],[-73.9785,40.3766],[-73.9764,40.3749],[-73.9776,40.3783],[-73.9807,40.3785]]],[[[-73.9959,40.3779],[-73.9955,40.3787],[-73.9962,40.3787],[-73.9973,40.3791],[-73.9976,40.3787],[-73.9977,40.3785],[-73.9975,40.3784],[-73.9968,40.3781],[-73.9962,40.3779],[-73.9959,40.3779]]],[[[-73.9868,40.3795],[-73.9871,40.3794],[-73.9873,40.3793],[-73.9872,40.3789],[-73.9871,40.3788],[-73.9869,40.3787],[-73.9868,40.3786],[-73.9865,40.3786],[-73.9864,40.3787],[-73.9862,40.3789],[-73.9862,40.379],[-73.986,40.3791],[-73.9859,40.3793],[-73.9861,40.3795],[-73.9864,40.3795],[-73.9868,40.3795]]],[[[-73.9885,40.3772],[-73.9918,40.381],[-73.9956,40.3796],[-73.9931,40.3766],[-73.9885,40.3772]]],[[[-73.9978,40.3813],[-73.9991,40.3814],[-73.9996,40.3802],[-73.9988,40.3801],[-73.9989,40.3805],[-73.9983,40.3803],[-73.9978,40.3813]]],[[[-73.9774,40.379],[-73.9775,40.3819],[-73.9804,40.3809],[-73.9803,40.3795],[-73.9774,40.379]]],[[[-73.9875,40.3817],[-73.9872,40.3819],[-73.9871,40.3821],[-73.9873,40.3823],[-73.9884,40.3823],[-73.9888,40.3821],[-73.9888,40.382],[-73.9887,40.3819],[-73.9883,40.3817],[-73.9881,40.3817],[-73.9875,40.3817]]],[[[-73.9792,40.3821],[-73.9789,40.3822],[-73.9786,40.3825],[-73.9786,40.3828],[-73.9787,40.383],[-73.9789,40.383],[-73.9792,40.383],[-73.9793,40.3829],[-73.9794,40.3828],[-73.9794,40.3826],[-73.9799,40.3823],[-73.9806,40.3819],[-73.9813,40.3817],[-73.983,40.3815],[-73.9831,40.3815],[-73.9831,40.3814],[-73.9827,40.3813],[-73.9826,40.3813],[-73.9827,40.3811],[-73.9825,40.381],[-73.9821,40.3813],[-73.9819,40.3812],[-73.9811,40.3816],[-73.981,40.3815],[-73.9815,40.3813],[-73.9817,40.3811],[-73.982,40.3809],[-73.982,40.3808],[-73.9818,40.3808],[-73.9814,40.3808],[-73.9808,40.3812],[-73.9792,40.3821]]],[[[-73.9957,40.3842],[-73.9961,40.3844],[-73.9974,40.3846],[-73.9981,40.3849],[-73.9984,40.3849],[-73.9985,40.3848],[-73.9985,40.3845],[-73.998,40.3842],[-73.9958,40.3835],[-73.9954,40.3833],[-73.9951,40.3832],[-73.995,40.3833],[-73.995,40.3841],[-73.9951,40.3843],[-73.9954,40.3843],[-73.9956,40.3842],[-73.9957,40.3842]]],[[[-73.9955,40.3845],[-73.9969,40.3855],[-73.9974,40.3859],[-73.9977,40.3863],[-73.9979,40.3863],[-73.9979,40.3852],[-73.9977,40.385],[-73.9968,40.3848],[-73.9957,40.3844],[-73.9955,40.3845]]],[[[-73.9879,40.4204],[-73.9901,40.4197],[-73.9841,40.4174],[-73.9842,40.4188],[-73.9879,40.4204]]]]}},{"type":"Feature","properties":{"wfo":"OKX","cwa":"OKX","citystate":"Upton NY"},"geometry":{"type":"MultiPolygon","coordinates":[[[[-72.2182,41.6988],[-72.2394,41.7138],[-72.243,41.7138],[-72.247,41.7079],[-72.2446,41.7055],[-72.2512,41.7031],[-72.2513,41.7],[-72.2575,41.6995],[-72.2656,41.6912],[-72.2738,41.6927],[-72.2745,41.6906],[-72.2696,41.6856],[-72.2669,41.6778],[-72.2684,41.6722],[-72.2787,41.672],[-72.3037,41.654],[-72.3332,41.6435],[-72.3247,41.618],[-72.3286,41.6053],[-72.343,41.5994],[-72.3564,41.5978],[-72.3626,41.6009],[-72.3711,41.5996],[-72.3766,41.6006],[-72.3783,41.5963],[-72.3816,41.5952],[-72.3856,41.5891],[-72.4013,41.5955],[-72.4101,41.6022],[-72.4172,41.5906],[-72.4667,41.5839],[-72.5051,41.6463],[-72.6288,41.6335],[-72.6289,41.64],[-72.7139,41.6277],[-72.7156,41.6252],[-72.7122,41.6184],[-72.7152,41.6064],[-72.7191,41.6038],[-72.7299,41.6015],[-72.7315,41.5958],[-72.7529,41.5925],[-72.7522,41.5789],[-72.8012,41.5731],[-72.8052,41.5666],[-72.8201,41.5543],[-72.8258,41.5559],[-72.8257,41.5639],[-72.8287,41.5629],[-72.8283,41.5707],[-72.8485,41.5673],[-72.8452,41.5463],[-72.8495,41.5453],[-72.8682,41.5494],[-72.8686,41.552],[-72.8742,41.5588],[-72.8838,41.5638],[-72.9464,41.5568],[-72.9338,41.6072],[-72.9385,41.6443],[-72.9831,41.6396],[-73.0035,41.6289],[-73.0215,41.6271],[-73.0187,41.6141],[-73.0355,41.6152],[-73.0589,41.6065],[-73.0604,41.6004],[-73.0577,41.5891],[-73.0826,41.5862],[-73.0931,41.5704],[-73.1452,41.5578],[-73.1642,41.5571],[-73.1558,41.5153],[-73.1583,41.5139],[-73.2042,41.5085],[-73.2428,41.513],[-73.319,41.5051],[-73.3267,41.4929],[-73.3252,41.4899],[-73.3266,41.4859],[-73.3128,41.4687],[-73.3268,41.4695],[-73.3367,41.4757],[-73.3477,41.4781],[-73.3749,41.4891],[-73.3768,41.499],[-73.379,41.5019],[-73.3878,41.5059],[-73.3875,41.5091],[-73.385,41.5118],[-73.3877,41.5145],[-73.4301,41.4982],[-73.4415,41.4913],[-73.4449,41.5092],[-73.4428,41.5141],[-73.4454,41.5237],[-73.4973,41.6382],[-73.4954,41.6434],[-73.4851,41.6472],[-73.4944,41.661],[-73.4979,41.6591],[-73.5045,41.6622],[-73.5073,41.6656],[-73.5174,41.6664],[-73.5302,41.5262],[-73.5797,41.5264],[-73.6924,41.5123],[-73.9338,41.4883],[-73.9812,41.4385],[-73.9866,41.4449],[-73.9978,41.4522],[-73.9998,41.4558],[-73.9976,41.4751],[-73.9984,41.482],[-73.995,41.4973],[-73.9979,41.5057],[-73.9969,41.5206],[-73.9876,41.5432],[-73.9759,41.5572],[-73.9648,41.5653],[-73.9594,41.5715],[-73.9544,41.5826],[-73.9533,41.5901],[-74.0535,41.5806],[-74.055,41.5877],[-74.0692,41.6054],[-74.0906,41.5995],[-74.0935,41.6041],[-74.0974,41.6067],[-74.1345,41.6157],[-74.1274,41.5827],[-74.185,41.594],[-74.1876,41.5909],[-74.2516,41.6054],[-74.2502,41.6293],[-74.2642,41.6326],[-74.268,41.629],[-74.2794,41.6256],[-74.2904,41.6191],[-74.2957,41.6192],[-74.3042,41.6151],[-74.3068,41.6091],[-74.3108,41.6112],[-74.32,41.6031],[-74.3296,41.6014],[-74.3308,41.5974],[-74.3413,41.5952],[-74.3448,41.5976],[-74.3503,41.5983],[-74.3532,41.5928],[-74.3552,41.5919],[-74.3671,41.5914],[-74.3707,41.5884],[-74.3787,41.5868],[-74.3846,41.5836],[-74.3893,41.585],[-74.3951,41.5807],[-74.3958,41.5775],[-74.3984,41.5755],[-74.4068,41.5737],[-74.41,41.5715],[-74.408,41.5698],[-74.4092,41.5681],[-74.4167,41.5693],[-74.4199,41.5624],[-74.4226,41.5625],[-74.4232,41.56],[-74.4293,41.5574],[-74.4307,41.5544],[-74.4339,41.5533],[-74.4359,41.5507],[-74.4348,41.5485],[-74.4385,41.5441],[-74.4442,41.5437],[-74.4445,41.5377],[-74.4484,41.5341],[-74.4532,41.5328],[-74.4607,41.5247],[-74.4656,41.5226],[-74.4657,41.5173],[-74.4753,41.5104],[-74.4744,41.5077],[-74.4756,41.505],[-74.7499,41.4938],[-74.7602,41.4907],[-74.7619,41.4881],[-74.7583,41.4809],[-74.7545,41.4785],[-74.7528,41.4738],[-74.753,41.4681],[-74.7507,41.4647],[-74.7578,41.4613],[-74.7616,41.4446],[-74.7584,41.4422],[-74.7554,41.434],[-74.7517,41.4321],[-74.7559,41.4275],[-74.755,41.425],[-74.7433,41.4307],[-74.7374,41.4298],[-74.7352,41.4267],[-74.7351,41.4215],[-74.7417,41.4079],[-74.7386,41.4012],[-74.7304,41.3956],[-74.7209,41.3947],[-74.716,41.3926],[-74.7085,41.3789],[-74.6907,41.3667],[-74.6895,41.3638],[-74.6904,41.3609],[-74.6949,41.3573],[-74.4564,41.2477],[-74.3659,41.2029],[-74.5022,41.0862],[-74.4873,41.0768],[-74.4883,41.0729],[-74.4871,41.0656],[-74.4961,41.0604],[-74.5012,41.0396],[-74.4977,41.0349],[-74.489,41.0384],[-74.4769,41.0469],[-74.4474,41.0542],[-74.442,41.0491],[-74.4389,41.0432],[-74.433,41.0385],[-74.4271,41.0366],[-74.4283,41.0323],[-74.4312,41.0303],[-74.4335,41.0254],[-74.4335,41.0199],[-74.4286,41.0207],[-74.4237,41.027],[-74.4184,41.0286],[-74.4059,41.0238],[-74.4008,41.0184],[-74.3921,41.0161],[-74.3891,41.0127],[-74.3773,41.0139],[-74.3724,41.0116],[-74.3643,41.0111],[-74.3625,41.0128],[-74.3556,41.0137],[-74.3515,41.01],[-74.3513,41.0058],[-74.3474,41.0044],[-74.3353,41.0066],[-74.3333,41.0034],[-74.3281,41.0015],[-74.3159,41.002],[-74.3093,40.9985],[-74.3012,40.9995],[-74.2999,41.0025],[-74.293,40.9881],[-74.2971,40.981],[-74.2937,40.9793],[-74.2819,40.9792],[-74.2809,40.9765],[-74.2778,40.9746],[-74.2776,40.9719],[-74.2803,40.9717],[-74.282,40.9697],[-74.2799,40.966],[-74.2803,40.9584],[-74.277,40.9547],[-74.2774,40.9512],[-74.2797,40.941],[-74.2855,40.931],[-74.2889,40.9289],[-74.2882,40.9263],[-74.2843,40.9205],[-74.2842,40.9177],[-74.272,40.9156],[-74.2677,40.9111],[-74.2683,40.9082],[-74.2716,40.9095],[-74.2725,40.8979],[-74.2796,40.8978],[-74.2843,40.895],[-74.2856,40.898],[-74.2822,40.9007],[-74.2894,40.8994],[-74.2916,40.9005],[-74.2922,40.9045],[-74.2953,40.9062],[-74.319,40.9033],[-74.319,40.9079],[-74.3254,40.9073],[-74.3277,40.9052],[-74.3278,40.9072],[-74.3305,40.9078],[-74.3343,40.9054],[-74.3397,40.8895],[-74.3383,40.8875],[-74.3395,40.8796],[-74.3353,40.8771],[-74.3374,40.8746],[-74.3374,40.8697],[-74.3363,40.867],[-74.3333,40.8683],[-74.3211,40.8633],[-74.3196,40.8583],[-74.3246,40.8576],[-74.3275,40.8501],[-74.33,40.8483],[-74.3287,40.8446],[-74.3262,40.8439],[-74.3288,40.8416],[-74.3303,40.835],[-74.3293,40.8314],[-74.3352,40.8275],[-74.3329,40.8231],[-74.3345,40.8185],[-74.3382,40.8138],[-74.3484,40.8125],[-74.3512,40.8068],[-74.3645,40.7983],[-74.3665,40.7944],[-74.368,40.7797],[-74.373,40.7754],[-74.371,40.7746],[-74.3701,40.7706],[-74.3718,40.7681],[-74.3703,40.7667],[-74.3712,40.764],[-74.3764,40.7616],[-74.3752,40.7583],[-74.3682,40.7608],[-74.3678,40.7582],[-74.3582,40.7557],[-74.359,40.7529],[-74.3675,40.7491],[-74.365,40.7468],[-74.3665,40.7441],[-74.3693,40.7428],[-74.3716,40.7439],[-74.3726,40.7415],[-74.3709,40.7391],[-74.3713,40.735],[-74.3803,40.7333],[-74.3785,40.7296],[-74.3853,40.7243],[-74.3903,40.7253],[-74.3917,40.7182],[-74.4022,40.718],[-74.4102,40.7097],[-74.4125,40.7103],[-74.4171,40.7053],[-74.4271,40.7018],[-74.4317,40.6931],[-74.4347,40.6934],[-74.4522,40.6853],[-74.4538,40.6759],[-74.4608,40.6742],[-74.4522,40.6553],[-74.4446,40.6573],[-74.4347,40.6641],[-74.4305,40.6648],[-74.4203,40.6581],[-74.4064,40.6675],[-74.4023,40.6643],[-74.403,40.6567],[-74.4078,40.6457],[-74.4095,40.6428],[-74.4131,40.6419],[-74.418,40.6278],[-74.4227,40.625],[-74.4263,40.6182],[-74.4371,40.6106],[-74.4451,40.6089],[-74.4626,40.5989],[-74.4583,40.5953],[-74.309,40.6084],[-74.3041,40.6073],[-74.3051,40.6017],[-74.3033,40.5994],[-74.2922,40.5926],[-74.2887,40.5925],[-74.2602,40.5978],[-74.2587,40.6014],[-74.2558,40.6022],[-74.2429,40.6001],[-74.2383,40.6028],[-74.2356,40.6024],[-74.2328,40.5995],[-74.2239,40.6004],[-74.2158,40.6044],[-74.2121,40.5984],[-74.2045,40.5937],[-74.2081,40.5886],[-74.2101,40.5732],[-74.2154,40.56],[-74.2179,40.5575],[-74.232,40.559],[-74.2486,40.5496],[-74.2514,40.5423],[-74.2462,40.5216],[-74.2537,40.5161],[-74.2568,40.511],[-74.2591,40.4979],[-74.2418,40.4966],[-74.2332,40.5013],[-74.2249,40.5013],[-74.2172,40.5035],[-74.2099,40.5106],[-74.205,40.5123],[-74.1998,40.513],[-74.1999,40.5117],[-74.196,40.51],[-74.1932,40.5108],[-74.1866,40.518],[-74.1822,40.5206],[-74.178,40.5196],[-74.1593,40.5269],[-74.1552,40.5306],[-74.1481,40.5325],[-74.1487,40.5345],[-74.1458,40.5338],[-74.1414,40.5376],[-74.1419,40.5427],[-74.1353,40.5464],[-74.132,40.5464],[-74.1276,40.5426],[-74.1342,40.5356],[-74.1396,40.5353],[-74.1403,40.5336],[-74.1372,40.5301],[-74.1354,40.5308],[-74.1217,40.5427],[-74.1126,40.5476],[-74.1115,40.5469],[-74.1056,40.5536],[-74.1044,40.553],[-74.0994,40.5579],[-74.0997,40.559],[-74.096,40.5607],[-74.0907,40.5666],[-74.0765,40.5775],[-74.0774,40.5782],[-74.076,40.5779],[-74.0682,40.5841],[-74.0592,40.5935],[-74.0531,40.6037],[-74.0603,40.6112],[-74.064,40.6167],[-74.0628,40.6178],[-74.0659,40.6192],[-74.0646,40.6202],[-74.0686,40.6262],[-74.069,40.638],[-74.0707,40.6431],[-74.0728,40.6457],[-74.0744,40.6452],[-74.0759,40.6481],[-74.084,40.6487],[-74.0852,40.6533],[-74.0873,40.654],[-74.0846,40.6552],[-74.0882,40.6557],[-74.0919,40.6625],[-74.0989,40.6662],[-74.1076,40.665],[-74.1026,40.6668],[-74.1083,40.6668],[-74.107,40.6699],[-74.1015,40.6695],[-74.0892,40.6675],[-74.0701,40.6611],[-74.0675,40.6654],[-74.0985,40.6769],[-74.0857,40.6749],[-74.0668,40.666],[-74.0639,40.6699],[-74.0768,40.6759],[-74.0761,40.6769],[-74.0729,40.6755],[-74.075,40.678],[-74.0687,40.6753],[-74.074,40.6781],[-74.0737,40.6803],[-74.0834,40.6874],[-74.0735,40.6806],[-74.0717,40.6811],[-74.08,40.6889],[-74.0762,40.6885],[-74.0699,40.6842],[-74.0699,40.6918],[-74.0653,40.6942],[-74.0673,40.6954],[-74.0707,40.6937],[-74.0682,40.697],[-74.0661,40.6979],[-74.0556,40.6909],[-74.0544,40.692],[-74.0592,40.6946],[-74.0579,40.6958],[-74.0547,40.6946],[-74.0492,40.698],[-74.046,40.6966],[-74.0507,40.6993],[-74.0458,40.7017],[-74.0436,40.7006],[-74.0455,40.702],[-74.0427,40.7013],[-74.0445,40.703],[-74.042,40.7019],[-74.044,40.7036],[-74.0413,40.7025],[-74.0432,40.7043],[-74.0402,40.7027],[-74.0437,40.7062],[-74.0346,40.7055],[-74.0329,40.7076],[-74.0344,40.7078],[-74.0335,40.7093],[-74.0511,40.711],[-74.0538,40.7127],[-74.0422,40.7113],[-74.0429,40.7137],[-74.0411,40.7113],[-74.0334,40.7111],[-74.0381,40.7123],[-74.0337,40.7117],[-74.0331,40.7143],[-74.0307,40.7145],[-74.0142,40.7127],[-74.0183,40.7128],[-74.0197,40.707],[-74.0191,40.7049],[-74.017,40.7053],[-74.0189,40.7041],[-74.0148,40.7006],[-74.0092,40.701],[-74.0076,40.7031],[-74.0055,40.7022],[-74.0067,40.7041],[-74.0054,40.703],[-74.0064,40.7041],[-74.0042,40.7036],[-74.0051,40.7049],[-74.0027,40.7046],[-74.0037,40.7059],[-74.0021,40.705],[-74.0031,40.7063],[-74.0017,40.7053],[-74.0025,40.7067],[-74.001,40.7057],[-74.0019,40.7071],[-73.9991,40.7083],[-73.9946,40.7042],[-73.999,40.7009],[-73.9979,40.6995],[-74.0001,40.6995],[-73.9983,40.6991],[-73.9988,40.6981],[-74.0025,40.6973],[-73.9999,40.6961],[-74.0004,40.6949],[-74.0027,40.6961],[-74.0038,40.6949],[-74.0006,40.6937],[-74.0036,40.6939],[-74.002,40.6923],[-74.0029,40.6905],[-74.005,40.6911],[-74.0039,40.6891],[-74.0062,40.6899],[-74.0049,40.6885],[-74.0058,40.6877],[-74.0077,40.6885],[-74.0084,40.6861],[-74.0192,40.6797],[-74.02,40.6767],[-74.0183,40.6739],[-74.0107,40.6689],[-74.0122,40.6659],[-74.0172,40.6643],[-74.0194,40.6705],[-74.0215,40.6707],[-74.0185,40.6645],[-74.0158,40.6635],[-74.0115,40.6649],[-74.0048,40.6707],[-74.0057,40.6663],[-74.0026,40.6627],[-74.0044,40.6607],[-74.0082,40.6627],[-74.0127,40.6597],[-74.0088,40.6589],[-74.0141,40.6575],[-74.0176,40.6595],[-74.0246,40.6535],[-74.0208,40.6511],[-74.0237,40.6515],[-74.0257,40.6495],[-74.0246,40.6469],[-74.0285,40.6495],[-74.0255,40.6467],[-74.0294,40.6487],[-74.0315,40.6467],[-74.0281,40.6445],[-74.0332,40.6451],[-74.037,40.6411],[-74.036,40.6405],[-74.0414,40.6293],[-74.0422,40.6243],[-74.0403,40.6151],[-74.0328,40.6045],[-74.0147,40.6021],[-74.0089,40.5999],[-74.0031,40.5945],[-73.9981,40.5943],[-73.9995,40.5929],[-73.9975,40.5911],[-73.9994,40.5901],[-73.9968,40.5881],[-73.999,40.5849],[-73.9908,40.5847],[-73.9911,40.5811],[-73.9862,40.5795],[-73.9879,40.5785],[-74.0067,40.5813],[-74.013,40.5783],[-74.0119,40.5745],[-74.0091,40.5729],[-74.0021,40.5707],[-73.99,40.5705],[-73.9596,40.5745],[-73.9358,40.5745],[-73.9316,40.5765],[-73.9323,40.5815],[-73.9439,40.5813],[-73.9493,40.5823],[-73.9471,40.5837],[-73.9151,40.5829],[-73.9116,40.5813],[-73.9132,40.5859],[-73.9178,40.5865],[-73.9148,40.5881],[-73.9153,40.5903],[-73.9308,40.6027],[-73.9295,40.6037],[-73.9226,40.5989],[-73.9182,40.5999],[-73.9132,40.5955],[-73.9102,40.5905],[-73.9127,40.5861],[-73.9021,40.5873],[-73.9002,40.5817],[-73.9054,40.5823],[-73.8972,40.5777],[-73.8901,40.5799],[-73.8807,40.5799],[-73.8769,40.5842],[-73.8769,40.5904],[-73.8846,40.6053],[-73.8976,40.6031],[-73.9142,40.6027],[-73.921,40.6092],[-73.9158,40.6112],[-73.9164,40.613],[-73.9141,40.6142],[-73.9169,40.6068],[-73.9126,40.6036],[-73.9088,40.604],[-73.9099,40.6063],[-73.9083,40.6065],[-73.9025,40.6048],[-73.902,40.608],[-73.9036,40.6113],[-73.9096,40.6171],[-73.8985,40.6061],[-73.8877,40.608],[-73.897,40.6202],[-73.917,40.6317],[-73.9015,40.6252],[-73.8969,40.6215],[-73.892,40.6219],[-73.8902,40.6257],[-73.8841,40.6293],[-73.8783,40.6355],[-73.8765,40.6344],[-73.8759,40.6358],[-73.8793,40.6384],[-73.8787,40.6405],[-73.8785,40.6382],[-73.8757,40.6359],[-73.8705,40.6396],[-73.8735,40.6456],[-73.8681,40.6443],[-73.865,40.6453],[-73.8667,40.6488],[-73.8635,40.644],[-73.8582,40.6452],[-73.8585,40.649],[-73.8565,40.6503],[-73.8493,40.6496],[-73.8514,40.6472],[-73.8484,40.6445],[-73.8362,40.6435],[-73.8397,40.6611],[-73.8385,40.6617],[-73.8353,40.6478],[-73.834,40.6474],[-73.8305,40.6474],[-73.833,40.6574],[-73.8308,40.6575],[-73.8326,40.6565],[-73.8304,40.6504],[-73.826,40.6474],[-73.8235,40.6485],[-73.8232,40.647],[-73.8243,40.6546],[-73.8226,40.6594],[-73.818,40.661],[-73.8108,40.6597],[-73.818,40.6601],[-73.8219,40.6585],[-73.8229,40.6544],[-73.8214,40.6485],[-73.7728,40.6255],[-73.7718,40.6244],[-73.7731,40.6193],[-73.7757,40.6157],[-73.7693,40.6209],[-73.7667,40.621],[-73.7658,40.6144],[-73.7638,40.6139],[-73.7769,40.6127],[-73.7721,40.6079],[-73.7716,40.5976],[-73.7727,40.5971],[-73.7754,40.6012],[-73.7735,40.6084],[-73.7788,40.6098],[-73.7842,40.6045],[-73.7831,40.6032],[-73.7907,40.5932],[-73.7915,40.5966],[-73.7859,40.6021],[-73.7869,40.6033],[-73.7941,40.599],[-73.8043,40.5992],[-73.8055,40.5965],[-73.8029,40.5922],[-73.8066,40.5953],[-73.8211,40.5864],[-73.8281,40.5843],[-73.8393,40.5814],[-73.8509,40.5821],[-73.8632,40.5757],[-73.8678,40.5751],[-73.8697,40.5722],[-73.8792,40.568],[-73.8926,40.5683],[-73.8991,40.5635],[-73.9065,40.5628],[-73.9115,40.5644],[-73.9179,40.5617],[-73.9275,40.5615],[-73.9295,40.5606],[-73.9311,40.5565],[-73.9381,40.5525],[-73.9398,40.5435],[-73.9043,40.557],[-73.8928,40.5577],[-73.8789,40.5609],[-73.8473,40.573],[-73.8068,40.5846],[-73.7749,40.5908],[-73.7534,40.5906],[-73.7457,40.5944],[-73.7364,40.5937],[-73.735,40.5941],[-73.7356,40.6017],[-73.7329,40.6039],[-73.7302,40.6037],[-73.7342,40.6011],[-73.7345,40.5965],[-73.7304,40.5969],[-73.7254,40.5943],[-73.7182,40.5943],[-73.7187,40.5963],[-73.7174,40.5943],[-73.7077,40.5919],[-73.6859,40.5935],[-73.6863,40.6015],[-73.6888,40.6007],[-73.6955,40.6051],[-73.6999,40.6031],[-73.6982,40.6005],[-73.6997,40.5973],[-73.6992,40.5997],[-73.7011,40.6027],[-73.7041,40.6023],[-73.7082,40.6043],[-73.7052,40.6043],[-73.7032,40.6087],[-73.7074,40.6089],[-73.7051,40.6113],[-73.7076,40.6105],[-73.7077,40.6117],[-73.7053,40.6145],[-73.7005,40.6161],[-73.6995,40.6201],[-73.697,40.6225],[-73.6919,40.6247],[-73.6938,40.6225],[-73.6876,40.6234],[-73.693,40.6335],[-73.6921,40.6379],[-73.6908,40.6373],[-73.6922,40.6339],[-73.6859,40.6251],[-73.6831,40.6267],[-73.6806,40.6257],[-73.6744,40.6323],[-73.6766,40.6295],[-73.6725,40.6281],[-73.6672,40.6287],[-73.6665,40.6257],[-73.6634,40.6249],[-73.6582,40.6341],[-73.6609,40.6261],[-73.6604,40.6239],[-73.6581,40.6233],[-73.6603,40.6227],[-73.6595,40.6175],[-73.6568,40.6197],[-73.6601,40.6123],[-73.6565,40.6095],[-73.6532,40.6119],[-73.6529,40.6175],[-73.6555,40.6243],[-73.6524,40.6169],[-73.6499,40.6173],[-73.6523,40.6161],[-73.6505,40.6125],[-73.6521,40.6125],[-73.6573,40.6069],[-73.6607,40.6063],[-73.6614,40.6033],[-73.6617,40.6061],[-73.6639,40.6063],[-73.6687,40.6045],[-73.6687,40.6025],[-73.664,40.5967],[-73.6621,40.5969],[-73.6614,40.6019],[-73.6615,40.5965],[-73.6511,40.5963],[-73.6451,40.5991],[-73.6456,40.6041],[-73.6427,40.6045],[-73.6421,40.6067],[-73.6452,40.6081],[-73.641,40.6081],[-73.6432,40.6107],[-73.6404,40.6129],[-73.6418,40.6169],[-73.6372,40.6127],[-73.6324,40.6119],[-73.6302,40.6123],[-73.63,40.6139],[-73.6291,40.6125],[-73.6253,40.6145],[-73.6224,40.6187],[-73.6219,40.6177],[-73.618,40.6201],[-73.6197,40.6207],[-73.6175,40.6203],[-73.6151,40.6227],[-73.6167,40.6225],[-73.6177,40.6249],[-73.6172,40.6291],[-73.6223,40.6327],[-73.6172,40.6297],[-73.6158,40.6321],[-73.6098,40.6229],[-73.6051,40.6227],[-73.6045,40.6239],[-73.6047,40.6221],[-73.6023,40.6227],[-73.6021,40.6277],[-73.6006,40.6229],[-73.5992,40.6237],[-73.5981,40.6209],[-73.5945,40.6213],[-73.5932,40.6293],[-73.5974,40.6335],[-73.5938,40.6341],[-73.5934,40.6365],[-73.5929,40.6337],[-73.5868,40.6319],[-73.5882,40.6399],[-73.5858,40.6271],[-73.5826,40.6269],[-73.5801,40.6281],[-73.5823,40.6396],[-73.5791,40.6277],[-73.5766,40.6243],[-73.5735,40.6243],[-73.5782,40.6399],[-73.5755,40.6387],[-73.573,40.6241],[-73.5716,40.6243],[-73.5716,40.6275],[-73.5729,40.6275],[-73.5666,40.6305],[-73.5655,40.6329],[-73.5669,40.6345],[-73.565,40.6385],[-73.5669,40.6417],[-73.5683,40.6427],[-73.5683,40.6409],[-73.5684,40.6433],[-73.5662,40.6455],[-73.5666,40.6429],[-73.5641,40.6381],[-73.5641,40.6311],[-73.5591,40.6297],[-73.555,40.6357],[-73.5569,40.6357],[-73.5594,40.6391],[-73.5569,40.6409],[-73.5572,40.6441],[-73.547,40.6377],[-73.5442,40.6387],[-73.5445,40.6453],[-73.5425,40.6471],[-73.5448,40.6515],[-73.5439,40.6529],[-73.5398,40.6431],[-73.5342,40.6427],[-73.5345,40.6395],[-73.5312,40.6383],[-73.5293,40.6419],[-73.5339,40.6483],[-73.5328,40.6487],[-73.5288,40.6425],[-73.526,40.6431],[-73.5255,40.6463],[-73.5203,40.6389],[-73.5165,40.6427],[-73.5185,40.6439],[-73.5156,40.6431],[-73.5134,40.6473],[-73.5129,40.6455],[-73.5147,40.6441],[-73.5136,40.6417],[-73.5068,40.6401],[-73.5083,40.6375],[-73.5078,40.6291],[-73.5039,40.6287],[-73.5011,40.6241],[-73.4975,40.6257],[-73.5003,40.6271],[-73.5009,40.6299],[-73.4972,40.6325],[-73.4964,40.6353],[-73.4969,40.6367],[-73.5025,40.6373],[-73.4953,40.6397],[-73.4908,40.6439],[-73.4956,40.6389],[-73.4939,40.6381],[-73.4892,40.6413],[-73.4887,40.6435],[-73.49,40.6441],[-73.4883,40.6461],[-73.4919,40.6483],[-73.4873,40.6465],[-73.4847,40.6519],[-73.4802,40.6497],[-73.4742,40.6503],[-73.4719,40.6559],[-73.4692,40.6567],[-73.4662,40.6481],[-73.4638,40.6471],[-73.4591,40.6483],[-73.4596,40.6521],[-73.4579,40.6485],[-73.4572,40.6515],[-73.4567,40.6503],[-73.4511,40.6535],[-73.4538,40.6549],[-73.4519,40.6553],[-73.4527,40.6591],[-73.4507,40.6543],[-73.4485,40.6549],[-73.4295,40.6501],[-73.4316,40.6585],[-73.4233,40.6557],[-73.4238,40.6585],[-73.4212,40.655],[-73.4162,40.6547],[-73.4138,40.6571],[-73.4137,40.6693],[-73.4127,40.6618],[-73.4115,40.6616],[-73.4127,40.6586],[-73.4093,40.6549],[-73.4065,40.6547],[-73.4044,40.6604],[-73.4044,40.6678],[-73.4036,40.6624],[-73.4048,40.6575],[-73.3996,40.6546],[-73.3933,40.6563],[-73.3918,40.659],[-73.3873,40.6568],[-73.3791,40.6586],[-73.3797,40.6601],[-73.3679,40.6619],[-73.366,40.6633],[-73.3665,40.6672],[-73.3648,40.6659],[-73.3574,40.6677],[-73.3565,40.6713],[-73.3609,40.6797],[-73.356,40.6711],[-73.3487,40.6685],[-73.3476,40.6702],[-73.3506,40.6817],[-73.3457,40.6722],[-73.3413,40.6707],[-73.3375,40.6749],[-73.3375,40.677],[-73.3361,40.6747],[-73.3333,40.676],[-73.3315,40.6782],[-73.3331,40.6786],[-73.331,40.679],[-73.3332,40.6796],[-73.3297,40.6802],[-73.3317,40.6813],[-73.3301,40.6807],[-73.3306,40.6858],[-73.3289,40.6838],[-73.3277,40.686],[-73.3288,40.6913],[-73.3312,40.6923],[-73.3288,40.6917],[-73.3286,40.6948],[-73.3266,40.6858],[-73.3276,40.6819],[-73.3248,40.6807],[-73.3234,40.6809],[-73.3249,40.6852],[-73.3221,40.681],[-73.3239,40.6854],[-73.3208,40.681],[-73.3228,40.6857],[-73.3206,40.6813],[-73.3143,40.6804],[-73.3163,40.6818],[-73.3151,40.6822],[-73.3154,40.6854],[-73.3139,40.686],[-73.3181,40.6867],[-73.3178,40.6887],[-73.3195,40.69],[-73.3185,40.695],[-73.3181,40.6899],[-73.3152,40.687],[-73.3153,40.691],[-73.314,40.6872],[-73.3147,40.6921],[-73.3136,40.6922],[-73.3137,40.6872],[-73.3125,40.6919],[-73.3124,40.6885],[-73.311,40.6875],[-73.3096,40.6919],[-73.3101,40.6875],[-73.3086,40.6872],[-73.3075,40.6908],[-73.3075,40.687],[-73.3057,40.6912],[-73.3072,40.687],[-73.3042,40.6868],[-73.3049,40.6898],[-73.3039,40.6871],[-73.3028,40.6875],[-73.3011,40.6958],[-73.3009,40.6896],[-73.2992,40.6897],[-73.301,40.6886],[-73.2991,40.6886],[-73.3015,40.6883],[-73.299,40.6876],[-73.3006,40.6873],[-73.2994,40.6856],[-73.2975,40.6854],[-73.2983,40.6902],[-73.2972,40.6854],[-73.2917,40.6851],[-73.2919,40.6877],[-73.2911,40.6851],[-73.2881,40.6845],[-73.2892,40.6864],[-73.2881,40.6876],[-73.2893,40.6878],[-73.288,40.6891],[-73.2898,40.6919],[-73.2878,40.6879],[-73.2864,40.6879],[-73.2878,40.6876],[-73.2877,40.6847],[-73.2844,40.6864],[-73.2779,40.6847],[-73.2739,40.69],[-73.2778,40.6943],[-73.2737,40.6904],[-73.2663,40.6954],[-73.2607,40.6961],[-73.256,40.7008],[-73.25,40.6977],[-73.2466,40.7001],[-73.2589,40.7113],[-73.2453,40.7006],[-73.2483,40.7026],[-73.2492,40.7059],[-73.247,40.7045],[-73.2486,40.7084],[-73.2527,40.71],[-73.2541,40.7157],[-73.247,40.7054],[-73.245,40.7059],[-73.2466,40.7096],[-73.245,40.7063],[-73.2403,40.7065],[-73.2372,40.7089],[-73.2435,40.7078],[-73.241,40.7084],[-73.2416,40.7097],[-73.2397,40.7094],[-73.2503,40.7174],[-73.2395,40.7097],[-73.2408,40.7115],[-73.2397,40.7139],[-73.2435,40.7202],[-73.2417,40.7176],[-73.2413,40.7201],[-73.24,40.7165],[-73.2397,40.7197],[-73.2387,40.7177],[-73.24,40.7154],[-73.2356,40.7091],[-73.231,40.7227],[-73.2325,40.7146],[-73.2289,40.7131],[-73.2254,40.7155],[-73.2246,40.7253],[-73.2236,40.7227],[-73.2207,40.7248],[-73.2233,40.7213],[-73.2247,40.7061],[-73.222,40.7035],[-73.2209,40.7093],[-73.2216,40.703],[-73.2197,40.7023],[-73.2187,40.7073],[-73.2176,40.7067],[-73.2186,40.7026],[-73.2169,40.7024],[-73.2165,40.7063],[-73.2163,40.7024],[-73.2138,40.7018],[-73.2066,40.706],[-73.2078,40.7076],[-73.2061,40.7064],[-73.2031,40.7221],[-73.2023,40.7187],[-73.2011,40.7185],[-73.2024,40.7166],[-73.2022,40.7123],[-73.2002,40.7119],[-73.2023,40.7114],[-73.2044,40.7083],[-73.2015,40.704],[-73.1919,40.7011],[-73.1875,40.7042],[-73.1895,40.7089],[-73.1877,40.707],[-73.1862,40.7103],[-73.1813,40.714],[-73.1877,40.706],[-73.186,40.7019],[-73.1738,40.6962],[-73.1725,40.7026],[-73.1735,40.6967],[-73.1669,40.6946],[-73.148,40.6948],[-73.1434,40.7092],[-73.1344,40.7153],[-73.1365,40.7173],[-73.1382,40.716],[-73.1397,40.7169],[-73.1405,40.7182],[-73.1385,40.7184],[-73.1412,40.7207],[-73.1548,40.7232],[-73.1591,40.7275],[-73.1603,40.7346],[-73.1566,40.7394],[-73.156,40.7428],[-73.1535,40.7414],[-73.1491,40.7435],[-73.1512,40.7452],[-73.1503,40.7459],[-73.148,40.7444],[-73.146,40.7458],[-73.1489,40.7419],[-73.1543,40.7395],[-73.1542,40.7377],[-73.1575,40.7342],[-73.1555,40.7269],[-73.153,40.7248],[-73.1487,40.7248],[-73.1491,40.7268],[-73.1477,40.7247],[-73.1474,40.7261],[-73.1417,40.7247],[-73.1349,40.7261],[-73.1325,40.7242],[-73.1247,40.7236],[-73.1247,40.7256],[-73.13,40.7297],[-73.129,40.7322],[-73.1314,40.7328],[-73.129,40.7325],[-73.131,40.7339],[-73.1285,40.7344],[-73.1307,40.735],[-73.1283,40.735],[-73.1304,40.7365],[-73.1279,40.737],[-73.1302,40.7383],[-73.1272,40.7372],[-73.1287,40.7309],[-73.1298,40.731],[-73.1266,40.7274],[-73.1238,40.7262],[-73.1234,40.732],[-73.1214,40.7339],[-73.1215,40.7251],[-73.105,40.7165],[-73.0955,40.7199],[-73.094,40.7201],[-73.0936,40.7185],[-73.0935,40.7205],[-73.0897,40.7204],[-73.0913,40.7229],[-73.0917,40.7297],[-73.0905,40.7253],[-73.0908,40.7296],[-73.09,40.7285],[-73.0893,40.7245],[-73.0906,40.723],[-73.0894,40.7221],[-73.0894,40.7235],[-73.089,40.7204],[-73.0698,40.7226],[-73.0714,40.7275],[-73.0737,40.7289],[-73.0719,40.7321],[-73.0728,40.7349],[-73.0706,40.731],[-73.073,40.7298],[-73.0705,40.7251],[-73.0673,40.7264],[-73.0682,40.7239],[-73.0697,40.7239],[-73.0691,40.7227],[-73.063,40.7267],[-73.0574,40.7269],[-73.0567,40.7285],[-73.0567,40.7272],[-73.0536,40.7272],[-73.0518,40.7342],[-73.0512,40.7315],[-73.053,40.7274],[-73.0485,40.7292],[-73.037,40.7295],[-73.0381,40.7339],[-73.0365,40.7295],[-73.0349,40.7295],[-73.0333,40.7377],[-73.0312,40.7387],[-73.0273,40.7451],[-73.0229,40.7482],[-73.0178,40.749],[-73.0179,40.752],[-73.0194,40.7521],[-73.0184,40.7551],[-73.0198,40.7609],[-73.0176,40.7575],[-73.0161,40.7472],[-73.0149,40.7474],[-73.0156,40.75],[-73.0107,40.7487],[-73.0097,40.7469],[-73.0101,40.7484],[-73.0077,40.749],[-72.9981,40.7475],[-73.0002,40.7525],[-72.9975,40.7594],[-72.9975,40.7545],[-72.9994,40.7523],[-72.9975,40.7517],[-72.9978,40.7486],[-72.9876,40.75],[-72.9892,40.7528],[-72.9866,40.7489],[-72.9803,40.7488],[-72.9663,40.7431],[-72.9635,40.7428],[-72.9625,40.7449],[-72.9628,40.7428],[-72.9448,40.7404],[-72.9442,40.745],[-72.9356,40.7515],[-72.9326,40.7521],[-72.9335,40.7531],[-72.9316,40.7555],[-72.9212,40.7609],[-72.9242,40.7607],[-72.9226,40.7619],[-72.925,40.7616],[-72.9238,40.7634],[-72.926,40.7628],[-72.9238,40.7641],[-72.9206,40.7622],[-72.9171,40.7733],[-72.9179,40.7657],[-72.9221,40.7596],[-72.918,40.7602],[-72.9078,40.7575],[-72.8944,40.76],[-72.8934,40.7612],[-72.8946,40.7603],[-72.8954,40.7619],[-72.8929,40.7667],[-72.896,40.7688],[-72.8954,40.7713],[-72.8983,40.7708],[-72.8965,40.7713],[-72.8971,40.7732],[-72.8954,40.7716],[-72.8963,40.7739],[-72.8945,40.7778],[-72.8924,40.7787],[-72.8948,40.7818],[-72.8902,40.7826],[-72.889,40.7884],[-72.8861,40.7897],[-72.8874,40.7912],[-72.884,40.7963],[-72.8839,40.7946],[-72.882,40.7966],[-72.8821,40.7915],[-72.8833,40.7904],[-72.8826,40.7947],[-72.8847,40.7937],[-72.8839,40.7924],[-72.8859,40.7914],[-72.8856,40.7894],[-72.8884,40.7882],[-72.8875,40.7864],[-72.8899,40.7857],[-72.8896,40.7824],[-72.8939,40.7816],[-72.8916,40.779],[-72.8939,40.7776],[-72.8939,40.7747],[-72.8956,40.7733],[-72.8935,40.7714],[-72.894,40.7696],[-72.8897,40.7682],[-72.8896,40.7659],[-72.8862,40.766],[-72.8875,40.7632],[-72.8856,40.7627],[-72.8886,40.7627],[-72.8835,40.757],[-72.8819,40.7424],[-72.8735,40.7375],[-72.8752,40.7397],[-72.8738,40.7448],[-72.8734,40.7404],[-72.8683,40.7401],[-72.8668,40.7415],[-72.8692,40.743],[-72.8666,40.7439],[-72.8698,40.7439],[-72.8668,40.745],[-72.8703,40.7451],[-72.8671,40.7461],[-72.8705,40.7459],[-72.8674,40.7463],[-72.8706,40.747],[-72.8679,40.7474],[-72.8706,40.7481],[-72.8681,40.7486],[-72.869,40.7521],[-72.8664,40.746],[-72.8659,40.747],[-72.8639,40.7458],[-72.8616,40.7495],[-72.8623,40.7458],[-72.8594,40.7459],[-72.8605,40.744],[-72.8532,40.7451],[-72.8512,40.7483],[-72.8561,40.7468],[-72.8513,40.7487],[-72.852,40.7457],[-72.8495,40.7478],[-72.848,40.746],[-72.8454,40.7472],[-72.8447,40.7502],[-72.8506,40.7614],[-72.8461,40.7545],[-72.845,40.7551],[-72.8442,40.7533],[-72.8404,40.7523],[-72.8401,40.7549],[-72.8391,40.7534],[-72.8366,40.7537],[-72.8336,40.7573],[-72.8347,40.761],[-72.8324,40.7577],[-72.8281,40.7581],[-72.828,40.7619],[-72.8271,40.7586],[-72.8231,40.7595],[-72.8208,40.7581],[-72.8208,40.7598],[-72.8169,40.7593],[-72.8147,40.7617],[-72.8159,40.7627],[-72.8125,40.7624],[-72.8115,40.764],[-72.8118,40.7716],[-72.8131,40.7719],[-72.8133,40.77],[-72.8163,40.7718],[-72.8264,40.7727],[-72.8158,40.7731],[-72.8134,40.7715],[-72.814,40.7771],[-72.8269,40.7778],[-72.8222,40.7768],[-72.8169,40.7785],[-72.8211,40.781],[-72.82,40.7832],[-72.8282,40.7877],[-72.8383,40.7871],[-72.8276,40.7893],[-72.8315,40.7947],[-72.8378,40.7956],[-72.8314,40.7954],[-72.8322,40.8023],[-72.8304,40.8022],[-72.8282,40.7955],[-72.8246,40.7988],[-72.8258,40.7921],[-72.8194,40.7899],[-72.8197,40.786],[-72.8165,40.7919],[-72.8167,40.797],[-72.8141,40.7995],[-72.8162,40.7961],[-72.8152,40.7912],[-72.8171,40.7847],[-72.8096,40.7793],[-72.81,40.7778],[-72.8077,40.7773],[-72.8052,40.7831],[-72.8027,40.7846],[-72.8042,40.785],[-72.8064,40.7825],[-72.8085,40.7844],[-72.8097,40.7879],[-72.8074,40.7955],[-72.8057,40.7975],[-72.8065,40.7956],[-72.8048,40.7954],[-72.8066,40.7953],[-72.805,40.795],[-72.8067,40.7948],[-72.8082,40.791],[-72.806,40.7848],[-72.7948,40.7992],[-72.8019,40.7893],[-72.8021,40.7846],[-72.7975,40.7848],[-72.7964,40.7883],[-72.7967,40.7859],[-72.7907,40.7839],[-72.7914,40.7858],[-72.7851,40.7955],[-72.7885,40.7876],[-72.7908,40.7859],[-72.7902,40.7838],[-72.7633,40.782],[-72.7603,40.7843],[-72.7529,40.7839],[-72.7599,40.7894],[-72.7649,40.7912],[-72.7626,40.7933],[-72.7632,40.7969],[-72.7624,40.7949],[-72.761,40.7948],[-72.7611,40.7965],[-72.7605,40.7936],[-72.7564,40.7932],[-72.7543,40.7904],[-72.7511,40.7933],[-72.7519,40.7895],[-72.7505,40.7872],[-72.7445,40.7879],[-72.747,40.7947],[-72.7506,40.7935],[-72.7535,40.7956],[-72.754,40.8001],[-72.7565,40.8009],[-72.7543,40.8003],[-72.7538,40.8023],[-72.7478,40.803],[-72.7429,40.8019],[-72.742,40.8001],[-72.7327,40.7996],[-72.7324,40.8086],[-72.7286,40.8147],[-72.7308,40.8122],[-72.7416,40.8222],[-72.7319,40.8147],[-72.7277,40.8254],[-72.7283,40.8148],[-72.7242,40.8156],[-72.7239,40.8174],[-72.7184,40.8223],[-72.724,40.8163],[-72.7233,40.8132],[-72.7249,40.8124],[-72.7232,40.808],[-72.7211,40.8063],[-72.7152,40.8116],[-72.7209,40.8057],[-72.7138,40.8007],[-72.7125,40.8024],[-72.7133,40.801],[-72.7103,40.7993],[-72.7081,40.8023],[-72.7094,40.8001],[-72.7077,40.7993],[-72.7096,40.7992],[-72.7003,40.7967],[-72.6931,40.7972],[-72.6942,40.7995],[-72.692,40.8038],[-72.6927,40.8083],[-72.6903,40.8088],[-72.6912,40.8177],[-72.69,40.8033],[-72.6848,40.8037],[-72.6791,40.8014],[-72.6788,40.8049],[-72.678,40.8013],[-72.6759,40.8008],[-72.6729,40.8033],[-72.6686,40.8032],[-72.6612,40.8227],[-72.6659,40.8081],[-72.6637,40.8099],[-72.6642,40.8053],[-72.6613,40.8051],[-72.6579,40.809],[-72.662,40.8033],[-72.6536,40.7977],[-72.6474,40.7976],[-72.6471,40.8004],[-72.6469,40.7974],[-72.6454,40.797],[-72.6417,40.7994],[-72.6405,40.8034],[-72.6416,40.806],[-72.6396,40.8058],[-72.6394,40.803],[-72.6357,40.8024],[-72.6343,40.799],[-72.6263,40.8021],[-72.6272,40.8039],[-72.6255,40.8066],[-72.6326,40.8089],[-72.6341,40.8124],[-72.6369,40.8144],[-72.6369,40.8178],[-72.6312,40.8105],[-72.6257,40.8106],[-72.6242,40.8212],[-72.6235,40.8228],[-72.6238,40.8208],[-72.6221,40.8204],[-72.6188,40.8229],[-72.6179,40.8319],[-72.6167,40.8312],[-72.6172,40.8236],[-72.6186,40.8226],[-72.6177,40.8206],[-72.6215,40.8161],[-72.6192,40.8114],[-72.6163,40.812],[-72.6165,40.8083],[-72.6137,40.8106],[-72.6101,40.8081],[-72.6096,40.8097],[-72.6102,40.8067],[-72.6076,40.8063],[-72.6013,40.8081],[-72.602,40.8122],[-72.5998,40.811],[-72.6002,40.8087],[-72.5971,40.8091],[-72.5937,40.8114],[-72.5946,40.8126],[-72.5932,40.8115],[-72.5846,40.8152],[-72.5842,40.8168],[-72.5951,40.8223],[-72.5924,40.821],[-72.5804,40.8208],[-72.5794,40.8225],[-72.5805,40.8238],[-72.5847,40.8252],[-72.5826,40.8258],[-72.5825,40.8247],[-72.5803,40.8262],[-72.5798,40.8293],[-72.59,40.8307],[-72.5829,40.8312],[-72.5825,40.8324],[-72.5871,40.8354],[-72.5739,40.83],[-72.5727,40.8354],[-72.5796,40.8381],[-72.5739,40.836],[-72.5711,40.8405],[-72.5716,40.8436],[-72.5776,40.8475],[-72.573,40.8466],[-72.572,40.8482],[-72.5722,40.8465],[-72.5694,40.845],[-72.5677,40.8417],[-72.5619,40.8397],[-72.5573,40.8394],[-72.558,40.8439],[-72.556,40.8396],[-72.5568,40.8441],[-72.555,40.8397],[-72.5544,40.8442],[-72.5546,40.8398],[-72.5531,40.8441],[-72.5525,40.8397],[-72.5519,40.8439],[-72.5521,40.8396],[-72.5503,40.8379],[-72.5503,40.8486],[-72.5554,40.851],[-72.5503,40.849],[-72.5453,40.8545],[-72.5475,40.8562],[-72.5451,40.8547],[-72.5421,40.8573],[-72.5408,40.8612],[-72.5414,40.8669],[-72.544,40.8696],[-72.54,40.8683],[-72.5394,40.8669],[-72.5409,40.8666],[-72.5379,40.8659],[-72.5354,40.8633],[-72.5323,40.8632],[-72.5332,40.8621],[-72.5291,40.8574],[-72.5305,40.8548],[-72.5366,40.8512],[-72.5186,40.8456],[-72.5233,40.8478],[-72.5246,40.8521],[-72.5262,40.8519],[-72.5249,40.8542],[-72.527,40.862],[-72.5253,40.8571],[-72.5232,40.8581],[-72.5248,40.856],[-72.5209,40.8536],[-72.5207,40.8516],[-72.5168,40.8525],[-72.5157,40.8575],[-72.516,40.8518],[-72.5087,40.8502],[-72.5067,40.8539],[-72.5083,40.8502],[-72.5054,40.8499],[-72.5014,40.8462],[-72.5031,40.8499],[-72.5022,40.8543],[-72.492,40.8675],[-72.4907,40.8728],[-72.4919,40.8745],[-72.4925,40.8726],[-72.4969,40.8742],[-72.5011,40.8772],[-72.5036,40.8978],[-72.5052,40.8963],[-72.5116,40.8978],[-72.5508,40.9143],[-72.5592,40.9141],[-72.5682,40.9179],[-72.564,40.9152],[-72.5641,40.9137],[-72.5654,40.9109],[-72.5714,40.9072],[-72.5828,40.9088],[-72.5858,40.9109],[-72.5958,40.9105],[-72.5994,40.9171],[-72.6014,40.9162],[-72.601,40.913],[-72.601,40.9145],[-72.6036,40.9141],[-72.6013,40.9156],[-72.6118,40.9119],[-72.6123,40.9054],[-72.613,40.9073],[-72.6162,40.9057],[-72.6157,40.904],[-72.6177,40.9057],[-72.6197,40.9044],[-72.621,40.9053],[-72.619,40.905],[-72.6183,40.9103],[-72.621,40.9095],[-72.6228,40.9118],[-72.6272,40.9111],[-72.6188,40.9149],[-72.6205,40.9162],[-72.6184,40.9186],[-72.6143,40.9183],[-72.6131,40.9199],[-72.6278,40.9188],[-72.6328,40.9158],[-72.6341,40.9189],[-72.6318,40.9197],[-72.6316,40.9185],[-72.6275,40.9212],[-72.6202,40.9226],[-72.618,40.9261],[-72.6148,40.9257],[-72.6142,40.9275],[-72.6169,40.9293],[-72.6193,40.9261],[-72.6186,40.9276],[-72.6204,40.9294],[-72.6317,40.9321],[-72.6215,40.9301],[-72.6203,40.9348],[-72.6168,40.9299],[-72.6193,40.9366],[-72.6187,40.9389],[-72.6156,40.9338],[-72.6149,40.9288],[-72.6114,40.9311],[-72.6089,40.9384],[-72.6081,40.9362],[-72.6095,40.9365],[-72.6093,40.9343],[-72.6076,40.9323],[-72.6003,40.9343],[-72.5909,40.9294],[-72.5883,40.9317],[-72.5905,40.9348],[-72.589,40.936],[-72.588,40.9319],[-72.5822,40.9351],[-72.5757,40.9335],[-72.5713,40.9377],[-72.5692,40.9379],[-72.5683,40.9416],[-72.5648,40.9448],[-72.5574,40.9477],[-72.5536,40.9527],[-72.5487,40.9547],[-72.5381,40.9713],[-72.5279,40.9787],[-72.5289,40.981],[-72.5322,40.9822],[-72.5314,40.9858],[-72.5358,40.9859],[-72.5311,40.9861],[-72.5314,40.9822],[-72.5273,40.9835],[-72.5291,40.9819],[-72.5271,40.9813],[-72.5282,40.9795],[-72.5067,40.9844],[-72.5048,40.9867],[-72.5069,40.9853],[-72.5161,40.9885],[-72.5128,40.9899],[-72.5154,40.9906],[-72.5153,40.9923],[-72.5131,40.9924],[-72.5123,40.9886],[-72.5064,40.9855],[-72.4943,40.9914],[-72.4949,40.9978],[-72.4919,40.9951],[-72.4959,40.9901],[-72.4821,40.9909],[-72.4837,40.9895],[-72.4799,40.9887],[-72.4703,40.9897],[-72.4722,40.9959],[-72.4689,41.003],[-72.4713,41.0026],[-72.4786,41.0069],[-72.478,41.0095],[-72.4754,41.01],[-72.473,41.0059],[-72.4742,41.0051],[-72.4686,41.0034],[-72.4602,41.0082],[-72.4618,41.008],[-72.4636,41.0103],[-72.4686,41.0097],[-72.4682,41.0121],[-72.4734,41.0146],[-72.4697,41.0155],[-72.4734,41.0217],[-72.4717,41.0215],[-72.4654,41.0114],[-72.4625,41.0105],[-72.4602,41.0121],[-72.4621,41.018],[-72.4611,41.0208],[-72.4618,41.0179],[-72.4585,41.013],[-72.4591,41.0114],[-72.4521,41.013],[-72.4552,41.0078],[-72.4598,41.0086],[-72.4531,41.0041],[-72.4533,41.0005],[-72.4552,41.0035],[-72.4562,41.0015],[-72.4362,40.9886],[-72.4337,40.9853],[-72.4474,41.0158],[-72.4463,41.0248],[-72.4387,41.0304],[-72.4361,41.0357],[-72.4289,41.0332],[-72.4259,41.034],[-72.4298,41.0342],[-72.4254,41.035],[-72.4277,41.0381],[-72.4314,41.0394],[-72.4252,41.0387],[-72.4271,41.0396],[-72.4256,41.0413],[-72.4261,41.0396],[-72.4247,41.0407],[-72.4247,41.0385],[-72.4222,41.0381],[-72.4239,41.0362],[-72.4197,41.0381],[-72.4177,41.0356],[-72.4155,41.0357],[-72.421,41.0331],[-72.425,41.0344],[-72.424,41.0332],[-72.4031,41.0298],[-72.4018,41.0303],[-72.4023,41.0323],[-72.4017,41.0298],[-72.3985,41.0296],[-72.3995,41.0309],[-72.3974,41.0294],[-72.391,41.0297],[-72.3932,41.0319],[-72.3948,41.0307],[-72.398,41.0315],[-72.3939,41.0315],[-72.3952,41.0332],[-72.3935,41.0327],[-72.393,41.0351],[-72.3952,41.0363],[-72.3932,41.0355],[-72.3933,41.0367],[-72.3903,41.0343],[-72.3929,41.0322],[-72.3902,41.0299],[-72.3863,41.0327],[-72.3891,41.0402],[-72.3834,41.0497],[-72.3939,41.0483],[-72.4048,41.0519],[-72.4143,41.052],[-72.4138,41.0501],[-72.4203,41.0477],[-72.4229,41.0442],[-72.4263,41.0427],[-72.4282,41.0444],[-72.4258,41.0467],[-72.4316,41.046],[-72.4256,41.0475],[-72.4257,41.0495],[-72.4213,41.0491],[-72.4184,41.0514],[-72.4143,41.0502],[-72.4158,41.0539],[-72.4145,41.0587],[-72.4165,41.0561],[-72.4194,41.0574],[-72.4283,41.0546],[-72.4331,41.0556],[-72.4266,41.0555],[-72.4232,41.0569],[-72.4236,41.0589],[-72.4188,41.0585],[-72.4191,41.0603],[-72.4247,41.0626],[-72.4211,41.0628],[-72.4207,41.0642],[-72.4201,41.0626],[-72.4135,41.0597],[-72.4112,41.0643],[-72.4066,41.067],[-72.4002,41.076],[-72.3851,41.079],[-72.3848,41.0803],[-72.3754,41.0766],[-72.3787,41.0778],[-72.3747,41.0798],[-72.3756,41.0812],[-72.3833,41.0873],[-72.3746,41.0947],[-72.3687,41.0941],[-72.3644,41.0918],[-72.362,41.0957],[-72.3632,41.0959],[-72.3625,41.0995],[-72.3604,41.0997],[-72.3618,41.1006],[-72.3561,41.1027],[-72.3572,41.1039],[-72.3559,41.1065],[-72.3619,41.1092],[-72.36,41.1097],[-72.3617,41.1129],[-72.3605,41.1122],[-72.3593,41.1136],[-72.3596,41.1108],[-72.3579,41.1118],[-72.3587,41.1099],[-72.3526,41.1082],[-72.3567,41.1071],[-72.3506,41.1062],[-72.3475,41.1034],[-72.3508,41.1071],[-72.3483,41.1111],[-72.3499,41.1121],[-72.3505,41.1106],[-72.3498,41.1116],[-72.3527,41.1159],[-72.3559,41.1177],[-72.3519,41.1153],[-72.3511,41.1175],[-72.3512,41.1149],[-72.3482,41.1113],[-72.3461,41.113],[-72.3414,41.1126],[-72.337,41.1177],[-72.3408,41.1192],[-72.3379,41.1186],[-72.3367,41.1199],[-72.3362,41.1182],[-72.3275,41.1317],[-72.3158,41.1402],[-72.3077,41.14],[-72.3078,41.1413],[-72.3115,41.1422],[-72.3114,41.141],[-72.3144,41.142],[-72.3177,41.1399],[-72.316,41.142],[-72.3093,41.1431],[-72.3012,41.1327],[-72.2833,41.1267],[-72.2835,41.1291],[-72.2871,41.129],[-72.2882,41.1325],[-72.2835,41.1306],[-72.2827,41.1317],[-72.2842,41.1337],[-72.283,41.1334],[-72.279,41.1297],[-72.2822,41.1391],[-72.2838,41.1397],[-72.281,41.1471],[-72.2812,41.1421],[-72.2788,41.1383],[-72.2769,41.1382],[-72.2716,41.1427],[-72.2757,41.1403],[-72.2749,41.1393],[-72.2694,41.1415],[-72.2648,41.1396],[-72.2626,41.1403],[-72.2619,41.1422],[-72.2633,41.1425],[-72.262,41.1429],[-72.2617,41.1401],[-72.2631,41.1394],[-72.2601,41.1367],[-72.2569,41.1381],[-72.2559,41.1427],[-72.2508,41.1455],[-72.2487,41.1478],[-72.2494,41.1489],[-72.2479,41.1481],[-72.2543,41.1411],[-72.2564,41.1341],[-72.2582,41.1339],[-72.256,41.1358],[-72.2589,41.1366],[-72.2678,41.13],[-72.2805,41.125],[-72.284,41.1253],[-72.3002,41.1117],[-72.2798,41.1217],[-72.2698,41.1285],[-72.2587,41.1307],[-72.2541,41.1348],[-72.2526,41.1411],[-72.2426,41.1533],[-72.231,41.1613],[-72.2382,41.1595],[-72.2453,41.1612],[-72.2505,41.1606],[-72.2681,41.1542],[-72.273,41.155],[-72.2782,41.1587],[-72.2879,41.1569],[-72.3,41.1526],[-72.3072,41.1471],[-72.3128,41.148],[-72.3181,41.1417],[-72.3271,41.1375],[-72.3333,41.138],[-72.3396,41.1411],[-72.3539,41.1396],[-72.3563,41.1332],[-72.3624,41.1257],[-72.3715,41.1196],[-72.3761,41.1189],[-72.3827,41.1148],[-72.3879,41.1045],[-72.3965,41.0966],[-72.4102,41.0924],[-72.4179,41.088],[-72.4356,41.086],[-72.4423,41.0869],[-72.447,41.0855],[-72.4593,41.0683],[-72.4739,41.0543],[-72.5058,41.0425],[-72.5187,41.04],[-72.5545,41.0158],[-72.5579,41.0142],[-72.5596,41.0155],[-72.5574,41.0128],[-72.5488,41.0144],[-72.551,41.0139],[-72.5479,41.0115],[-72.5478,41.0132],[-72.5475,41.0098],[-72.5488,41.0116],[-72.5497,41.0108],[-72.5467,41.0079],[-72.5469,41.0053],[-72.5422,40.9971],[-72.539,40.9983],[-72.536,41.004],[-72.5357,41.0015],[-72.5375,41.0008],[-72.539,40.9961],[-72.5361,40.9962],[-72.5388,40.9925],[-72.5417,40.9952],[-72.5449,40.9952],[-72.545,40.9977],[-72.5546,40.9958],[-72.5568,40.9972],[-72.5502,40.9974],[-72.5456,41.0008],[-72.5474,41.0026],[-72.55,41.0128],[-72.5541,41.0142],[-72.5579,41.0122],[-72.561,41.0155],[-72.5654,41.0095],[-72.5853,40.9976],[-72.6235,40.9851],[-72.6405,40.9811],[-72.669,40.9791],[-72.6857,40.9807],[-72.6983,40.9796],[-72.7312,40.9717],[-72.7741,40.9653],[-72.8119,40.9677],[-72.8298,40.9703],[-72.8618,40.9658],[-72.8638,40.9654],[-72.8635,40.9642],[-72.8658,40.9655],[-72.866,40.9628],[-72.867,40.9655],[-72.8883,40.963],[-72.9138,40.9625],[-72.9692,40.9669],[-73.0432,40.965],[-73.0397,40.9599],[-73.0364,40.9605],[-73.0353,40.9637],[-73.0335,40.9635],[-73.0353,40.9631],[-73.0359,40.9608],[-73.0332,40.96],[-73.0299,40.962],[-73.0304,40.9632],[-73.0285,40.9621],[-73.027,40.964],[-73.024,40.9638],[-73.0231,40.963],[-73.0261,40.9624],[-73.0231,40.9627],[-73.0223,40.9613],[-73.0204,40.9625],[-73.0246,40.9548],[-73.0306,40.9536],[-73.0327,40.9506],[-73.0398,40.9549],[-73.0408,40.9575],[-73.0426,40.9568],[-73.041,40.9543],[-73.0437,40.9533],[-73.0454,40.9543],[-73.0437,40.9573],[-73.041,40.9577],[-73.0426,40.962],[-73.0576,40.9654],[-73.0768,40.9727],[-73.0919,40.9723],[-73.09,40.9697],[-73.0837,40.9712],[-73.0809,40.9681],[-73.0795,40.9683],[-73.0791,40.9714],[-73.0748,40.9712],[-73.074,40.9686],[-73.0796,40.9657],[-73.0672,40.951],[-73.0728,40.9463],[-73.0775,40.951],[-73.0963,40.9581],[-73.0988,40.9564],[-73.095,40.9506],[-73.0975,40.9513],[-73.103,40.948],[-73.1019,40.9436],[-73.1067,40.9493],[-73.1121,40.9497],[-73.1142,40.9543],[-73.1105,40.9545],[-73.1075,40.9525],[-73.1075,40.9503],[-73.1012,40.9527],[-73.1018,40.9566],[-73.0999,40.9604],[-73.1022,40.962],[-73.1063,40.9615],[-73.1088,40.9683],[-73.1129,40.9702],[-73.115,40.9653],[-73.1187,40.9632],[-73.1158,40.9576],[-73.1185,40.9521],[-73.1166,40.9474],[-73.1195,40.9534],[-73.1233,40.9543],[-73.1262,40.9529],[-73.1283,40.9593],[-73.1174,40.9666],[-73.1159,40.9709],[-73.1143,40.9711],[-73.115,40.9737],[-73.113,40.9709],[-73.1105,40.9714],[-73.1048,40.9679],[-73.0958,40.9671],[-73.0937,40.9656],[-73.0909,40.9665],[-73.0937,40.9678],[-73.0938,40.9694],[-73.104,40.9695],[-73.1187,40.9772],[-73.1303,40.9689],[-73.1371,40.9665],[-73.1351,40.964],[-73.1337,40.9664],[-73.1336,40.9643],[-73.1379,40.9614],[-73.146,40.9621],[-73.1488,40.9638],[-73.147,40.9646],[-73.1432,40.9628],[-73.1373,40.9657],[-73.1378,40.9669],[-73.147,40.966],[-73.1582,40.9677],[-73.159,40.9664],[-73.1539,40.9612],[-73.1472,40.9589],[-73.1447,40.9559],[-73.1447,40.9449],[-73.148,40.9263],[-73.1444,40.9282],[-73.1432,40.9333],[-73.1444,40.9357],[-73.1435,40.937],[-73.1419,40.9362],[-73.1404,40.9391],[-73.1408,40.9432],[-73.1429,40.9433],[-73.1381,40.9463],[-73.1408,40.9375],[-73.144,40.9356],[-73.1418,40.9336],[-73.14,40.9342],[-73.1399,40.9313],[-73.1404,40.9335],[-73.1429,40.9344],[-73.1438,40.928],[-73.1463,40.9277],[-73.1475,40.9236],[-73.1507,40.9208],[-73.1493,40.9196],[-73.1512,40.9199],[-73.1516,40.9183],[-73.1495,40.9185],[-73.1521,40.9179],[-73.1521,40.9195],[-73.1483,40.9287],[-73.1512,40.9295],[-73.1719,40.9217],[-73.194,40.9165],[-73.2293,40.9051],[-73.2214,40.9059],[-73.2219,40.9043],[-73.2197,40.905],[-73.2188,40.903],[-73.2153,40.9022],[-73.2117,40.8989],[-73.2091,40.9012],[-73.2077,40.8978],[-73.2036,40.8977],[-73.2002,40.8947],[-73.195,40.8858],[-73.1922,40.8726],[-73.1962,40.8666],[-73.199,40.8657],[-73.1983,40.8646],[-73.1999,40.8651],[-73.2062,40.8609],[-73.1964,40.8668],[-73.1935,40.8711],[-73.1963,40.8854],[-73.2022,40.8866],[-73.2067,40.8923],[-73.2094,40.8921],[-73.2109,40.8942],[-73.2123,40.8932],[-73.2118,40.8949],[-73.2181,40.898],[-73.2235,40.8976],[-73.2246,40.8955],[-73.2279,40.8951],[-73.2279,40.8973],[-73.2254,40.9002],[-73.22,40.9017],[-73.2307,40.9041],[-73.2327,40.9133],[-73.2416,40.9155],[-73.2485,40.9197],[-73.2965,40.9348],[-73.2967,40.9276],[-73.2951,40.9245],[-73.3314,40.9296],[-73.3442,40.9273],[-73.345,40.9257],[-73.3433,40.9214],[-73.3452,40.9207],[-73.3456,40.9253],[-73.366,40.9317],[-73.3745,40.9376],[-73.3929,40.9553],[-73.3998,40.9552],[-73.4022,40.9491],[-73.3997,40.9544],[-73.3981,40.9544],[-73.398,40.9503],[-73.3988,40.9483],[-73.402,40.947],[-73.4035,40.9422],[-73.403,40.9251],[-73.4062,40.9201],[-73.4051,40.9156],[-73.4055,40.9199],[-73.403,40.9239],[-73.4034,40.9183],[-73.402,40.9183],[-73.4022,40.9232],[-73.4004,40.9249],[-73.4019,40.9238],[-73.4008,40.9265],[-73.4021,40.9292],[-73.4005,40.9302],[-73.3913,40.9239],[-73.3866,40.9226],[-73.3878,40.9245],[-73.3823,40.9268],[-73.382,40.928],[-73.3842,40.9287],[-73.3835,40.9336],[-73.3849,40.9363],[-73.3772,40.9335],[-73.3781,40.9364],[-73.38,40.9369],[-73.3816,40.9428],[-73.3696,40.9311],[-73.3739,40.9336],[-73.3757,40.9298],[-73.3799,40.9278],[-73.3782,40.925],[-73.3767,40.9258],[-73.3773,40.9278],[-73.3724,40.9301],[-73.3662,40.9294],[-73.3591,40.9248],[-73.3596,40.926],[-73.3532,40.9243],[-73.3517,40.9227],[-73.3515,40.9184],[-73.3551,40.9128],[-73.3514,40.9103],[-73.3558,40.9126],[-73.3594,40.9105],[-73.3532,40.8995],[-73.3539,40.895],[-73.3577,40.8924],[-73.3541,40.8924],[-73.3557,40.8915],[-73.3545,40.8905],[-73.3605,40.8904],[-73.3613,40.8871],[-73.3628,40.8877],[-73.3636,40.895],[-73.3602,40.8998],[-73.3585,40.8981],[-73.3622,40.9045],[-73.37,40.9084],[-73.3749,40.9136],[-73.3807,40.9007],[-73.3787,40.9029],[-73.3753,40.9008],[-73.3753,40.8974],[-73.372,40.8946],[-73.373,40.893],[-73.3842,40.9013],[-73.3844,40.9039],[-73.3963,40.9089],[-73.4096,40.9042],[-73.4261,40.9063],[-73.4331,40.9056],[-73.4307,40.9052],[-73.4331,40.9023],[-73.432,40.8998],[-73.4287,40.9014],[-73.4249,40.8979],[-73.4224,40.8994],[-73.4191,40.8957],[-73.4162,40.8877],[-73.4201,40.8857],[-73.4233,40.887],[-73.4223,40.8895],[-73.4247,40.8956],[-73.4395,40.8991],[-73.4474,40.8994],[-73.4454,40.9022],[-73.4418,40.9001],[-73.4362,40.902],[-73.4329,40.909],[-73.439,40.9075],[-73.4477,40.9126],[-73.4586,40.9112],[-73.4652,40.9129],[-73.4821,40.9103],[-73.4811,40.9075],[-73.4841,40.909],[-73.4848,40.9117],[-73.481,40.913],[-73.4617,40.9148],[-73.456,40.9138],[-73.4492,40.9154],[-73.4442,40.9199],[-73.4348,40.9212],[-73.431,40.9243],[-73.4355,40.9139],[-73.4288,40.9213],[-73.4288,40.9273],[-73.4299,40.9298],[-73.4367,40.9349],[-73.4422,40.9363],[-73.4482,40.9351],[-73.4589,40.9379],[-73.4613,40.937],[-73.4784,40.9423],[-73.4854,40.9464],[-73.4924,40.9421],[-73.4935,40.9399],[-73.491,40.938],[-73.4927,40.9407],[-73.4878,40.9432],[-73.4879,40.9389],[-73.4866,40.9385],[-73.4926,40.9329],[-73.493,40.9379],[-73.4967,40.9233],[-73.4904,40.9195],[-73.4874,40.9157],[-73.4797,40.9008],[-73.4786,40.903],[-73.4762,40.9002],[-73.4764,40.8991],[-73.4779,40.9016],[-73.4792,40.901],[-73.4724,40.8913],[-73.4724,40.8816],[-73.4703,40.8745],[-73.4697,40.8757],[-73.4695,40.8739],[-73.4652,40.8717],[-73.4675,40.8748],[-73.4632,40.8705],[-73.4613,40.8704],[-73.4624,40.8596],[-73.4641,40.8595],[-73.4626,40.8673],[-73.4709,40.8677],[-73.476,40.8723],[-73.4872,40.8767],[-73.4905,40.8829],[-73.4892,40.8859],[-73.4908,40.8905],[-73.4936,40.8947],[-73.5077,40.8939],[-73.5091,40.8927],[-73.5083,40.8909],[-73.5105,40.8877],[-73.5069,40.8803],[-73.5057,40.8809],[-73.5044,40.8783],[-73.5039,40.8731],[-73.5057,40.8723],[-73.5082,40.8723],[-73.511,40.8751],[-73.5212,40.8741],[-73.5255,40.8751],[-73.5274,40.8777],[-73.5396,40.8761],[-73.5428,40.8783],[-73.5476,40.8867],[-73.5467,40.8901],[-73.5489,40.8947],[-73.5484,40.9051],[-73.5404,40.9045],[-73.5409,40.9061],[-73.537,40.9081],[-73.5359,40.9109],[-73.534,40.9089],[-73.5296,40.9129],[-73.5261,40.9123],[-73.5224,40.9087],[-73.5237,40.8959],[-73.5329,40.8903],[-73.5329,40.8855],[-73.5202,40.8867],[-73.521,40.8921],[-73.5155,40.9013],[-73.5107,40.9027],[-73.5074,40.9013],[-73.5085,40.9065],[-73.51,40.9073],[-73.5104,40.9049],[-73.5093,40.9085],[-73.511,40.9091],[-73.5115,40.9117],[-73.5193,40.9143],[-73.5218,40.9163],[-73.5218,40.9185],[-73.5276,40.9167],[-73.5282,40.9147],[-73.5468,40.9089],[-73.5661,40.9159],[-73.5699,40.9155],[-73.5771,40.9111],[-73.5943,40.9081],[-73.6001,40.9033],[-73.6083,40.9013],[-73.6128,40.9019],[-73.6136,40.8999],[-73.6175,40.8979],[-73.6271,40.8995],[-73.633,40.9025],[-73.6338,40.8983],[-73.6366,40.8961],[-73.6355,40.8933],[-73.6366,40.8947],[-73.6408,40.8929],[-73.649,40.8809],[-73.6543,40.8783],[-73.6557,40.8729],[-73.6559,40.8639],[-73.6532,40.8629],[-73.6523,40.8571],[-73.649,40.8553],[-73.6428,40.8583],[-73.6414,40.8571],[-73.6471,40.8557],[-73.6468,40.8537],[-73.6476,40.8553],[-73.6529,40.8501],[-73.6527,40.8375],[-73.648,40.8287],[-73.6472,40.8227],[-73.6432,40.8235],[-73.6468,40.8213],[-73.6474,40.8103],[-73.651,40.8041],[-73.6499,40.8011],[-73.654,40.8077],[-73.6545,40.8247],[-73.6567,40.8255],[-73.6556,40.8265],[-73.6567,40.8269],[-73.6505,40.8289],[-73.6562,40.8285],[-73.6615,40.8373],[-73.6676,40.8427],[-73.6758,40.8549],[-73.6756,40.8571],[-73.7137,40.8701],[-73.7207,40.8655],[-73.7295,40.8665],[-73.7306,40.8655],[-73.7267,40.8569],[-73.7284,40.8535],[-73.7265,40.8541],[-73.737,40.8501],[-73.737,40.8477],[-73.7293,40.8415],[-73.7293,40.8365],[-73.7275,40.8329],[-73.7279,40.8381],[-73.7256,40.8393],[-73.7212,40.8373],[-73.7137,40.8385],[-73.7118,40.8411],[-73.7085,40.8413],[-73.7132,40.8395],[-73.7077,40.8329],[-73.7073,40.8351],[-73.7043,40.8369],[-73.7057,40.8389],[-73.7045,40.8393],[-73.7036,40.8369],[-73.6993,40.8339],[-73.7019,40.8333],[-73.7027,40.8299],[-73.7041,40.8297],[-73.703,40.8293],[-73.705,40.8229],[-73.7031,40.8149],[-73.708,40.8129],[-73.7107,40.8067],[-73.7093,40.7939],[-73.7162,40.8061],[-73.7154,40.8101],[-73.7176,40.8147],[-73.7165,40.8157],[-73.7212,40.8219],[-73.7292,40.8237],[-73.732,40.8277],[-73.7397,40.8273],[-73.7389,40.8283],[-73.7431,40.8323],[-73.7484,40.8333],[-73.7531,40.8381],[-73.7566,40.8335],[-73.7564,40.8301],[-73.7524,40.8245],[-73.753,40.8213],[-73.7563,40.8179],[-73.7615,40.8169],[-73.7638,40.8141],[-73.7635,40.8077],[-73.7524,40.7991],[-73.7537,40.7979],[-73.7522,40.7868],[-73.7472,40.7841],[-73.7458,40.7813],[-73.7465,40.78],[-73.7498,40.7822],[-73.7533,40.7789],[-73.7546,40.7758],[-73.753,40.7719],[-73.7546,40.7712],[-73.754,40.7654],[-73.758,40.7668],[-73.7736,40.786],[-73.7701,40.7873],[-73.7743,40.7942],[-73.7906,40.8047],[-73.7908,40.8067],[-73.8026,40.81],[-73.8066,40.8164],[-73.8034,40.8125],[-73.7971,40.8156],[-73.8056,40.82],[-73.8071,40.8252],[-73.8136,40.8239],[-73.8127,40.8275],[-73.816,40.8358],[-73.8149,40.8403],[-73.8182,40.8439],[-73.8144,40.8432],[-73.8164,40.8538],[-73.8185,40.8567],[-73.8149,40.8583],[-73.8148,40.861],[-73.8207,40.86],[-73.8182,40.8617],[-73.8235,40.8739],[-73.8207,40.8856],[-73.8237,40.8877],[-73.8193,40.8849],[-73.8211,40.8772],[-73.82,40.8758],[-73.8216,40.8747],[-73.8188,40.8741],[-73.822,40.8746],[-73.8206,40.8734],[-73.8218,40.8704],[-73.8172,40.8671],[-73.8186,40.8693],[-73.8157,40.8703],[-73.8145,40.868],[-73.8164,40.8642],[-73.8151,40.8651],[-73.8149,40.8631],[-73.811,40.8625],[-73.8074,40.8584],[-73.8075,40.8602],[-73.8044,40.8612],[-73.8054,40.8545],[-73.7999,40.8478],[-73.7973,40.8521],[-73.7981,40.8548],[-73.7943,40.8566],[-73.7917,40.861],[-73.7901,40.8679],[-73.7836,40.8703],[-73.783,40.8734],[-73.7852,40.8718],[-73.785,40.8736],[-73.787,40.8734],[-73.7844,40.8782],[-73.7897,40.8795],[-73.789,40.8812],[-73.7929,40.8795],[-73.7944,40.8777],[-73.7931,40.8771],[-73.7944,40.8733],[-73.7972,40.8726],[-73.8019,40.8656],[-73.8088,40.8711],[-73.803,40.869],[-73.8034,40.8718],[-73.8026,40.8702],[-73.7991,40.8744],[-73.7973,40.8743],[-73.7954,40.8807],[-73.792,40.8845],[-73.7894,40.884],[-73.7871,40.8865],[-73.7861,40.8884],[-73.7892,40.8884],[-73.7831,40.8926],[-73.7859,40.8891],[-73.7817,40.8902],[-73.7809,40.8917],[-73.783,40.8933],[-73.7802,40.8936],[-73.7769,40.8963],[-73.777,40.8982],[-73.7758,40.8987],[-73.7756,40.897],[-73.7802,40.8907],[-73.7774,40.8894],[-73.7728,40.8921],[-73.7734,40.8937],[-73.7694,40.8948],[-73.7695,40.8975],[-73.7664,40.8976],[-73.7644,40.9027],[-73.7694,40.905],[-73.7675,40.9086],[-73.7725,40.9073],[-73.7699,40.9105],[-73.7734,40.9123],[-73.7708,40.913],[-73.7708,40.9148],[-73.7695,40.9152],[-73.7692,40.9118],[-73.7672,40.9131],[-73.7641,40.9117],[-73.7628,40.913],[-73.7669,40.9137],[-73.7638,40.9169],[-73.7613,40.9116],[-73.759,40.912],[-73.761,40.9088],[-73.7604,40.9071],[-73.7558,40.9133],[-73.7473,40.916],[-73.7487,40.9168],[-73.7478,40.9179],[-73.7461,40.9168],[-73.7429,40.9183],[-73.7444,40.9203],[-73.743,40.9222],[-73.7451,40.923],[-73.7436,40.9251],[-73.7456,40.9261],[-73.7436,40.9276],[-73.7458,40.9266],[-73.7445,40.9279],[-73.7455,40.9294],[-73.7437,40.9288],[-73.7427,40.9319],[-73.7454,40.9329],[-73.7443,40.9339],[-73.742,40.9312],[-73.7428,40.9278],[-73.7368,40.9306],[-73.7374,40.9322],[-73.7339,40.9322],[-73.738,40.9276],[-73.732,40.931],[-73.7303,40.9284],[-73.7338,40.928],[-73.7341,40.9216],[-73.731,40.928],[-73.7268,40.9273],[-73.7248,40.9285],[-73.7221,40.9384],[-73.726,40.9408],[-73.729,40.9414],[-73.7288,40.94],[-73.7324,40.9425],[-73.7372,40.9431],[-73.7356,40.9447],[-73.7294,40.9425],[-73.7296,40.9454],[-73.7323,40.9486],[-73.7252,40.9493],[-73.7217,40.9527],[-73.7283,40.945],[-73.726,40.9419],[-73.7237,40.9433],[-73.7242,40.9421],[-73.722,40.9415],[-73.7193,40.9433],[-73.7186,40.942],[-73.7164,40.9445],[-73.7191,40.9438],[-73.7165,40.9468],[-73.7183,40.9469],[-73.7141,40.949],[-73.7137,40.9459],[-73.7154,40.9465],[-73.7164,40.9452],[-73.708,40.9441],[-73.7023,40.9489],[-73.7018,40.9461],[-73.6995,40.9487],[-73.7019,40.9494],[-73.7012,40.9508],[-73.6973,40.9533],[-73.6987,40.9546],[-73.6958,40.9571],[-73.6945,40.955],[-73.6899,40.9597],[-73.6896,40.9574],[-73.6914,40.9577],[-73.6901,40.9565],[-73.6918,40.9567],[-73.6909,40.9551],[-73.6978,40.9403],[-73.6965,40.9398],[-73.6937,40.9423],[-73.6943,40.9439],[-73.685,40.9444],[-73.6865,40.9452],[-73.6858,40.9475],[-73.6879,40.9483],[-73.6841,40.9506],[-73.6833,40.949],[-73.6822,40.9526],[-73.6843,40.9511],[-73.6834,40.9539],[-73.6846,40.9555],[-73.6811,40.9566],[-73.6766,40.964],[-73.6709,40.9652],[-73.6714,40.9673],[-73.6681,40.9658],[-73.6645,40.9672],[-73.6621,40.9662],[-73.66,40.9684],[-73.6595,40.9747],[-73.6564,40.9779],[-73.6562,40.9812],[-73.6577,40.9825],[-73.6622,40.9815],[-73.6602,40.9821],[-73.6595,40.9786],[-73.6607,40.9786],[-73.6595,40.9759],[-73.6613,40.9754],[-73.6629,40.978],[-73.6677,40.9778],[-73.6664,40.9812],[-73.6677,40.982],[-73.6656,40.9824],[-73.6636,40.9798],[-73.6647,40.9841],[-73.6621,40.9888],[-73.6579,40.9902],[-73.6598,40.9929],[-73.6602,40.9993],[-73.6625,41.0003],[-73.6583,41.003],[-73.6554,41.0128],[-73.6473,41.008],[-73.6484,40.9978],[-73.6457,41.0006],[-73.6431,41],[-73.6432,41.0013],[-73.6453,41.0014],[-73.6446,41.0037],[-73.6396,41.0109],[-73.6412,41.0068],[-73.6396,41.0063],[-73.6388,41.0025],[-73.6346,41.0006],[-73.6306,41.0034],[-73.6276,41.0002],[-73.6233,41.0067],[-73.6244,41.0084],[-73.6233,41.0103],[-73.629,41.0134],[-73.628,41.0138],[-73.6293,41.0147],[-73.6272,41.0158],[-73.6278,41.0138],[-73.624,41.0132],[-73.6239,41.0152],[-73.6274,41.0177],[-73.6246,41.0185],[-73.625,41.0173],[-73.6232,41.0172],[-73.6227,41.0186],[-73.621,41.011],[-73.6201,41.0183],[-73.618,41.0102],[-73.6167,41.0109],[-73.6151,41.0177],[-73.6123,41.0187],[-73.6156,41.0228],[-73.6118,41.0345],[-73.6141,41.0212],[-73.6113,41.0172],[-73.6082,41.02],[-73.6127,41.0154],[-73.6127,41.0119],[-73.6155,41.011],[-73.6131,41.0088],[-73.6068,41.0122],[-73.6058,41.0148],[-73.6025,41.0159],[-73.602,41.0148],[-73.6028,41.0181],[-73.5989,41.0181],[-73.6014,41.0207],[-73.6016,41.0278],[-73.6001,41.0286],[-73.5979,41.0271],[-73.5948,41.0303],[-73.5968,41.0317],[-73.5975,41.0363],[-73.5998,41.0372],[-73.5968,41.0366],[-73.5953,41.0327],[-73.5892,41.0418],[-73.5887,41.0384],[-73.5907,41.0367],[-73.594,41.0258],[-73.5931,41.0216],[-73.5893,41.0226],[-73.5894,41.0176],[-73.5951,41.0172],[-73.5922,41.0145],[-73.5947,41.0146],[-73.5933,41.0144],[-73.594,41.012],[-73.5924,41.0122],[-73.5924,41.011],[-73.589,41.0128],[-73.5866,41.0109],[-73.5862,41.0134],[-73.5884,41.013],[-73.5863,41.0151],[-73.5852,41.0145],[-73.5859,41.0155],[-73.5835,41.0134],[-73.582,41.0145],[-73.5792,41.0202],[-73.5792,41.0162],[-73.5768,41.0187],[-73.5785,41.0207],[-73.5748,41.0207],[-73.5752,41.0271],[-73.572,41.0176],[-73.5876,41.0077],[-73.5843,41.0051],[-73.584,41.0009],[-73.5701,41.0016],[-73.5683,41.0096],[-73.5644,41.0146],[-73.5633,41.0137],[-73.5639,41.0151],[-73.562,41.0168],[-73.56,41.0167],[-73.5601,41.0155],[-73.5595,41.0169],[-73.5573,41.0166],[-73.5545,41.0222],[-73.5509,41.0222],[-73.5551,41.0234],[-73.5551,41.0255],[-73.5533,41.0233],[-73.5507,41.0255],[-73.5498,41.0308],[-73.5477,41.0283],[-73.5501,41.0268],[-73.5484,41.0224],[-73.5471,41.0224],[-73.5474,41.0262],[-73.5448,41.0252],[-73.5425,41.0292],[-73.5462,41.042],[-73.5446,41.0422],[-73.5433,41.0398],[-73.541,41.0323],[-73.5399,41.0358],[-73.5371,41.0318],[-73.5369,41.0356],[-73.5307,41.0402],[-73.5315,41.0454],[-73.5337,41.0479],[-73.5299,41.0456],[-73.5281,41.0402],[-73.5315,41.038],[-73.5299,41.0362],[-73.5319,41.0377],[-73.5335,41.0333],[-73.5342,41.035],[-73.5357,41.0328],[-73.5324,41.0327],[-73.5315,41.034],[-73.5326,41.0316],[-73.5302,41.0288],[-73.5312,41.0219],[-73.5293,41.0165],[-73.5273,41.0186],[-73.5227,41.0193],[-73.5168,41.0295],[-73.5221,41.0325],[-73.5222,41.0421],[-73.5187,41.0398],[-73.5207,41.0401],[-73.5204,41.0378],[-73.5108,41.0383],[-73.51,41.0395],[-73.5077,41.0374],[-73.5035,41.0429],[-73.503,41.0468],[-73.5017,41.0411],[-73.502,41.0429],[-73.4998,41.0428],[-73.4998,41.0457],[-73.4952,41.0478],[-73.4968,41.0478],[-73.5067,41.06],[-73.5005,41.0561],[-73.4964,41.0563],[-73.495,41.054],[-73.4903,41.0538],[-73.4913,41.0531],[-73.4889,41.0516],[-73.4913,41.0493],[-73.4929,41.0518],[-73.4964,41.0485],[-73.4936,41.049],[-73.4905,41.0451],[-73.491,41.0423],[-73.489,41.0421],[-73.4895,41.0401],[-73.4863,41.042],[-73.4895,41.0436],[-73.4841,41.0465],[-73.484,41.0504],[-73.4832,41.0495],[-73.4822,41.0513],[-73.484,41.0511],[-73.485,41.0529],[-73.4806,41.0564],[-73.4784,41.0556],[-73.4815,41.0533],[-73.4813,41.0499],[-73.4838,41.045],[-73.4791,41.0364],[-73.4774,41.036],[-73.47,41.048],[-73.4723,41.0485],[-73.4753,41.0444],[-73.4769,41.0488],[-73.4738,41.0478],[-73.4744,41.051],[-73.4689,41.0502],[-73.4667,41.0546],[-73.4755,41.0539],[-73.4754,41.0562],[-73.4753,41.0542],[-73.4712,41.0549],[-73.4701,41.0567],[-73.4719,41.056],[-73.4712,41.0569],[-73.4685,41.0577],[-73.466,41.0615],[-73.4634,41.0592],[-73.465,41.0575],[-73.4629,41.0579],[-73.4621,41.061],[-73.4602,41.0584],[-73.4534,41.0618],[-73.4573,41.0593],[-73.4582,41.0572],[-73.4559,41.0579],[-73.4613,41.0542],[-73.4616,41.0522],[-73.4534,41.0545],[-73.4535,41.0564],[-73.4469,41.0574],[-73.447,41.0607],[-73.4523,41.0588],[-73.4502,41.061],[-73.4494,41.0598],[-73.4477,41.0607],[-73.4447,41.0688],[-73.4478,41.0709],[-73.4477,41.0729],[-73.4437,41.071],[-73.4456,41.0583],[-73.4392,41.0555],[-73.4378,41.0569],[-73.4337,41.056],[-73.4342,41.0587],[-73.4329,41.0601],[-73.4368,41.0602],[-73.4358,41.0575],[-73.4381,41.0609],[-73.4412,41.0602],[-73.4409,41.0646],[-73.4401,41.0608],[-73.4358,41.0617],[-73.4342,41.0627],[-73.4321,41.0695],[-73.4301,41.0704],[-73.4297,41.0635],[-73.4247,41.0663],[-73.4246,41.072],[-73.421,41.0764],[-73.4235,41.0777],[-73.4221,41.078],[-73.4219,41.0814],[-73.4211,41.0778],[-73.4188,41.0761],[-73.4178,41.0784],[-73.416,41.0786],[-73.4172,41.0753],[-73.4147,41.0763],[-73.4134,41.0753],[-73.4124,41.0712],[-73.4086,41.0719],[-73.4083,41.0743],[-73.4075,41.0721],[-73.4084,41.0845],[-73.4115,41.0833],[-73.4114,41.0809],[-73.4159,41.0811],[-73.4107,41.0857],[-73.4122,41.0877],[-73.4103,41.0915],[-73.4127,41.0931],[-73.4167,41.1039],[-73.411,41.1074],[-73.4131,41.1093],[-73.4101,41.1148],[-73.4123,41.1184],[-73.4088,41.1132],[-73.4109,41.11],[-73.4095,41.1068],[-73.4145,41.1032],[-73.4147,41.1006],[-73.4103,41.096],[-73.4076,41.0965],[-73.4066,41.099],[-73.4038,41.0962],[-73.4043,41.0929],[-73.4021,41.0924],[-73.4004,41.094],[-73.4024,41.0868],[-73.3991,41.0868],[-73.397,41.093],[-73.3975,41.0864],[-73.3995,41.085],[-73.3987,41.083],[-73.396,41.0823],[-73.3933,41.0836],[-73.3922,41.0877],[-73.3869,41.0925],[-73.389,41.092],[-73.3873,41.0934],[-73.3896,41.0936],[-73.3915,41.0925],[-73.3899,41.098],[-73.3878,41.0986],[-73.3885,41.0954],[-73.3898,41.0957],[-73.3888,41.0946],[-73.3856,41.0968],[-73.3858,41.1006],[-73.3852,41.0993],[-73.3841,41.1003],[-73.3838,41.0985],[-73.3849,41.0927],[-73.3833,41.0956],[-73.3795,41.0952],[-73.3818,41.0968],[-73.368,41.0955],[-73.3661,41.0977],[-73.3668,41.0995],[-73.3686,41.1006],[-73.3677,41.0986],[-73.369,41.0983],[-73.3736,41.1003],[-73.3703,41.1042],[-73.3714,41.1068],[-73.3691,41.1077],[-73.3636,41.1074],[-73.3606,41.1105],[-73.3576,41.1098],[-73.3576,41.1112],[-73.3567,41.11],[-73.3566,41.1118],[-73.3573,41.1074],[-73.359,41.1077],[-73.357,41.1086],[-73.3582,41.1094],[-73.3601,41.1084],[-73.3596,41.1073],[-73.3621,41.108],[-73.3646,41.1062],[-73.3545,41.1063],[-73.3576,41.1048],[-73.353,41.1014],[-73.352,41.1053],[-73.3461,41.1085],[-73.3452,41.1108],[-73.3464,41.1128],[-73.3445,41.1142],[-73.3307,41.11],[-73.32,41.1154],[-73.3119,41.1163],[-73.3095,41.1146],[-73.2991,41.1199],[-73.299,41.1246],[-73.2868,41.1279],[-73.2846,41.1318],[-73.2758,41.1369],[-73.2744,41.1396],[-73.2761,41.1413],[-73.2728,41.1479],[-73.2721,41.1461],[-73.2752,41.1414],[-73.2737,41.1389],[-73.2771,41.1333],[-73.2829,41.1316],[-73.2861,41.1274],[-73.2785,41.1252],[-73.2767,41.1216],[-73.2738,41.12],[-73.2624,41.1175],[-73.2525,41.1249],[-73.2424,41.1278],[-73.2406,41.135],[-73.2361,41.1418],[-73.2362,41.1458],[-73.2332,41.1492],[-73.2385,41.1545],[-73.2368,41.1573],[-73.2319,41.1583],[-73.2372,41.1535],[-73.2329,41.1539],[-73.2318,41.1524],[-73.2326,41.1506],[-73.2309,41.1454],[-73.2351,41.144],[-73.2277,41.1425],[-73.2227,41.1481],[-73.2238,41.1505],[-73.218,41.1535],[-73.217,41.1557],[-73.22,41.1555],[-73.2176,41.1584],[-73.2119,41.1587],[-73.2095,41.1603],[-73.2101,41.1622],[-73.2078,41.162],[-73.2049,41.166],[-73.2012,41.1663],[-73.2048,41.1643],[-73.208,41.1592],[-73.2168,41.1533],[-73.2159,41.1446],[-73.2179,41.1421],[-73.2169,41.1413],[-73.2155,41.1425],[-73.216,41.1483],[-73.2111,41.1534],[-73.1973,41.1598],[-73.19,41.1604],[-73.1893,41.1593],[-73.1853,41.1607],[-73.1845,41.1652],[-73.1796,41.1665],[-73.1805,41.1684],[-73.1774,41.1691],[-73.1805,41.1713],[-73.1768,41.1765],[-73.1784,41.1724],[-73.1729,41.1685],[-73.1651,41.1661],[-73.1651,41.1727],[-73.1645,41.1706],[-73.1614,41.1739],[-73.1595,41.1736],[-73.1638,41.1686],[-73.1622,41.166],[-73.1599,41.1661],[-73.1641,41.1633],[-73.1584,41.162],[-73.1588,41.1607],[-73.1541,41.1567],[-73.1494,41.1559],[-73.148,41.1594],[-73.1469,41.1584],[-73.1487,41.1558],[-73.1476,41.1554],[-73.1439,41.1578],[-73.1437,41.1608],[-73.1426,41.1587],[-73.1401,41.1602],[-73.1401,41.1574],[-73.1427,41.1557],[-73.1346,41.1559],[-73.1369,41.1544],[-73.136,41.1528],[-73.1373,41.1537],[-73.1411,41.1522],[-73.1399,41.1501],[-73.1477,41.1545],[-73.1487,41.1536],[-73.1586,41.157],[-73.1672,41.1645],[-73.1717,41.1593],[-73.1303,41.1468],[-73.1179,41.1512],[-73.103,41.1514],[-73.1014,41.1546],[-73.11,41.157],[-73.1087,41.164],[-73.1104,41.1662],[-73.109,41.1669],[-73.108,41.1721],[-73.1004,41.1746],[-73.0893,41.1872],[-73.0823,41.1927],[-73.0738,41.1967],[-73.0665,41.1976],[-73.0594,41.2067],[-73.0493,41.2104],[-73.0547,41.2136],[-73.0571,41.2133],[-73.0549,41.2138],[-73.0564,41.2157],[-73.0559,41.2186],[-73.0545,41.2187],[-73.0554,41.2221],[-73.0533,41.2188],[-73.0529,41.2142],[-73.047,41.2117],[-73.0482,41.2102],[-73.046,41.2099],[-73.0379,41.2016],[-73.0355,41.2054],[-73.0295,41.2073],[-73.0226,41.2072],[-73.0204,41.2064],[-73.0202,41.2041],[-73.0149,41.2043],[-73.0075,41.2102],[-73.0037,41.2217],[-72.9913,41.2242],[-72.9862,41.2353],[-72.9798,41.2344],[-72.9782,41.2327],[-72.9752,41.2332],[-72.9671,41.2449],[-72.9625,41.248],[-72.962,41.2516],[-72.9572,41.2512],[-72.9545,41.254],[-72.9356,41.2585],[-72.9308,41.2626],[-72.9297,41.2659],[-72.9208,41.2689],[-72.9203,41.2705],[-72.9308,41.2667],[-72.9308,41.2686],[-72.9362,41.2729],[-72.9409,41.2836],[-72.9404,41.2875],[-72.9468,41.2927],[-72.9477,41.2918],[-72.9523,41.2942],[-72.9502,41.296],[-72.9509,41.2972],[-72.9494,41.2956],[-72.9517,41.2944],[-72.9482,41.2924],[-72.9465,41.2932],[-72.9401,41.2883],[-72.9388,41.2817],[-72.9338,41.282],[-72.93,41.2795],[-72.9289,41.2815],[-72.9251,41.2826],[-72.9272,41.2847],[-72.9238,41.2859],[-72.9153,41.2964],[-72.9109,41.2963],[-72.9058,41.2987],[-72.9064,41.3047],[-72.9086,41.3062],[-72.9078,41.3088],[-72.9069,41.3055],[-72.906,41.3086],[-72.9045,41.3018],[-72.8929,41.3021],[-72.9045,41.2992],[-72.9027,41.2977],[-72.9047,41.2965],[-72.9042,41.2945],[-72.906,41.2942],[-72.9046,41.2933],[-72.907,41.292],[-72.9059,41.2895],[-72.9077,41.2891],[-72.9053,41.2885],[-72.9062,41.2834],[-72.9081,41.283],[-72.9054,41.2816],[-72.9034,41.2773],[-72.9033,41.2746],[-72.9061,41.2702],[-72.8994,41.2666],[-72.8938,41.2599],[-72.8947,41.2562],[-72.903,41.2528],[-72.9052,41.2483],[-72.8954,41.2437],[-72.8948,41.2418],[-72.8906,41.2442],[-72.8845,41.2439],[-72.8812,41.2419],[-72.8745,41.2442],[-72.8613,41.2453],[-72.8525,41.2592],[-72.8529,41.2634],[-72.8555,41.2641],[-72.8537,41.2646],[-72.8512,41.2623],[-72.8516,41.2571],[-72.8526,41.258],[-72.8553,41.2523],[-72.8511,41.2526],[-72.8499,41.2569],[-72.845,41.2565],[-72.8448,41.2581],[-72.8417,41.2589],[-72.8412,41.2564],[-72.8389,41.2557],[-72.8407,41.2531],[-72.8397,41.2513],[-72.8361,41.2544],[-72.8385,41.2511],[-72.8361,41.2504],[-72.8373,41.25],[-72.8359,41.2486],[-72.8278,41.2647],[-72.8243,41.2636],[-72.825,41.262],[-72.8219,41.262],[-72.8211,41.2602],[-72.8191,41.2632],[-72.8121,41.2633],[-72.8188,41.2673],[-72.8175,41.2715],[-72.8111,41.276],[-72.8037,41.2761],[-72.8044,41.278],[-72.8031,41.2797],[-72.8047,41.2819],[-72.8024,41.2835],[-72.8038,41.2843],[-72.7992,41.2854],[-72.7962,41.2909],[-72.7939,41.2901],[-72.7925,41.2922],[-72.7935,41.2935],[-72.7922,41.2919],[-72.7937,41.2896],[-72.7953,41.2897],[-72.7984,41.2853],[-72.8033,41.2841],[-72.802,41.2838],[-72.8042,41.2818],[-72.8027,41.2801],[-72.804,41.2779],[-72.8025,41.2761],[-72.8035,41.2735],[-72.8066,41.2751],[-72.8117,41.2747],[-72.8129,41.2722],[-72.8171,41.2704],[-72.818,41.2676],[-72.8111,41.2655],[-72.8091,41.2632],[-72.8082,41.2642],[-72.8089,41.2622],[-72.8075,41.2611],[-72.8101,41.2612],[-72.811,41.2585],[-72.8146,41.2576],[-72.8169,41.2603],[-72.8205,41.2594],[-72.8245,41.2555],[-72.818,41.2529],[-72.8184,41.2485],[-72.8161,41.2512],[-72.8163,41.2497],[-72.8127,41.2515],[-72.8114,41.2514],[-72.813,41.2495],[-72.8103,41.2507],[-72.8073,41.2529],[-72.806,41.2563],[-72.8033,41.2575],[-72.7952,41.2603],[-72.7906,41.2594],[-72.7861,41.2648],[-72.7802,41.2656],[-72.7729,41.2632],[-72.7713,41.266],[-72.7677,41.2649],[-72.7637,41.2677],[-72.7586,41.2664],[-72.7571,41.2687],[-72.7581,41.2718],[-72.757,41.2695],[-72.7547,41.269],[-72.7544,41.2669],[-72.7518,41.2673],[-72.753,41.2642],[-72.7505,41.2638],[-72.7521,41.2626],[-72.749,41.2622],[-72.7514,41.2587],[-72.7394,41.262],[-72.7396,41.2675],[-72.7385,41.2618],[-72.7358,41.2615],[-72.7364,41.259],[-72.7337,41.2598],[-72.7375,41.2574],[-72.7324,41.2563],[-72.7344,41.2546],[-72.7311,41.2558],[-72.7307,41.2591],[-72.7289,41.2581],[-72.7284,41.2593],[-72.7285,41.2569],[-72.7264,41.2576],[-72.7266,41.2612],[-72.7236,41.2607],[-72.7247,41.258],[-72.717,41.2628],[-72.7151,41.26],[-72.7195,41.2563],[-72.7184,41.2558],[-72.7064,41.26],[-72.7029,41.2565],[-72.7047,41.2537],[-72.7142,41.2489],[-72.7116,41.2469],[-72.7053,41.2494],[-72.7071,41.2465],[-72.7046,41.2457],[-72.7108,41.2457],[-72.7106,41.2445],[-72.7068,41.2448],[-72.7063,41.2436],[-72.6972,41.2458],[-72.6947,41.245],[-72.6925,41.2474],[-72.6904,41.2467],[-72.6855,41.2513],[-72.684,41.2582],[-72.6773,41.2546],[-72.6766,41.258],[-72.6789,41.2612],[-72.6771,41.2642],[-72.6741,41.2641],[-72.6762,41.2664],[-72.6721,41.2644],[-72.6662,41.2645],[-72.6634,41.2678],[-72.6654,41.2711],[-72.6561,41.2702],[-72.6545,41.2742],[-72.6484,41.2759],[-72.6496,41.2797],[-72.6448,41.2812],[-72.6479,41.2862],[-72.6461,41.2891],[-72.6486,41.2895],[-72.6471,41.2905],[-72.6459,41.2894],[-72.6446,41.2922],[-72.6482,41.293],[-72.6471,41.2953],[-72.6527,41.2959],[-72.6588,41.3026],[-72.6669,41.308],[-72.6692,41.3076],[-72.6725,41.311],[-72.6586,41.303],[-72.6554,41.2981],[-72.6516,41.2957],[-72.6465,41.2954],[-72.6478,41.2933],[-72.6443,41.2925],[-72.6472,41.2857],[-72.6443,41.281],[-72.6492,41.2796],[-72.6477,41.2761],[-72.6494,41.2744],[-72.6541,41.2739],[-72.6543,41.2706],[-72.6559,41.2697],[-72.6487,41.2672],[-72.6638,41.2713],[-72.6637,41.2695],[-72.6585,41.2649],[-72.6355,41.2671],[-72.6315,41.2678],[-72.6289,41.2704],[-72.6172,41.272],[-72.598,41.2687],[-72.5793,41.2714],[-72.5671,41.2656],[-72.5461,41.2491],[-72.5431,41.2485],[-72.5364,41.2515],[-72.5365,41.2531],[-72.538,41.252],[-72.5361,41.2538],[-72.5367,41.2581],[-72.5335,41.2629],[-72.5259,41.2649],[-72.5245,41.2667],[-72.5324,41.2645],[-72.5387,41.2605],[-72.5463,41.26],[-72.5486,41.263],[-72.5469,41.2673],[-72.5491,41.2679],[-72.545,41.2735],[-72.5483,41.2772],[-72.5465,41.2802],[-72.5574,41.2817],[-72.5615,41.2875],[-72.5642,41.2882],[-72.5661,41.2923],[-72.5701,41.2942],[-72.5721,41.2974],[-72.5712,41.2979],[-72.5862,41.3074],[-72.5861,41.3097],[-72.589,41.3115],[-72.5853,41.3132],[-72.5863,41.3142],[-72.585,41.3129],[-72.5887,41.3117],[-72.5856,41.3099],[-72.5854,41.3072],[-72.5709,41.2982],[-72.57,41.2945],[-72.5678,41.2943],[-72.5639,41.2887],[-72.5603,41.2874],[-72.5569,41.282],[-72.5517,41.2807],[-72.5493,41.2823],[-72.5459,41.2802],[-72.5478,41.2774],[-72.5443,41.2738],[-72.5469,41.2714],[-72.5462,41.2658],[-72.5449,41.2662],[-72.5468,41.2652],[-72.5462,41.2629],[-72.5356,41.2679],[-72.5234,41.2691],[-72.5246,41.2702],[-72.5242,41.2744],[-72.5273,41.2753],[-72.5251,41.277],[-72.525,41.2811],[-72.5228,41.2819],[-72.5254,41.2857],[-72.5224,41.2846],[-72.5215,41.2819],[-72.5252,41.2801],[-72.5247,41.2768],[-72.5264,41.2758],[-72.5227,41.2732],[-72.523,41.2707],[-72.5192,41.2702],[-72.5171,41.2658],[-72.5129,41.2653],[-72.5109,41.2675],[-72.5065,41.2651],[-72.5036,41.2664],[-72.5045,41.2676],[-72.5001,41.2692],[-72.5064,41.2648],[-72.5103,41.2671],[-72.5148,41.2648],[-72.5175,41.2653],[-72.5207,41.2702],[-72.5187,41.2576],[-72.5149,41.2583],[-72.5094,41.256],[-72.5067,41.2569],[-72.5066,41.2601],[-72.4995,41.2659],[-72.4857,41.2709],[-72.4725,41.2701],[-72.4746,41.2699],[-72.4773,41.2732],[-72.477,41.2761],[-72.4737,41.2775],[-72.474,41.2804],[-72.4792,41.2812],[-72.4806,41.2839],[-72.4819,41.2838],[-72.4811,41.2812],[-72.4826,41.28],[-72.4814,41.2823],[-72.4825,41.2839],[-72.4808,41.2844],[-72.4875,41.2888],[-72.4888,41.287],[-72.493,41.2872],[-72.4967,41.2918],[-72.4952,41.2949],[-72.4965,41.2928],[-72.493,41.2875],[-72.4891,41.2872],[-72.4875,41.2893],[-72.4792,41.2835],[-72.4795,41.2861],[-72.4777,41.2873],[-72.4791,41.2893],[-72.4781,41.2886],[-72.4789,41.2818],[-72.4741,41.2816],[-72.4723,41.2775],[-72.4761,41.2762],[-72.4768,41.2746],[-72.4724,41.2707],[-72.4701,41.2752],[-72.4667,41.2769],[-72.4679,41.2803],[-72.4606,41.2818],[-72.4457,41.2931],[-72.4467,41.2991],[-72.4446,41.2951],[-72.4453,41.2931],[-72.4525,41.2861],[-72.4604,41.2813],[-72.4674,41.2803],[-72.4678,41.2785],[-72.4658,41.2769],[-72.4693,41.2751],[-72.4696,41.2731],[-72.4676,41.2733],[-72.4707,41.2712],[-72.4684,41.2713],[-72.4715,41.2708],[-72.4687,41.269],[-72.4589,41.2765],[-72.4519,41.2789],[-72.4317,41.2774],[-72.4266,41.2739],[-72.4216,41.275],[-72.4176,41.2788],[-72.4068,41.2768],[-72.4058,41.2787],[-72.4026,41.2773],[-72.3973,41.2782],[-72.395,41.2803],[-72.3959,41.282],[-72.3931,41.288],[-72.3893,41.291],[-72.3895,41.297],[-72.3871,41.2994],[-72.3888,41.2967],[-72.3872,41.2954],[-72.3881,41.2908],[-72.3924,41.2878],[-72.3935,41.2827],[-72.3951,41.2814],[-72.3941,41.2803],[-72.3966,41.2776],[-72.3949,41.2782],[-72.3935,41.2768],[-72.3885,41.2802],[-72.3912,41.2774],[-72.3927,41.278],[-72.3911,41.2753],[-72.3856,41.2804],[-72.379,41.2817],[-72.3892,41.278],[-72.3909,41.2743],[-72.3891,41.2737],[-72.3884,41.2697],[-72.3891,41.2722],[-72.39,41.2706],[-72.3925,41.2704],[-72.3909,41.2684],[-72.3928,41.2701],[-72.3926,41.2721],[-72.3949,41.2717],[-72.3886,41.2607],[-72.3867,41.2617],[-72.385,41.2539],[-72.3388,41.2622],[-72.3329,41.2656],[-72.3316,41.2695],[-72.3389,41.2761],[-72.3431,41.2865],[-72.3495,41.2963],[-72.3492,41.3109],[-72.3474,41.3192],[-72.3491,41.3245],[-72.3608,41.3378],[-72.3762,41.3454],[-72.3794,41.3498],[-72.3753,41.3751],[-72.3861,41.3857],[-72.4196,41.3899],[-72.4235,41.3919],[-72.4263,41.3977],[-72.4255,41.4117],[-72.4337,41.424],[-72.4306,41.4234],[-72.4207,41.4089],[-72.4168,41.4126],[-72.4118,41.4117],[-72.4142,41.4094],[-72.4115,41.4045],[-72.4038,41.4012],[-72.3935,41.3895],[-72.3815,41.3883],[-72.379,41.3865],[-72.3767,41.3797],[-72.3726,41.3758],[-72.3692,41.3756],[-72.3659,41.3777],[-72.3675,41.3756],[-72.3643,41.3755],[-72.3581,41.3804],[-72.353,41.3853],[-72.3557,41.3879],[-72.3527,41.392],[-72.3513,41.3843],[-72.3561,41.3822],[-72.3615,41.3732],[-72.3719,41.3743],[-72.3758,41.365],[-72.3758,41.3605],[-72.3749,41.3574],[-72.3674,41.3516],[-72.3631,41.3422],[-72.3544,41.3378],[-72.3616,41.3435],[-72.3585,41.3462],[-72.3548,41.3463],[-72.355,41.3495],[-72.3571,41.3497],[-72.3591,41.3475],[-72.3612,41.3503],[-72.3638,41.3496],[-72.3601,41.3529],[-72.3666,41.3539],[-72.3675,41.3562],[-72.3656,41.3574],[-72.3684,41.3581],[-72.3703,41.3611],[-72.3682,41.3643],[-72.3657,41.3643],[-72.3687,41.3594],[-72.3645,41.3573],[-72.3654,41.3597],[-72.3589,41.3643],[-72.3611,41.3598],[-72.3589,41.359],[-72.3573,41.3604],[-72.3565,41.3593],[-72.3593,41.3581],[-72.3591,41.3535],[-72.3539,41.3516],[-72.3514,41.3439],[-72.3504,41.345],[-72.3468,41.3401],[-72.3451,41.3408],[-72.345,41.3326],[-72.3406,41.3289],[-72.3441,41.321],[-72.3441,41.3149],[-72.3467,41.3113],[-72.3419,41.3076],[-72.34,41.3085],[-72.3396,41.3123],[-72.334,41.3163],[-72.3314,41.3258],[-72.3288,41.3279],[-72.3322,41.3356],[-72.3314,41.3384],[-72.3308,41.3358],[-72.3301,41.337],[-72.3264,41.3361],[-72.3288,41.336],[-72.3298,41.3344],[-72.3283,41.3269],[-72.3326,41.3216],[-72.3317,41.3203],[-72.3332,41.3201],[-72.3337,41.3159],[-72.3394,41.3121],[-72.3392,41.3085],[-72.3408,41.3071],[-72.3444,41.3088],[-72.3458,41.3077],[-72.3402,41.2989],[-72.3396,41.2997],[-72.3355,41.2956],[-72.3342,41.2966],[-72.3344,41.2949],[-72.3286,41.2914],[-72.3307,41.2939],[-72.3301,41.2965],[-72.332,41.2964],[-72.3355,41.3007],[-72.3365,41.2999],[-72.3354,41.3021],[-72.3371,41.3013],[-72.3409,41.3038],[-72.3387,41.3035],[-72.3386,41.3051],[-72.3363,41.3034],[-72.3336,41.3058],[-72.3311,41.3051],[-72.3335,41.3021],[-72.3321,41.2993],[-72.329,41.2985],[-72.33,41.2942],[-72.3256,41.2912],[-72.3236,41.2866],[-72.3205,41.2866],[-72.3199,41.2927],[-72.3175,41.2928],[-72.3191,41.2929],[-72.3189,41.2941],[-72.3172,41.2926],[-72.3201,41.2895],[-72.3197,41.2878],[-72.3174,41.289],[-72.3184,41.2871],[-72.3168,41.2878],[-72.3168,41.2904],[-72.3125,41.2897],[-72.3153,41.2873],[-72.3146,41.2863],[-72.3208,41.2829],[-72.3209,41.2811],[-72.315,41.2801],[-72.3137,41.2781],[-72.3284,41.2795],[-72.3273,41.2784],[-72.3128,41.2774],[-72.306,41.2793],[-72.2991,41.2786],[-72.2716,41.2847],[-72.2618,41.2822],[-72.2558,41.2865],[-72.2546,41.2898],[-72.2513,41.29],[-72.2505,41.2944],[-72.2519,41.2986],[-72.2483,41.2996],[-72.2458,41.2978],[-72.2433,41.2999],[-72.2356,41.3008],[-72.2306,41.2954],[-72.2305,41.2982],[-72.2274,41.2982],[-72.221,41.3037],[-72.2193,41.3072],[-72.2208,41.3071],[-72.2207,41.3091],[-72.2177,41.3136],[-72.2192,41.3079],[-72.2177,41.3075],[-72.2181,41.3023],[-72.2159,41.2997],[-72.2162,41.2963],[-72.2144,41.2953],[-72.2151,41.2936],[-72.2173,41.2948],[-72.2164,41.2955],[-72.219,41.2957],[-72.2201,41.2934],[-72.2126,41.2911],[-72.2107,41.2852],[-72.2036,41.2861],[-72.2021,41.2927],[-72.2045,41.3028],[-72.2014,41.3157],[-72.191,41.3232],[-72.1841,41.324],[-72.1776,41.3225],[-72.177,41.3241],[-72.1866,41.3253],[-72.1858,41.3291],[-72.1834,41.3311],[-72.1852,41.3371],[-72.1893,41.3374],[-72.189,41.3335],[-72.1926,41.3333],[-72.1913,41.3387],[-72.1878,41.3378],[-72.1852,41.339],[-72.1862,41.3428],[-72.1889,41.3434],[-72.1903,41.3469],[-72.1909,41.3586],[-72.1948,41.3674],[-72.1926,41.3717],[-72.1921,41.3671],[-72.1899,41.3662],[-72.1902,41.3638],[-72.1887,41.3634],[-72.1877,41.3568],[-72.1888,41.3558],[-72.1858,41.3499],[-72.187,41.3471],[-72.1824,41.3474],[-72.1762,41.3567],[-72.1782,41.3489],[-72.1741,41.341],[-72.1745,41.3344],[-72.1774,41.3307],[-72.1744,41.3279],[-72.1779,41.3256],[-72.1759,41.3245],[-72.1778,41.3206],[-72.1739,41.3176],[-72.1722,41.3138],[-72.1737,41.3095],[-72.1689,41.309],[-72.167,41.3058],[-72.1663,41.3069],[-72.165,41.3057],[-72.1661,41.3056],[-72.1653,41.3044],[-72.1612,41.3059],[-72.1603,41.3067],[-72.1616,41.3062],[-72.1641,41.3103],[-72.1608,41.3117],[-72.1604,41.3134],[-72.1562,41.3143],[-72.1561,41.318],[-72.1526,41.3164],[-72.1502,41.3182],[-72.1473,41.3361],[-72.1446,41.3385],[-72.1418,41.3386],[-72.1422,41.3408],[-72.1406,41.3399],[-72.1411,41.3381],[-72.1443,41.3381],[-72.1467,41.335],[-72.1489,41.3169],[-72.1479,41.3113],[-72.1497,41.3143],[-72.1546,41.314],[-72.1485,41.3112],[-72.1473,41.3089],[-72.1489,41.3081],[-72.1441,41.3027],[-72.1389,41.3006],[-72.1342,41.2994],[-72.1184,41.301],[-72.1118,41.2991],[-72.1068,41.3034],[-72.1016,41.3035],[-72.1029,41.3056],[-72.1014,41.305],[-72.0946,41.3094],[-72.0944,41.3141],[-72.0901,41.3164],[-72.0888,41.3229],[-72.1005,41.3371],[-72.0951,41.3404],[-72.0982,41.3409],[-72.0943,41.3413],[-72.0926,41.3448],[-72.0981,41.3474],[-72.0975,41.3494],[-72.1001,41.3457],[-72.1001,41.3496],[-72.0917,41.3532],[-72.093,41.3572],[-72.0957,41.3581],[-72.0969,41.3606],[-72.0913,41.3565],[-72.0923,41.3593],[-72.089,41.3576],[-72.0909,41.3598],[-72.0893,41.3624],[-72.094,41.3653],[-72.097,41.3742],[-72.0987,41.3749],[-72.0984,41.3763],[-72.0969,41.3757],[-72.0982,41.3774],[-72.0966,41.3788],[-72.0987,41.3856],[-72.0975,41.3877],[-72.1021,41.3885],[-72.1003,41.3902],[-72.0958,41.3902],[-72.1002,41.3946],[-72.1012,41.3911],[-72.1025,41.3948],[-72.1012,41.3966],[-72.1022,41.3977],[-72.0985,41.401],[-72.0988,41.4111],[-72.0968,41.4132],[-72.0976,41.4236],[-72.1022,41.4258],[-72.1003,41.427],[-72.1012,41.4289],[-72.0992,41.4293],[-72.0999,41.4313],[-72.0956,41.4354],[-72.0973,41.4362],[-72.097,41.4387],[-72.1016,41.4389],[-72.0991,41.4412],[-72.1022,41.4436],[-72.1033,41.4513],[-72.1057,41.4522],[-72.1011,41.4501],[-72.1016,41.4465],[-72.0979,41.4431],[-72.0968,41.4394],[-72.0888,41.4393],[-72.0889,41.4433],[-72.0871,41.4446],[-72.0872,41.4542],[-72.0767,41.4563],[-72.0715,41.4642],[-72.0734,41.4708],[-72.0767,41.4743],[-72.0757,41.4817],[-72.086,41.493],[-72.0944,41.4957],[-72.0981,41.495],[-72.0939,41.4986],[-72.0876,41.4979],[-72.0871,41.4954],[-72.0838,41.4944],[-72.0828,41.4972],[-72.0856,41.5025],[-72.0853,41.5058],[-72.0802,41.5109],[-72.0787,41.5146],[-72.0799,41.5206],[-72.0829,41.524],[-72.0806,41.5224],[-72.0796,41.5228],[-72.0808,41.5243],[-72.0781,41.5222],[-72.0762,41.5233],[-72.0779,41.5181],[-72.0764,41.5132],[-72.0803,41.5088],[-72.0803,41.4987],[-72.076,41.485],[-72.0727,41.4834],[-72.0706,41.4739],[-72.0672,41.4706],[-72.0666,41.4656],[-72.059,41.4745],[-72.0615,41.4782],[-72.056,41.485],[-72.0455,41.4869],[-72.0428,41.4847],[-72.0555,41.4829],[-72.0565,41.4811],[-72.0552,41.4798],[-72.0575,41.4789],[-72.0561,41.4751],[-72.0599,41.4707],[-72.0594,41.4683],[-72.0611,41.468],[-72.0615,41.4654],[-72.0668,41.4647],[-72.0679,41.4596],[-72.0651,41.4588],[-72.0679,41.4592],[-72.0714,41.4534],[-72.0845,41.4435],[-72.0846,41.4409],[-72.091,41.4356],[-72.0911,41.4321],[-72.0942,41.4306],[-72.0914,41.4266],[-72.0886,41.4165],[-72.0943,41.4083],[-72.0932,41.4003],[-72.0958,41.4004],[-72.0972,41.3962],[-72.0929,41.3889],[-72.0897,41.3892],[-72.0895,41.3904],[-72.0874,41.385],[-72.0885,41.3778],[-72.0833,41.3674],[-72.0853,41.3632],[-72.0834,41.3631],[-72.0847,41.3629],[-72.0852,41.3582],[-72.0818,41.3499],[-72.0834,41.3426],[-72.0792,41.3351],[-72.0803,41.3318],[-72.0787,41.3268],[-72.0761,41.3242],[-72.0774,41.3231],[-72.0739,41.3211],[-72.0766,41.3192],[-72.0678,41.3196],[-72.0665,41.3159],[-72.0632,41.3152],[-72.0611,41.3165],[-72.0633,41.3191],[-72.0612,41.3184],[-72.0577,41.3209],[-72.0552,41.3178],[-72.0557,41.3256],[-72.0584,41.3272],[-72.0552,41.3266],[-72.059,41.3308],[-72.0604,41.3409],[-72.0578,41.3308],[-72.0538,41.3338],[-72.0568,41.3296],[-72.0522,41.3267],[-72.0539,41.3254],[-72.0538,41.3224],[-72.0477,41.3246],[-72.0501,41.3222],[-72.0497,41.3204],[-72.0454,41.3224],[-72.0452,41.3245],[-72.0442,41.3223],[-72.0415,41.3258],[-72.0418,41.3288],[-72.0355,41.3297],[-72.0376,41.3312],[-72.0359,41.3329],[-72.0373,41.3343],[-72.0359,41.335],[-72.0372,41.3351],[-72.0359,41.3387],[-72.0379,41.3466],[-72.0335,41.3395],[-72.0353,41.3352],[-72.0327,41.3343],[-72.0361,41.3224],[-72.0381,41.3229],[-72.0372,41.3267],[-72.0414,41.3214],[-72.0416,41.3186],[-72.0503,41.319],[-72.0544,41.3158],[-72.0487,41.319],[-72.0427,41.3185],[-72.0346,41.3131],[-72.0296,41.3123],[-72.0279,41.3161],[-72.0207,41.3197],[-72.0213,41.3234],[-72.0231,41.3244],[-72.0229,41.3321],[-72.0244,41.3343],[-72.0211,41.333],[-72.0214,41.3271],[-72.0188,41.3271],[-72.0183,41.3285],[-72.0135,41.3199],[-72.0113,41.3225],[-72.0144,41.3173],[-72.0136,41.316],[-72.0116,41.3156],[-72.0115,41.3168],[-72.0105,41.315],[-72.0085,41.315],[-72.0146,41.3166],[-72.0191,41.315],[-72.0143,41.3154],[-72.0102,41.3117],[-72.0151,41.3148],[-72.0176,41.3149],[-72.0174,41.3133],[-72.0153,41.3139],[-72.0107,41.3104],[-72.0108,41.3066],[-72.0088,41.3078],[-72.005,41.3062],[-72.0023,41.3203],[-72.0039,41.3219],[-72.0025,41.3234],[-72.0044,41.3254],[-72.0072,41.3255],[-72.0051,41.3273],[-72.0049,41.3312],[-72.004,41.3303],[-72.0033,41.3319],[-72.0034,41.3281],[-71.9988,41.3176],[-71.9992,41.3206],[-71.9953,41.3205],[-71.9925,41.3245],[-71.9913,41.3239],[-71.9905,41.3167],[-71.9889,41.3163],[-71.9893,41.3195],[-71.9882,41.3191],[-71.984,41.3256],[-71.9849,41.331],[-71.9831,41.3327],[-71.9773,41.3333],[-71.9804,41.3334],[-71.9778,41.3348],[-71.9798,41.3372],[-71.9816,41.3351],[-71.9791,41.3416],[-71.9778,41.3435],[-71.977,41.3408],[-71.9736,41.344],[-71.9751,41.3448],[-71.9748,41.3468],[-71.9702,41.3491],[-71.9657,41.3495],[-71.966,41.3473],[-71.9684,41.3474],[-71.9659,41.346],[-71.9618,41.3476],[-71.9618,41.3499],[-71.9606,41.3494],[-71.9594,41.3433],[-71.9584,41.3436],[-71.9595,41.3403],[-71.9619,41.3406],[-71.9603,41.3417],[-71.9627,41.3429],[-71.9666,41.3402],[-71.9689,41.3414],[-71.9706,41.3393],[-71.9725,41.3415],[-71.974,41.338],[-71.9724,41.3376],[-71.9723,41.3345],[-71.9748,41.3337],[-71.9742,41.3315],[-71.9783,41.329],[-71.9758,41.3285],[-71.9741,41.3312],[-71.9688,41.3338],[-71.9713,41.3326],[-71.9721,41.3294],[-71.9743,41.3292],[-71.9742,41.3269],[-71.97,41.3283],[-71.971,41.3268],[-71.9697,41.3209],[-71.9658,41.326],[-71.9646,41.3243],[-71.9634,41.3261],[-71.9643,41.3277],[-71.9622,41.3338],[-71.9632,41.3386],[-71.9596,41.34],[-71.9578,41.3369],[-71.9553,41.341],[-71.9539,41.3384],[-71.9518,41.3419],[-71.9522,41.3402],[-71.9498,41.3381],[-71.9537,41.3352],[-71.9539,41.3329],[-71.9495,41.3344],[-71.9468,41.3396],[-71.9456,41.3379],[-71.9465,41.3355],[-71.9363,41.338],[-71.9329,41.3366],[-71.9329,41.3341],[-71.9301,41.3357],[-71.9298,41.3328],[-71.9221,41.3346],[-71.9254,41.3313],[-71.9243,41.3301],[-71.9218,41.3317],[-71.9213,41.3278],[-71.9167,41.3322],[-71.917,41.341],[-71.9147,41.3424],[-71.9115,41.3417],[-71.9077,41.339],[-71.9114,41.3354],[-71.9074,41.3333],[-71.9077,41.3303],[-71.9093,41.3305],[-71.9053,41.3273],[-71.9049,41.3317],[-71.9018,41.3348],[-71.8954,41.3342],[-71.8898,41.3405],[-71.8877,41.3386],[-71.8884,41.3364],[-71.8892,41.3373],[-71.8933,41.3338],[-71.8891,41.3357],[-71.8876,41.3346],[-71.886,41.3392],[-71.8894,41.3408],[-71.8828,41.3451],[-71.8856,41.3441],[-71.8833,41.349],[-71.8841,41.3506],[-71.8885,41.3492],[-71.8902,41.3504],[-71.8881,41.3497],[-71.8834,41.3515],[-71.8819,41.3554],[-71.8773,41.36],[-71.8818,41.3515],[-71.8825,41.3455],[-71.8811,41.3459],[-71.8806,41.3385],[-71.8783,41.3362],[-71.8745,41.3381],[-71.8745,41.3226],[-71.8664,41.3194],[-71.8599,41.3204],[-71.8593,41.3174],[-71.8557,41.3198],[-71.8518,41.319],[-71.841,41.3268],[-71.847,41.3267],[-71.845,41.3294],[-71.8343,41.3358],[-71.8313,41.3353],[-71.8298,41.3374],[-71.8269,41.3374],[-71.8262,41.3428],[-71.8283,41.3459],[-71.827,41.3483],[-71.8305,41.3532],[-71.8342,41.3545],[-71.8367,41.3602],[-71.8366,41.366],[-71.8317,41.3699],[-71.8316,41.3795],[-71.8335,41.3824],[-71.834,41.3886],[-71.8384,41.3906],[-71.8416,41.3946],[-71.8427,41.4089],[-71.8401,41.4116],[-71.8307,41.413],[-71.8177,41.4197],[-71.8016,41.416],[-71.7976,41.4166],[-71.7887,41.6111],[-71.7886,41.64],[-71.8578,41.6442],[-71.9521,41.6344],[-72.148,41.6653],[-72.1533,41.6653],[-72.158,41.6581],[-72.2182,41.6988]],[[-73.8824,40.6409],[-73.8847,40.6432],[-73.8827,40.6432],[-73.8787,40.6405],[-73.8824,40.6409]],[[-72.112,41.4021],[-72.1095,41.4034],[-72.1078,41.4025],[-72.1072,41.3985],[-72.1107,41.4026],[-72.1115,41.4003],[-72.112,41.4021]],[[-72.1064,41.3989],[-72.1034,41.4009],[-72.1012,41.3994],[-72.103,41.3975],[-72.1064,41.3989]],[[-71.9599,41.3876],[-71.9616,41.3865],[-71.9601,41.3854],[-71.9632,41.3837],[-71.9609,41.38],[-71.9663,41.3699],[-71.9629,41.3664],[-71.9649,41.3621],[-71.9669,41.3614],[-71.9646,41.36],[-71.9652,41.3569],[-71.9677,41.356],[-71.9708,41.3517],[-71.9695,41.3505],[-71.9679,41.3516],[-71.9679,41.3503],[-71.9724,41.3484],[-71.9675,41.359],[-71.9703,41.3702],[-71.967,41.3714],[-71.965,41.3771],[-71.9677,41.3813],[-71.9634,41.3845],[-71.9632,41.3864],[-71.9599,41.3876]],[[-71.9557,41.3534],[-71.9533,41.3579],[-71.9544,41.3535],[-71.9594,41.3504],[-71.9557,41.3534]],[[-71.9807,41.3395],[-71.9831,41.3334],[-71.9843,41.3337],[-71.9872,41.3295],[-71.9903,41.3289],[-71.9922,41.3326],[-71.9908,41.3377],[-71.9851,41.3346],[-71.9824,41.3375],[-71.983,41.3394],[-71.9807,41.3395]]],[[[-73.7268,40.5942],[-73.7299,40.5965],[-73.7344,40.5959],[-73.7268,40.5942]]],[[[-73.8367,40.596],[-73.8437,40.5955],[-73.8457,40.5918],[-73.8426,40.5912],[-73.8399,40.593],[-73.8386,40.5926],[-73.8387,40.5885],[-73.833,40.5877],[-73.8309,40.5916],[-73.8362,40.5942],[-73.8367,40.596]]],[[[-73.6031,40.5955],[-73.615,40.5973],[-73.6172,40.5953],[-73.632,40.5951],[-73.6322,40.5923],[-73.6328,40.5953],[-73.6393,40.5951],[-73.6397,40.5927],[-73.6402,40.5951],[-73.6565,40.5947],[-73.6831,40.5919],[-73.6867,40.5889],[-73.7096,40.5897],[-73.7116,40.5881],[-73.712,40.5893],[-73.7419,40.5927],[-73.7547,40.5847],[-73.742,40.5865],[-73.7007,40.5837],[-73.6466,40.5829],[-73.6109,40.5877],[-73.5904,40.5855],[-73.5783,40.5861],[-73.5769,40.5871],[-73.5759,40.5949],[-73.584,40.5929],[-73.6031,40.5955]]],[[[-73.607,40.5971],[-73.6051,40.5973],[-73.6057,40.5977],[-73.6073,40.5971],[-73.607,40.5971]]],[[[-73.6776,40.5967],[-73.6816,40.5985],[-73.6809,40.5963],[-73.6776,40.5967]]],[[[-73.6232,40.5979],[-73.623,40.5979],[-73.6239,40.5985],[-73.624,40.5981],[-73.6241,40.5979],[-73.6232,40.5979]]],[[[-73.8693,40.5975],[-73.8691,40.5975],[-73.8691,40.5992],[-73.8697,40.5976],[-73.8695,40.5975],[-73.8693,40.5975]]],[[[-73.5722,40.5995],[-73.5732,40.5999],[-73.573,40.5985],[-73.5722,40.5995]]],[[[-73.6653,40.5969],[-73.6687,40.6005],[-73.67,40.5999],[-73.6687,40.5967],[-73.6653,40.5969]]],[[[-73.5966,40.5975],[-73.6065,40.6005],[-73.6073,40.5989],[-73.6009,40.5965],[-73.5946,40.5957],[-73.5966,40.5975]]],[[[-73.6252,40.5984],[-73.6252,40.6007],[-73.6264,40.5999],[-73.6252,40.5984]]],[[[-73.5757,40.6011],[-73.5771,40.6011],[-73.5747,40.5993],[-73.5757,40.6011]]],[[[-73.6187,40.5996],[-73.6225,40.6019],[-73.6241,40.5995],[-73.6222,40.5977],[-73.6189,40.5977],[-73.6155,40.5979],[-73.6167,40.5997],[-73.6187,40.5996]]],[[[-73.8515,40.5989],[-73.8608,40.6026],[-73.8646,40.6004],[-73.8612,40.5981],[-73.8515,40.5989]]],[[[-73.8702,40.5996],[-73.8697,40.5997],[-73.8697,40.6024],[-73.87,40.6031],[-73.8706,40.5996],[-73.8702,40.5996]]],[[[-73.6183,40.6035],[-73.6195,40.6031],[-73.617,40.6021],[-73.6183,40.6035]]],[[[-73.5923,40.5985],[-73.6015,40.6035],[-73.5917,40.5963],[-73.5923,40.5985]]],[[[-73.604,40.6025],[-73.6051,40.6039],[-73.6054,40.6021],[-73.604,40.6025]]],[[[-73.8057,40.6033],[-73.806,40.6046],[-73.807,40.6036],[-73.8057,40.6033]]],[[[-73.8107,40.5974],[-73.8096,40.6009],[-73.8109,40.6048],[-73.8154,40.6032],[-73.8149,40.6003],[-73.8107,40.5974]]],[[[-73.8672,40.6038],[-73.8665,40.6044],[-73.8665,40.6048],[-73.8674,40.6047],[-73.8678,40.6038],[-73.8672,40.6038]]],[[[-73.5699,40.6035],[-73.5721,40.6063],[-73.5852,40.6035],[-73.5871,40.5999],[-73.5896,40.5989],[-73.5884,40.5975],[-73.5904,40.5965],[-73.5865,40.5951],[-73.5824,40.5959],[-73.5838,40.5973],[-73.5824,40.5995],[-73.5808,40.5959],[-73.5746,40.5979],[-73.5759,40.6002],[-73.5818,40.6005],[-73.5724,40.6017],[-73.5699,40.6035]]],[[[-73.4848,40.6047],[-73.484,40.6057],[-73.4861,40.6069],[-73.4892,40.6051],[-73.4848,40.6047]]],[[[-73.8267,40.6071],[-73.8279,40.6048],[-73.8253,40.6056],[-73.8267,40.6071]]],[[[-73.8068,40.6068],[-73.8071,40.608],[-73.8099,40.6051],[-73.8068,40.6068]]],[[[-73.5968,40.6069],[-73.5974,40.6081],[-73.5971,40.6061],[-73.5968,40.6069]]],[[[-73.8257,40.6077],[-73.8277,40.6091],[-73.8274,40.6076],[-73.8257,40.6077]]],[[[-73.8049,40.6089],[-73.8047,40.6091],[-73.8049,40.6096],[-73.8058,40.6092],[-73.8057,40.6087],[-73.8051,40.6086],[-73.8049,40.6089]]],[[[-73.7937,40.6071],[-73.7983,40.6098],[-73.8011,40.6097],[-73.8047,40.6062],[-73.804,40.6035],[-73.7966,40.6031],[-73.7939,40.6049],[-73.7946,40.6067],[-73.793,40.6057],[-73.7937,40.6071]]],[[[-73.5534,40.6057],[-73.5537,40.6087],[-73.5569,40.6099],[-73.5683,40.6073],[-73.5656,40.6007],[-73.5514,40.5995],[-73.5534,40.6057]]],[[[-73.8322,40.6052],[-73.83,40.6063],[-73.8301,40.6085],[-73.8326,40.61],[-73.8357,40.6051],[-73.8322,40.6052]]],[[[-73.6711,40.6048],[-73.6673,40.6071],[-73.672,40.6103],[-73.6789,40.6007],[-73.6783,40.5981],[-73.6704,40.5967],[-73.6719,40.6017],[-73.6711,40.6048]]],[[[-73.6245,40.6047],[-73.6225,40.6093],[-73.6236,40.6103],[-73.6267,40.6047],[-73.6263,40.6095],[-73.6292,40.6095],[-73.6311,40.6075],[-73.6289,40.6029],[-73.6308,40.6045],[-73.6346,40.6007],[-73.6333,40.5981],[-73.6303,40.5979],[-73.631,40.5991],[-73.6291,40.5981],[-73.627,40.6038],[-73.6245,40.6047]]],[[[-73.5652,40.6093],[-73.5677,40.6103],[-73.5689,40.6081],[-73.5652,40.6093]]],[[[-73.6125,40.6107],[-73.6136,40.6093],[-73.6137,40.6076],[-73.6125,40.6107]]],[[[-73.8143,40.6094],[-73.8137,40.6098],[-73.8135,40.6108],[-73.8151,40.6096],[-73.8148,40.609],[-73.8143,40.6094]]],[[[-73.8648,40.61],[-73.865,40.6108],[-73.8659,40.6097],[-73.8658,40.6087],[-73.8648,40.61]]],[[[-73.6947,40.6065],[-73.6941,40.6113],[-73.7032,40.6051],[-73.7032,40.6031],[-73.6947,40.6065]]],[[[-73.4867,40.6108],[-73.4891,40.6115],[-73.49,40.6099],[-73.4867,40.6108]]],[[[-73.6374,40.6007],[-73.6336,40.6051],[-73.6345,40.6119],[-73.6419,40.6115],[-73.6402,40.6085],[-73.6438,40.6001],[-73.6374,40.6007]]],[[[-73.6958,40.6115],[-73.6947,40.6117],[-73.6971,40.6123],[-73.6966,40.6113],[-73.6958,40.6115]]],[[[-73.6243,40.6109],[-73.6241,40.6125],[-73.6264,40.6109],[-73.6243,40.6109]]],[[[-73.4673,40.6125],[-73.4679,40.6117],[-73.4668,40.6117],[-73.4673,40.6125]]],[[[-73.5954,40.6127],[-73.5971,40.6115],[-73.597,40.6097],[-73.5954,40.6127]]],[[[-73.6059,40.6032],[-73.6095,40.6129],[-73.6156,40.6043],[-73.6115,40.6029],[-73.617,40.6031],[-73.6122,40.5975],[-73.6059,40.6032]]],[[[-73.4632,40.6127],[-73.4637,40.6137],[-73.4645,40.6135],[-73.4643,40.6127],[-73.4635,40.6127],[-73.4632,40.6127]]],[[[-73.8686,40.6097],[-73.8711,40.614],[-73.8702,40.6094],[-73.8688,40.6071],[-73.8686,40.6097]]],[[[-73.5879,40.6105],[-73.5942,40.6141],[-73.596,40.6088],[-73.5934,40.6051],[-73.5948,40.6045],[-73.5885,40.6023],[-73.5865,40.6041],[-73.5879,40.6105]]],[[[-73.8138,40.6119],[-73.8137,40.6141],[-73.8159,40.6131],[-73.8138,40.6119]]],[[[-73.6011,40.6138],[-73.6007,40.6139],[-73.6023,40.6143],[-73.6017,40.6135],[-73.6011,40.6138]]],[[[-73.5588,40.6143],[-73.5584,40.6145],[-73.5597,40.6151],[-73.56,40.6145],[-73.5591,40.6141],[-73.5588,40.6143]]],[[[-73.4497,40.6147],[-73.4483,40.6149],[-73.4491,40.6153],[-73.4499,40.6147],[-73.4497,40.6147]]],[[[-73.6238,40.6153],[-73.6244,40.6153],[-73.6245,40.6147],[-73.6238,40.6153]]],[[[-73.4806,40.6072],[-73.477,40.6087],[-73.4789,40.6097],[-73.4726,40.6133],[-73.4724,40.6153],[-73.4816,40.6111],[-73.4848,40.6075],[-73.4806,40.6072]]],[[[-73.5946,40.6144],[-73.594,40.6147],[-73.5951,40.6157],[-73.5957,40.6147],[-73.5953,40.6141],[-73.5946,40.6144]]],[[[-73.6136,40.6153],[-73.6166,40.6159],[-73.6219,40.6133],[-73.623,40.6061],[-73.6157,40.6061],[-73.6145,40.6079],[-73.6157,40.6075],[-73.6158,40.6089],[-73.6136,40.6117],[-73.6164,40.6133],[-73.6156,40.6141],[-73.6128,40.6115],[-73.6098,40.6153],[-73.6136,40.6153]]],[[[-73.8543,40.6155],[-73.8569,40.616],[-73.8555,40.6135],[-73.8584,40.6113],[-73.856,40.6059],[-73.8541,40.6056],[-73.8493,40.6096],[-73.849,40.6146],[-73.8518,40.6145],[-73.8529,40.6134],[-73.8515,40.6125],[-73.8545,40.6124],[-73.8543,40.6155]]],[[[-73.6578,40.6089],[-73.6609,40.6123],[-73.6593,40.6161],[-73.6623,40.6155],[-73.6662,40.6081],[-73.6578,40.6089]]],[[[-73.5063,40.6161],[-73.5134,40.6129],[-73.5185,40.6149],[-73.5248,40.6035],[-73.5166,40.6037],[-73.5115,40.6117],[-73.5107,40.6107],[-73.5044,40.6125],[-73.5063,40.6161]]],[[[-73.4618,40.6141],[-73.4618,40.6163],[-73.4654,40.6147],[-73.4618,40.6141]]],[[[-73.6968,40.6165],[-73.6972,40.6133],[-73.6922,40.6117],[-73.6968,40.6165]]],[[[-73.6225,40.6136],[-73.618,40.6159],[-73.6203,40.6165],[-73.6225,40.6136]]],[[[-73.5604,40.6156],[-73.5644,40.6155],[-73.5638,40.6139],[-73.5604,40.6156]]],[[[-73.5116,40.6155],[-73.5117,40.6165],[-73.5124,40.6161],[-73.5122,40.6155],[-73.5116,40.6155]]],[[[-73.586,40.6151],[-73.5926,40.6167],[-73.5932,40.6149],[-73.5906,40.6121],[-73.5874,40.6113],[-73.5857,40.6045],[-73.5721,40.6083],[-73.5738,40.6099],[-73.5846,40.6105],[-73.586,40.6151]]],[[[-73.4544,40.6169],[-73.4576,40.6155],[-73.4596,40.6167],[-73.4607,40.6133],[-73.4524,40.6143],[-73.4544,40.6169]]],[[[-73.5402,40.6095],[-73.5428,40.6097],[-73.5464,40.6161],[-73.5508,40.6173],[-73.5541,40.6115],[-73.5479,40.6053],[-73.5459,40.6005],[-73.5315,40.6043],[-73.532,40.6065],[-73.537,40.6105],[-73.5337,40.6149],[-73.539,40.6163],[-73.544,40.6143],[-73.5425,40.6107],[-73.5402,40.6095]]],[[[-73.8427,40.6174],[-73.8457,40.6172],[-73.8471,40.6086],[-73.8507,40.6063],[-73.8462,40.6031],[-73.8405,40.6051],[-73.8381,40.6135],[-73.8407,40.6126],[-73.8442,40.6143],[-73.8427,40.6174]]],[[[-73.6764,40.6176],[-73.6801,40.6163],[-73.6808,40.6143],[-73.6811,40.6165],[-73.6836,40.6161],[-73.6846,40.6112],[-73.6792,40.6071],[-73.6764,40.6176]]],[[[-73.5313,40.6179],[-73.532,40.6119],[-73.5357,40.6105],[-73.5298,40.6065],[-73.5301,40.6053],[-73.5276,40.6049],[-73.5287,40.607],[-73.5263,40.6081],[-73.524,40.6137],[-73.5254,40.6169],[-73.5295,40.6175],[-73.529,40.6155],[-73.5313,40.6179]]],[[[-73.4488,40.6179],[-73.4544,40.6177],[-73.4516,40.6143],[-73.4488,40.6179]]],[[[-73.4647,40.6163],[-73.4612,40.6183],[-73.4637,40.6183],[-73.4647,40.6163]]],[[[-73.5198,40.617],[-73.5208,40.6193],[-73.5232,40.6177],[-73.5198,40.617]]],[[[-73.5124,40.6173],[-73.5102,40.6177],[-73.5102,40.6193],[-73.5142,40.6179],[-73.5124,40.6173]]],[[[-73.4559,40.6168],[-73.4536,40.6199],[-73.4573,40.6177],[-73.4579,40.6165],[-73.4559,40.6168]]],[[[-73.5843,40.6175],[-73.5854,40.6211],[-73.5901,40.6169],[-73.5847,40.6158],[-73.5843,40.6175]]],[[[-73.688,40.6213],[-73.6877,40.6229],[-73.6927,40.6221],[-73.6982,40.6179],[-73.6908,40.6123],[-73.6894,40.6047],[-73.6844,40.6043],[-73.6816,40.6083],[-73.688,40.6081],[-73.6814,40.6088],[-73.685,40.6105],[-73.6855,40.6129],[-73.6822,40.6181],[-73.6839,40.6223],[-73.6847,40.6209],[-73.688,40.6213]]],[[[-73.5741,40.6201],[-73.5736,40.6219],[-73.5755,40.6229],[-73.5779,40.6179],[-73.5747,40.6147],[-73.5706,40.6159],[-73.574,40.6145],[-73.5694,40.6121],[-73.5649,40.6141],[-73.5627,40.6169],[-73.573,40.6215],[-73.5721,40.6189],[-73.5741,40.6201]]],[[[-73.4997,40.6159],[-73.4967,40.6235],[-73.5008,40.6227],[-73.5038,40.6185],[-73.5036,40.6155],[-73.4997,40.6159]]],[[[-73.4771,40.6219],[-73.4762,40.6235],[-73.485,40.6211],[-73.4897,40.6231],[-73.4961,40.6223],[-73.4977,40.6157],[-73.4807,40.6147],[-73.4771,40.6219]]],[[[-73.6811,40.6227],[-73.6795,40.6237],[-73.6839,40.6237],[-73.6811,40.6227]]],[[[-73.6745,40.6217],[-73.6748,40.6235],[-73.6775,40.6237],[-73.678,40.6209],[-73.6811,40.6209],[-73.6792,40.6189],[-73.6744,40.6201],[-73.6736,40.6175],[-73.6708,40.6203],[-73.6745,40.6217]]],[[[-73.7902,40.6235],[-73.7946,40.6235],[-73.7908,40.622],[-73.7943,40.6226],[-73.8018,40.611],[-73.7957,40.6101],[-73.7916,40.606],[-73.7797,40.6134],[-73.7862,40.6203],[-73.7856,40.6215],[-73.7902,40.6235]]],[[[-73.6632,40.6242],[-73.6648,40.6243],[-73.6734,40.6131],[-73.667,40.6113],[-73.665,40.6157],[-73.6607,40.6181],[-73.6632,40.6242]]],[[[-73.4778,40.6181],[-73.4698,40.6241],[-73.4748,40.6237],[-73.4778,40.6181]]],[[[-73.6728,40.6229],[-73.6728,40.6249],[-73.6748,40.6245],[-73.674,40.6217],[-73.6697,40.6199],[-73.6656,40.6235],[-73.6665,40.6243],[-73.6686,40.6215],[-73.6728,40.6229]]],[[[-73.5198,40.6261],[-73.5219,40.6219],[-73.5185,40.6185],[-73.5141,40.6235],[-73.5171,40.6243],[-73.5149,40.6241],[-73.5157,40.6255],[-73.5198,40.6261]]],[[[-73.5799,40.6261],[-73.5843,40.6253],[-73.5853,40.6234],[-73.5849,40.6247],[-73.5866,40.6255],[-73.5868,40.6229],[-73.5837,40.6233],[-73.5862,40.6213],[-73.5841,40.6225],[-73.5829,40.6113],[-73.5746,40.6117],[-73.5808,40.6153],[-73.5796,40.6163],[-73.5799,40.6261]]],[[[-73.388,40.6264],[-73.3907,40.6258],[-73.3867,40.6241],[-73.388,40.6264]]],[[[-73.4189,40.6255],[-73.4205,40.627],[-73.422,40.6258],[-73.4203,40.6243],[-73.4189,40.6255]]],[[[-73.477,40.6255],[-73.4886,40.6271],[-73.4932,40.6247],[-73.485,40.6237],[-73.487,40.6235],[-73.482,40.6219],[-73.477,40.6255]]],[[[-73.5427,40.6222],[-73.5411,40.6251],[-73.5445,40.6275],[-73.5509,40.6235],[-73.5525,40.6207],[-73.5495,40.6181],[-73.5501,40.6207],[-73.5468,40.6217],[-73.5495,40.6205],[-73.5478,40.6181],[-73.5414,40.6163],[-73.5398,40.6171],[-73.545,40.6209],[-73.5427,40.6222]]],[[[-73.521,40.6275],[-73.5243,40.6275],[-73.5257,40.6259],[-73.5221,40.6241],[-73.5199,40.6267],[-73.521,40.6275]]],[[[-73.5365,40.6264],[-73.5376,40.6277],[-73.5395,40.6269],[-73.5434,40.6199],[-73.539,40.6169],[-73.5334,40.6159],[-73.5323,40.6201],[-73.5334,40.6233],[-73.5377,40.6245],[-73.5343,40.6237],[-73.5365,40.6264]]],[[[-73.7974,40.6274],[-73.8008,40.6278],[-73.8066,40.6239],[-73.8072,40.6211],[-73.8043,40.6157],[-73.8046,40.6132],[-73.8022,40.6134],[-73.8008,40.6157],[-73.8013,40.62],[-73.7995,40.6186],[-73.7977,40.6231],[-73.7932,40.6251],[-73.7992,40.6236],[-73.7952,40.6261],[-73.7974,40.6274]]],[[[-73.4365,40.6256],[-73.4391,40.6281],[-73.4385,40.6255],[-73.4453,40.6263],[-73.4419,40.6233],[-73.4474,40.6239],[-73.4453,40.6225],[-73.4468,40.6203],[-73.4452,40.6197],[-73.4474,40.6197],[-73.4486,40.6158],[-73.4341,40.6173],[-73.438,40.6207],[-73.4359,40.6201],[-73.4359,40.6223],[-73.4374,40.6221],[-73.4349,40.6233],[-73.4344,40.6251],[-73.4365,40.6256]]],[[[-73.402,40.6253],[-73.3969,40.6283],[-73.4031,40.6269],[-73.4034,40.6252],[-73.402,40.6253]]],[[[-73.8786,40.6158],[-73.866,40.619],[-73.8647,40.6261],[-73.8667,40.6284],[-73.8755,40.6238],[-73.8786,40.6158]]],[[[-73.3936,40.6288],[-73.3958,40.6281],[-73.3946,40.6265],[-73.3936,40.6288]]],[[[-73.5871,40.6275],[-73.5866,40.6291],[-73.5879,40.6293],[-73.5885,40.6269],[-73.5917,40.6267],[-73.5884,40.6251],[-73.5871,40.6275]]],[[[-73.5114,40.6211],[-73.5125,40.6275],[-73.5216,40.6291],[-73.5138,40.6247],[-73.5146,40.6205],[-73.5114,40.6211]]],[[[-73.5561,40.6153],[-73.5544,40.6159],[-73.5542,40.6181],[-73.5586,40.6213],[-73.5608,40.6293],[-73.5631,40.6294],[-73.5703,40.6249],[-73.5691,40.6233],[-73.5711,40.6221],[-73.5561,40.6153]]],[[[-73.847,40.6291],[-73.8539,40.6283],[-73.8535,40.6272],[-73.8561,40.6285],[-73.8601,40.6245],[-73.8634,40.6253],[-73.8635,40.6228],[-73.8612,40.6237],[-73.8618,40.6186],[-73.8642,40.6188],[-73.864,40.6175],[-73.8612,40.6172],[-73.8431,40.6231],[-73.8469,40.6264],[-73.8494,40.626],[-73.847,40.6291]]],[[[-73.3844,40.6282],[-73.38,40.6289],[-73.3857,40.63],[-73.3896,40.6274],[-73.3844,40.6282]]],[[[-73.3721,40.6298],[-73.3721,40.6301],[-73.3728,40.6299],[-73.3722,40.6294],[-73.3721,40.6298]]],[[[-73.4165,40.6306],[-73.4225,40.63],[-73.4234,40.6283],[-73.4173,40.6282],[-73.4165,40.6306]]],[[[-73.5414,40.6301],[-73.5406,40.6307],[-73.5417,40.6307],[-73.5423,40.6313],[-73.5432,40.6309],[-73.5426,40.6299],[-73.5414,40.6301]]],[[[-73.4215,40.6314],[-73.4272,40.6309],[-73.4289,40.6289],[-73.432,40.6291],[-73.4297,40.6305],[-73.4383,40.6301],[-73.4359,40.6257],[-73.4339,40.6257],[-73.4333,40.6235],[-73.4352,40.6217],[-73.433,40.6197],[-73.4317,40.6203],[-73.4311,40.6175],[-73.4164,40.6212],[-73.4166,40.6233],[-73.4242,40.6237],[-73.4245,40.6311],[-73.4213,40.6304],[-73.4215,40.6314]]],[[[-73.5288,40.6293],[-73.5321,40.6315],[-73.5332,40.6303],[-73.5321,40.6259],[-73.5276,40.6257],[-73.5324,40.6249],[-73.5304,40.6207],[-73.5223,40.6191],[-73.5226,40.6233],[-73.5262,40.6253],[-73.5254,40.6271],[-73.5287,40.6275],[-73.5268,40.6305],[-73.5288,40.6305],[-73.5288,40.6293]]],[[[-73.8131,40.6273],[-73.8127,40.6293],[-73.816,40.6317],[-73.8168,40.6291],[-73.8134,40.6259],[-73.8163,40.6263],[-73.8096,40.616],[-73.8119,40.6218],[-73.8108,40.6246],[-73.8122,40.6284],[-73.8131,40.6273]]],[[[-73.4299,40.6316],[-73.4294,40.6321],[-73.43,40.6325],[-73.4322,40.6317],[-73.4303,40.6313],[-73.4299,40.6316]]],[[[-73.5362,40.6325],[-73.5389,40.6323],[-73.5378,40.6313],[-73.5362,40.6325]]],[[[-73.4444,40.6324],[-73.4452,40.6331],[-73.4474,40.6331],[-73.4471,40.6323],[-73.4441,40.6321],[-73.4444,40.6324]]],[[[-73.547,40.6269],[-73.5431,40.6295],[-73.5462,40.6343],[-73.5486,40.6307],[-73.5489,40.6265],[-73.547,40.6269]]],[[[-73.373,40.6323],[-73.3732,40.6346],[-73.3755,40.6338],[-73.3749,40.6318],[-73.373,40.6323]]],[[[-73.409,40.634],[-73.4136,40.635],[-73.415,40.6248],[-73.4092,40.6238],[-73.3989,40.6301],[-73.3976,40.6343],[-73.409,40.634]]],[[[-73.5659,40.6335],[-73.5652,40.6335],[-73.5652,40.6353],[-73.5663,40.6341],[-73.5661,40.6335],[-73.5659,40.6335]]],[[[-73.5094,40.6358],[-73.5093,40.6361],[-73.5102,40.6351],[-73.5115,40.6355],[-73.5122,40.6345],[-73.5111,40.6347],[-73.51,40.6345],[-73.5094,40.6358]]],[[[-73.4262,40.6353],[-73.4353,40.6357],[-73.4388,40.6331],[-73.4336,40.6325],[-73.4342,40.6345],[-73.4261,40.6341],[-73.4262,40.6353]]],[[[-73.5535,40.6356],[-73.5533,40.6357],[-73.5542,40.6363],[-73.5542,40.6351],[-73.5535,40.6356]]],[[[-73.5464,40.6361],[-73.5489,40.6363],[-73.5503,40.6335],[-73.5486,40.6339],[-73.5531,40.6303],[-73.5542,40.6331],[-73.5553,40.6315],[-73.5558,40.6325],[-73.555,40.6341],[-73.5572,40.6321],[-73.559,40.6275],[-73.5566,40.6275],[-73.5588,40.6265],[-73.5588,40.6243],[-73.5552,40.6219],[-73.5497,40.6271],[-73.5497,40.6319],[-73.5464,40.6361]]],[[[-73.4176,40.6329],[-73.419,40.637],[-73.4241,40.6346],[-73.4176,40.6329]]],[[[-73.4407,40.6357],[-73.4399,40.6377],[-73.4428,40.6381],[-73.4457,40.6345],[-73.4419,40.6327],[-73.4407,40.6357]]],[[[-73.3675,40.6337],[-73.3699,40.6383],[-73.3706,40.6334],[-73.3716,40.6345],[-73.3705,40.6315],[-73.364,40.6331],[-73.3654,40.6353],[-73.3675,40.6337]]],[[[-73.4807,40.6337],[-73.4836,40.6379],[-73.4871,40.6379],[-73.4892,40.6357],[-73.4898,40.6297],[-73.485,40.6283],[-73.4762,40.6287],[-73.4723,40.6307],[-73.4724,40.6325],[-73.4737,40.6337],[-73.4807,40.6337]]],[[[-73.847,40.6321],[-73.8433,40.6374],[-73.847,40.639],[-73.8558,40.635],[-73.8581,40.6305],[-73.8482,40.6302],[-73.847,40.6321]]],[[[-73.3954,40.6347],[-73.3942,40.6357],[-73.3946,40.6391],[-73.4018,40.6378],[-73.4002,40.6355],[-73.3954,40.6347]]],[[[-73.8218,40.6354],[-73.8237,40.6392],[-73.8241,40.6361],[-73.8276,40.635],[-73.833,40.6383],[-73.832,40.6327],[-73.8369,40.6209],[-73.836,40.6174],[-73.8388,40.6177],[-73.8397,40.6164],[-73.8364,40.6144],[-73.8359,40.6115],[-73.8333,40.6145],[-73.8304,40.615],[-73.8269,40.6127],[-73.8258,40.6136],[-73.8216,40.6075],[-73.8203,40.6095],[-73.8223,40.6087],[-73.8224,40.6098],[-73.8206,40.6098],[-73.8206,40.6113],[-73.8196,40.6099],[-73.8232,40.6051],[-73.8229,40.6019],[-73.8245,40.5997],[-73.8217,40.5993],[-73.8319,40.5975],[-73.8332,40.5944],[-73.8208,40.596],[-73.8172,40.6045],[-73.8139,40.6063],[-73.8174,40.6175],[-73.8144,40.6203],[-73.8181,40.6205],[-73.819,40.6229],[-73.8155,40.6229],[-73.8177,40.6289],[-73.8206,40.6297],[-73.8211,40.632],[-73.8197,40.6336],[-73.8218,40.6354]],[[-73.8232,40.6249],[-73.823,40.63],[-73.8207,40.6232],[-73.8221,40.6206],[-73.8193,40.6181],[-73.8204,40.6148],[-73.823,40.6168],[-73.8209,40.6184],[-73.8232,40.6249]],[[-73.8296,40.6186],[-73.8324,40.6152],[-73.8327,40.6169],[-73.8294,40.6205],[-73.8296,40.6186]],[[-73.8297,40.6247],[-73.8314,40.623],[-73.83,40.6215],[-73.8315,40.622],[-73.8297,40.6247]]],[[[-73.3793,40.6333],[-73.3811,40.6385],[-73.3868,40.6394],[-73.3894,40.6382],[-73.3827,40.6328],[-73.3801,40.632],[-73.3793,40.6333]]],[[[-73.3496,40.6383],[-73.3511,40.6396],[-73.3517,40.6361],[-73.3412,40.6391],[-73.3496,40.6383]]],[[[-73.5102,40.6383],[-73.5094,40.6393],[-73.5141,40.6409],[-73.5169,40.6379],[-73.5161,40.6359],[-73.5102,40.6383]]],[[[-73.5156,40.6409],[-73.5153,40.6411],[-73.5154,40.6411],[-73.5171,40.6407],[-73.5177,40.6405],[-73.5174,40.6397],[-73.5156,40.6409]]],[[[-73.4248,40.6379],[-73.4233,40.6396],[-73.4297,40.6419],[-73.4308,40.6393],[-73.4352,40.6391],[-73.4347,40.6379],[-73.4248,40.6379]]],[[[-73.3318,40.6421],[-73.3324,40.6421],[-73.3318,40.6415],[-73.3318,40.6421]]],[[[-73.3297,40.6433],[-73.331,40.6427],[-73.3297,40.6425],[-73.3297,40.6433]]],[[[-73.3352,40.6423],[-73.338,40.6434],[-73.339,40.6399],[-73.3352,40.6423]]],[[[-73.4005,40.6425],[-73.4014,40.6438],[-73.4047,40.6437],[-73.4042,40.6417],[-73.4005,40.6425]]],[[[-73.399,40.6431],[-73.3987,40.644],[-73.4005,40.6437],[-73.4002,40.6431],[-73.399,40.6431]]],[[[-73.4108,40.6397],[-73.4067,40.6423],[-73.4132,40.6442],[-73.4141,40.636],[-73.4108,40.6397]]],[[[-73.3971,40.6438],[-73.3976,40.6443],[-73.3981,40.6442],[-73.3977,40.6436],[-73.3971,40.6438]]],[[[-73.4791,40.6439],[-73.4803,40.6453],[-73.485,40.6451],[-73.4869,40.6415],[-73.4787,40.6393],[-73.4791,40.6439]]],[[[-73.3866,40.6421],[-73.3822,40.6437],[-73.3927,40.6457],[-73.3957,40.6438],[-73.3928,40.6402],[-73.3887,40.6401],[-73.3866,40.6421]]],[[[-73.2503,40.6459],[-73.2514,40.6451],[-73.2496,40.6448],[-73.2503,40.6459]]],[[[-73.3744,40.645],[-73.3743,40.6462],[-73.3762,40.6454],[-73.3744,40.645]]],[[[-73.3233,40.6464],[-73.3274,40.6439],[-73.3274,40.6413],[-73.3317,40.6409],[-73.3315,40.639],[-73.3338,40.6417],[-73.3449,40.6368],[-73.3441,40.6352],[-73.3473,40.6363],[-73.3688,40.6309],[-73.3649,40.6308],[-73.3721,40.6272],[-73.3743,40.6295],[-73.3734,40.6273],[-73.3758,40.6262],[-73.3783,40.6259],[-73.3755,40.628],[-73.3767,40.6292],[-73.3874,40.6265],[-73.3859,40.6237],[-73.3828,40.6237],[-73.3875,40.6229],[-73.3918,40.6249],[-73.3972,40.6237],[-73.3966,40.6197],[-73.393,40.6198],[-73.4027,40.6172],[-73.3995,40.6187],[-73.4059,40.6223],[-73.4135,40.6206],[-73.4139,40.6151],[-73.4168,40.6189],[-73.4206,40.6187],[-73.4216,40.6159],[-73.4239,40.6148],[-73.4214,40.6184],[-73.4242,40.6166],[-73.4256,40.6177],[-73.4612,40.6123],[-73.4818,40.6059],[-73.482,40.6011],[-73.4925,40.5991],[-73.495,40.5995],[-73.4958,40.6025],[-73.4923,40.6033],[-73.4905,40.6055],[-73.4919,40.6061],[-73.4885,40.6083],[-73.4968,40.6095],[-73.4974,40.6121],[-73.5,40.6135],[-73.5013,40.6095],[-73.5088,40.6075],[-73.5115,40.6045],[-73.5115,40.6021],[-73.5132,40.6027],[-73.5179,40.5997],[-73.5281,40.5997],[-73.5379,40.5963],[-73.542,40.5969],[-73.5453,40.5939],[-73.5541,40.5921],[-73.5506,40.5915],[-73.5508,40.5903],[-73.5548,40.5901],[-73.5555,40.5923],[-73.5642,40.5891],[-73.5671,40.5863],[-73.5686,40.5879],[-73.57,40.5869],[-73.5688,40.5887],[-73.5727,40.5895],[-73.571,40.5845],[-73.5624,40.5837],[-73.4848,40.5967],[-73.4238,40.6092],[-73.392,40.6175],[-73.3515,40.6305],[-73.3418,40.6327],[-73.3263,40.6331],[-73.3103,40.6389],[-73.2941,40.6376],[-73.2823,40.6389],[-73.2671,40.6355],[-73.2552,40.637],[-73.249,40.641],[-73.2494,40.6426],[-73.2771,40.6426],[-73.2999,40.6398],[-73.3116,40.6425],[-73.3142,40.6437],[-73.3119,40.6443],[-73.3139,40.6458],[-73.3155,40.6434],[-73.3144,40.643],[-73.3185,40.6426],[-73.3175,40.6447],[-73.3233,40.6464]]],[[[-73.4762,40.6469],[-73.4789,40.6459],[-73.4756,40.6451],[-73.4762,40.6469]]],[[[-73.2461,40.6476],[-73.2476,40.6464],[-73.2469,40.6438],[-73.2445,40.6459],[-73.2461,40.6476]]],[[[-73.2866,40.6452],[-73.2834,40.6458],[-73.2893,40.6478],[-73.2866,40.6452]]],[[[-73.3348,40.6464],[-73.3376,40.6486],[-73.3451,40.6485],[-73.3512,40.6452],[-73.3494,40.6461],[-73.3495,40.648],[-73.3527,40.6471],[-73.3543,40.6483],[-73.3567,40.6476],[-73.3525,40.646],[-73.3552,40.6474],[-73.358,40.6465],[-73.3665,40.641],[-73.3561,40.6386],[-73.3658,40.6387],[-73.367,40.6407],[-73.3698,40.6394],[-73.3675,40.6354],[-73.3626,40.6361],[-73.3639,40.6345],[-73.3592,40.6347],[-73.3621,40.6368],[-73.3566,40.6349],[-73.3567,40.637],[-73.3561,40.6351],[-73.3524,40.636],[-73.3511,40.64],[-73.3466,40.6387],[-73.3441,40.6403],[-73.3401,40.6395],[-73.3394,40.6449],[-73.3335,40.6442],[-73.3367,40.6449],[-73.3348,40.6464]]],[[[-73.2934,40.6489],[-73.2981,40.6478],[-73.2981,40.6446],[-73.3024,40.6459],[-73.3052,40.6451],[-73.3059,40.6432],[-73.2988,40.6411],[-73.2923,40.6425],[-73.2894,40.6439],[-73.2934,40.6489]]],[[[-73.3303,40.6485],[-73.3371,40.6497],[-73.3334,40.6459],[-73.3303,40.6485]]],[[[-73.4826,40.6461],[-73.4795,40.6467],[-73.4826,40.6475],[-73.482,40.6497],[-73.4831,40.6501],[-73.485,40.6489],[-73.4852,40.6465],[-73.4826,40.6461]]],[[[-73.2514,40.6499],[-73.2534,40.6485],[-73.2511,40.6479],[-73.25,40.6489],[-73.2514,40.6499]]],[[[-73.339,40.6504],[-73.3433,40.6504],[-73.3403,40.649],[-73.339,40.6504]]],[[[-73.2832,40.6514],[-73.2837,40.6524],[-73.2891,40.649],[-73.2872,40.6482],[-73.2832,40.6514]]],[[[-73.231,40.6547],[-73.2355,40.6509],[-73.2259,40.6484],[-73.2241,40.6492],[-73.2269,40.6514],[-73.232,40.6515],[-73.231,40.6547]]],[[[-73.2803,40.6496],[-73.277,40.6538],[-73.2796,40.6549],[-73.2833,40.6528],[-73.2822,40.6508],[-73.2868,40.648],[-73.2812,40.6463],[-73.2803,40.6496]]],[[[-73.2954,40.6539],[-73.2962,40.6552],[-73.3009,40.6524],[-73.2995,40.6505],[-73.2941,40.6506],[-73.2954,40.6539]]],[[[-73.2561,40.6553],[-73.2576,40.6543],[-73.2546,40.6536],[-73.2544,40.6507],[-73.2528,40.6498],[-73.2494,40.6521],[-73.2507,40.6528],[-73.2499,40.6545],[-73.2561,40.6553]]],[[[-73.1784,40.6593],[-73.1809,40.6579],[-73.1823,40.6581],[-73.181,40.6586],[-73.1819,40.6593],[-73.1916,40.6594],[-73.1915,40.6577],[-73.1851,40.6544],[-73.1759,40.6523],[-73.1789,40.6529],[-73.1757,40.6563],[-73.1784,40.6593]]],[[[-73.264,40.6583],[-73.2646,40.6597],[-73.2658,40.6587],[-73.2642,40.6555],[-73.2666,40.6595],[-73.2725,40.6564],[-73.2736,40.6572],[-73.2742,40.6551],[-73.2761,40.6555],[-73.2775,40.6518],[-73.2763,40.6512],[-73.2792,40.6512],[-73.2784,40.6482],[-73.2798,40.6461],[-73.2677,40.6435],[-73.2569,40.6436],[-73.2517,40.6452],[-73.2517,40.6469],[-73.2536,40.6476],[-73.2569,40.6465],[-73.2551,40.6496],[-73.2573,40.649],[-73.2552,40.6501],[-73.2567,40.6499],[-73.2549,40.653],[-73.2611,40.6526],[-73.2589,40.6534],[-73.2611,40.6535],[-73.2608,40.6564],[-73.262,40.6581],[-73.261,40.6562],[-73.2639,40.6569],[-73.2626,40.6583],[-73.264,40.6583]]],[[[-73.1929,40.6559],[-73.2028,40.6598],[-73.2046,40.658],[-73.2042,40.6563],[-73.1969,40.6534],[-73.1929,40.6559]]],[[[-73.2394,40.6572],[-73.2385,40.6579],[-73.24,40.6598],[-73.2427,40.6595],[-73.2413,40.6569],[-73.2394,40.6572]]],[[[-73.2496,40.6602],[-73.2526,40.6596],[-73.2534,40.6572],[-73.2523,40.655],[-73.2492,40.6551],[-73.249,40.6519],[-73.2513,40.6504],[-73.2494,40.649],[-73.2509,40.6476],[-73.25,40.6469],[-73.2434,40.6508],[-73.2426,40.6538],[-73.2476,40.657],[-73.2496,40.6602]]],[[[-73.413,40.6606],[-73.413,40.6607],[-73.413,40.6612],[-73.4134,40.6609],[-73.4132,40.6604],[-73.413,40.6606]]],[[[-74.0789,40.6617],[-74.0837,40.6642],[-74.0843,40.6632],[-74.0789,40.6617]]],[[[-73.4131,40.663],[-73.413,40.6636],[-73.4134,40.6646],[-73.4138,40.6634],[-73.4132,40.6624],[-73.4131,40.663]]],[[[-73.4135,40.6669],[-73.4134,40.6671],[-73.4135,40.6677],[-73.4136,40.6681],[-73.4139,40.6676],[-73.4139,40.6674],[-73.4136,40.6667],[-73.4135,40.6669]]],[[[-74.0442,40.6886],[-74.0433,40.6897],[-74.0469,40.6911],[-74.0442,40.6886]]],[[[-74.022,40.684],[-74.0137,40.6886],[-74.013,40.6914],[-74.0186,40.6942],[-74.0217,40.6936],[-74.0278,40.6851],[-74.022,40.684]]],[[[-72.9742,40.6976],[-72.974,40.6977],[-72.9738,40.6979],[-72.9743,40.698],[-72.9743,40.6979],[-72.9744,40.6978],[-72.9743,40.6976],[-72.9742,40.6976]]],[[[-74.039,40.701],[-74.0438,40.698],[-74.0416,40.6963],[-74.0397,40.6977],[-74.0409,40.6996],[-74.0377,40.6985],[-74.039,40.701]]],[[[-72.9724,40.7023],[-72.9748,40.7018],[-72.9725,40.701],[-72.9724,40.7023]]],[[[-72.9492,40.7086],[-72.9494,40.7089],[-72.9497,40.709],[-72.9499,40.7087],[-72.9498,40.7086],[-72.9496,40.7085],[-72.9494,40.7085],[-72.9492,40.7086]]],[[[-72.9501,40.7091],[-72.9499,40.7093],[-72.95,40.7094],[-72.9502,40.7094],[-72.9506,40.7096],[-72.9506,40.7094],[-72.9505,40.7093],[-72.9504,40.7091],[-72.9502,40.709],[-72.9501,40.7091]]],[[[-72.9471,40.7114],[-72.9472,40.7116],[-72.9477,40.7118],[-72.9478,40.7117],[-72.948,40.7115],[-72.9477,40.7113],[-72.9474,40.7112],[-72.9471,40.7114]]],[[[-73.1365,40.7176],[-73.1364,40.7177],[-73.1365,40.718],[-73.1365,40.7182],[-73.1371,40.7184],[-73.1376,40.7185],[-73.1381,40.7186],[-73.1381,40.7178],[-73.1376,40.7177],[-73.1369,40.7175],[-73.1365,40.7176]]],[[[-73.1312,40.72],[-73.1348,40.7204],[-73.1366,40.7188],[-73.1341,40.7177],[-73.1339,40.7155],[-73.1304,40.7185],[-73.1312,40.72]]],[[[-72.9228,40.7224],[-72.9228,40.7223],[-72.9232,40.7223],[-72.9234,40.7221],[-72.9236,40.722],[-72.9235,40.7216],[-72.9233,40.7213],[-72.9232,40.721],[-72.9234,40.7206],[-72.923,40.7207],[-72.9228,40.7209],[-72.9226,40.7212],[-72.9225,40.7215],[-72.9225,40.7217],[-72.9223,40.7219],[-72.9223,40.7222],[-72.9228,40.7224]]],[[[-72.9169,40.7237],[-72.9169,40.7239],[-72.9174,40.7242],[-72.9176,40.724],[-72.9174,40.7238],[-72.9177,40.7234],[-72.9183,40.7235],[-72.9184,40.7233],[-72.9184,40.7228],[-72.9189,40.7227],[-72.9192,40.7224],[-72.9189,40.7222],[-72.9184,40.722],[-72.9176,40.7222],[-72.9176,40.7223],[-72.9175,40.723],[-72.9172,40.7233],[-72.9169,40.7237]]],[[[-72.8983,40.7268],[-72.8979,40.7275],[-72.8988,40.7275],[-72.8994,40.7274],[-72.8998,40.7272],[-72.8998,40.727],[-72.8993,40.7267],[-72.8983,40.7266],[-72.8983,40.7268]]],[[[-72.918,40.7281],[-72.9188,40.7283],[-72.919,40.728],[-72.9192,40.728],[-72.9195,40.728],[-72.9197,40.7279],[-72.9199,40.7277],[-72.9194,40.7276],[-72.9189,40.7277],[-72.9187,40.7276],[-72.9185,40.7276],[-72.9184,40.7278],[-72.9182,40.7278],[-72.9179,40.7278],[-72.9179,40.728],[-72.918,40.7281]]],[[[-72.9104,40.7272],[-72.9109,40.729],[-72.9128,40.7278],[-72.9104,40.7272]]],[[[-72.9119,40.7305],[-72.9157,40.7304],[-72.917,40.7286],[-72.913,40.7281],[-72.9112,40.7292],[-72.9119,40.7305]]],[[[-72.8904,40.7327],[-72.8914,40.7334],[-72.892,40.7321],[-72.8904,40.7327]]],[[[-72.8963,40.7408],[-72.8967,40.7407],[-72.8976,40.7408],[-72.8982,40.7407],[-72.8984,40.7405],[-72.8983,40.7403],[-72.8983,40.7401],[-72.898,40.7399],[-72.8974,40.7399],[-72.8968,40.7399],[-72.8968,40.7399],[-72.8968,40.7401],[-72.8967,40.7404],[-72.8963,40.7408]]],[[[-72.8337,40.7452],[-72.8328,40.7463],[-72.8349,40.7454],[-72.8337,40.7452]]],[[[-72.8344,40.7461],[-72.8339,40.7462],[-72.8337,40.7464],[-72.8337,40.7467],[-72.8338,40.7468],[-72.8339,40.7471],[-72.8338,40.7473],[-72.8341,40.7469],[-72.8342,40.7467],[-72.8345,40.7462],[-72.8346,40.746],[-72.8344,40.7461]]],[[[-72.8379,40.7452],[-72.836,40.7458],[-72.8353,40.746],[-72.8351,40.7463],[-72.8348,40.7466],[-72.8345,40.7472],[-72.8344,40.7475],[-72.8348,40.7475],[-72.8351,40.7473],[-72.8351,40.7471],[-72.8354,40.747],[-72.836,40.747],[-72.8374,40.7463],[-72.8386,40.7458],[-72.8388,40.7455],[-72.8387,40.7452],[-72.8385,40.7451],[-72.8379,40.7452]]],[[[-72.8355,40.7489],[-72.8386,40.749],[-72.8416,40.7448],[-72.8394,40.7448],[-72.8355,40.7489]]],[[[-72.8056,40.7558],[-72.8042,40.7568],[-72.805,40.7577],[-72.8056,40.7558]]],[[[-72.7952,40.7643],[-72.795,40.7645],[-72.795,40.7645],[-72.7951,40.7649],[-72.7951,40.7652],[-72.7952,40.7654],[-72.7957,40.7657],[-72.796,40.7658],[-72.7963,40.7658],[-72.7965,40.7657],[-72.7965,40.7656],[-72.7965,40.7655],[-72.7967,40.7652],[-72.7967,40.765],[-72.7966,40.7649],[-72.7964,40.7647],[-72.7963,40.7647],[-72.7954,40.7643],[-72.7952,40.7643]]],[[[-72.7555,40.7669],[-72.7546,40.769],[-72.7564,40.7703],[-72.7636,40.7661],[-72.7676,40.7673],[-72.7699,40.7636],[-72.7764,40.7631],[-72.7776,40.7615],[-72.7766,40.7612],[-72.7847,40.7583],[-72.7859,40.7599],[-72.7786,40.7614],[-72.7787,40.7636],[-72.7826,40.7647],[-72.7932,40.7633],[-72.7947,40.762],[-72.7896,40.7603],[-72.793,40.7617],[-72.7964,40.7594],[-72.7995,40.76],[-72.8013,40.7582],[-72.8003,40.7563],[-72.8083,40.7525],[-72.8055,40.7527],[-72.8071,40.7515],[-72.8219,40.7497],[-72.8335,40.7438],[-72.8397,40.7439],[-72.8447,40.7408],[-72.862,40.7359],[-72.866,40.7359],[-72.8633,40.7375],[-72.8656,40.7382],[-72.8718,40.7325],[-72.8809,40.7304],[-72.8823,40.731],[-72.8794,40.7331],[-72.8889,40.7306],[-72.8931,40.7315],[-72.8955,40.7247],[-72.8978,40.7236],[-72.9062,40.723],[-72.9102,40.7209],[-72.9082,40.7245],[-72.9115,40.7247],[-72.9166,40.7232],[-72.9202,40.7181],[-72.9182,40.7208],[-72.9209,40.7218],[-72.9225,40.7173],[-72.9254,40.7162],[-72.9281,40.7178],[-72.9304,40.7145],[-72.9328,40.7154],[-72.9359,40.7135],[-72.9378,40.7142],[-72.9394,40.7117],[-72.9473,40.7121],[-72.9454,40.711],[-72.95,40.7095],[-72.9479,40.7088],[-72.965,40.7007],[-72.9667,40.7013],[-72.9666,40.7],[-72.9705,40.7021],[-72.9706,40.6995],[-72.9753,40.7005],[-72.9715,40.699],[-72.972,40.6972],[-72.9762,40.6957],[-72.9749,40.6971],[-72.9783,40.6974],[-72.9833,40.6948],[-72.9863,40.6953],[-72.9876,40.6935],[-72.9882,40.6949],[-72.9979,40.6876],[-73.0049,40.6875],[-73.0025,40.6862],[-73.0052,40.685],[-73.0061,40.6872],[-73.0073,40.6841],[-73.0102,40.6829],[-73.0394,40.673],[-73.043,40.6744],[-73.0435,40.6719],[-73.0693,40.6668],[-73.0679,40.666],[-73.069,40.6656],[-73.0739,40.6664],[-73.098,40.6582],[-73.1039,40.6588],[-73.1037,40.6576],[-73.1059,40.6583],[-73.107,40.6569],[-73.1298,40.6543],[-73.1383,40.651],[-73.1399,40.6517],[-73.1417,40.6496],[-73.1507,40.6487],[-73.1568,40.6498],[-73.1611,40.6487],[-73.1682,40.6433],[-73.1718,40.6425],[-73.1721,40.6438],[-73.1748,40.6438],[-73.1756,40.6423],[-73.1846,40.6416],[-73.1889,40.6393],[-73.1896,40.6429],[-73.1947,40.6431],[-73.2083,40.6361],[-73.2235,40.6322],[-73.2357,40.6319],[-73.2641,40.6244],[-73.2846,40.6269],[-73.2848,40.6248],[-73.286,40.6267],[-73.2959,40.6298],[-73.3022,40.6283],[-73.3073,40.6235],[-73.3079,40.6263],[-73.3061,40.6271],[-73.3089,40.6253],[-73.3095,40.6286],[-73.311,40.6265],[-73.3109,40.6285],[-73.3141,40.6287],[-73.3078,40.6231],[-73.3075,40.6216],[-73.3114,40.6221],[-73.3105,40.6203],[-73.2581,40.6219],[-73.2084,40.6309],[-73.0682,40.663],[-73.0125,40.6797],[-72.8994,40.7215],[-72.7926,40.7545],[-72.7668,40.762],[-72.7558,40.7637],[-72.7555,40.7669]]],[[[-72.7239,40.7779],[-72.7231,40.7789],[-72.7248,40.7803],[-72.728,40.7794],[-72.7239,40.7779]]],[[[-72.7404,40.7808],[-72.7433,40.7799],[-72.7388,40.7793],[-72.7404,40.7808]]],[[[-72.6356,40.799],[-72.6361,40.7993],[-72.6365,40.7997],[-72.6366,40.8],[-72.6366,40.8002],[-72.6368,40.8003],[-72.637,40.8003],[-72.6374,40.8002],[-72.6378,40.8002],[-72.638,40.7998],[-72.6381,40.7995],[-72.6381,40.7993],[-72.6379,40.7991],[-72.6378,40.7989],[-72.6374,40.799],[-72.637,40.799],[-72.6364,40.7989],[-72.636,40.7988],[-72.6357,40.7987],[-72.6355,40.7988],[-72.6356,40.799]]],[[[-72.5612,40.8245],[-72.5627,40.8233],[-72.5602,40.8202],[-72.557,40.8208],[-72.5612,40.8245]]],[[[-73.7893,40.8358],[-73.7892,40.8361],[-73.7891,40.8362],[-73.7891,40.8364],[-73.7891,40.8365],[-73.7894,40.8364],[-73.7896,40.836],[-73.7894,40.8358],[-73.7893,40.8358]]],[[[-72.517,40.8373],[-72.5241,40.836],[-72.5249,40.8339],[-72.5201,40.8327],[-72.5153,40.8365],[-72.517,40.8373]]],[[[-73.8021,40.842],[-73.8049,40.8427],[-73.804,40.841],[-73.8021,40.842]]],[[[-72.4777,40.843],[-72.4882,40.8404],[-72.4949,40.842],[-72.4968,40.8398],[-72.4994,40.8433],[-72.4974,40.8383],[-72.5029,40.8363],[-72.5086,40.8365],[-72.5112,40.8332],[-72.5159,40.8337],[-72.5226,40.8299],[-72.5209,40.8316],[-72.5244,40.8334],[-72.5267,40.8321],[-72.5271,40.8292],[-72.534,40.8265],[-72.5418,40.8258],[-72.5426,40.8241],[-72.5462,40.8238],[-72.5486,40.8257],[-72.5493,40.8236],[-72.5504,40.8246],[-72.5501,40.8228],[-72.552,40.826],[-72.5528,40.8244],[-72.5564,40.8238],[-72.5549,40.8225],[-72.5564,40.822],[-72.5556,40.8207],[-72.5609,40.8195],[-72.5634,40.8198],[-72.5651,40.8225],[-72.5713,40.8214],[-72.573,40.82],[-72.5713,40.8187],[-72.5796,40.819],[-72.5856,40.8128],[-72.5929,40.8111],[-72.5964,40.8087],[-72.6105,40.8053],[-72.6125,40.8063],[-72.6184,40.8025],[-72.6239,40.8011],[-72.6242,40.8026],[-72.6337,40.7982],[-72.6559,40.7925],[-72.6597,40.7932],[-72.6623,40.7913],[-72.6647,40.7935],[-72.6652,40.7901],[-72.6719,40.7909],[-72.67,40.7887],[-72.6735,40.7901],[-72.6764,40.7882],[-72.6749,40.7875],[-72.6804,40.7859],[-72.6835,40.7886],[-72.6899,40.7833],[-72.7104,40.7777],[-72.7138,40.7785],[-72.7219,40.7753],[-72.7266,40.7769],[-72.7278,40.7757],[-72.7305,40.7793],[-72.7332,40.7758],[-72.7318,40.7745],[-72.7324,40.7731],[-72.7368,40.775],[-72.7379,40.772],[-72.7403,40.7727],[-72.7475,40.7683],[-72.7488,40.7687],[-72.746,40.7705],[-72.7494,40.7694],[-72.7531,40.7636],[-72.7452,40.7671],[-72.5987,40.8061],[-72.4945,40.8363],[-72.4775,40.8396],[-72.4777,40.843]]],[[[-72.4943,40.843],[-72.4941,40.844],[-72.4961,40.8429],[-72.4943,40.843]]],[[[-72.4901,40.8477],[-72.4922,40.8481],[-72.4925,40.8448],[-72.4904,40.8455],[-72.4901,40.8477]]],[[[-72.4625,40.851],[-72.4645,40.8491],[-72.4626,40.8493],[-72.4625,40.851]]],[[[-72.4962,40.8489],[-72.4949,40.8522],[-72.4976,40.8509],[-72.4962,40.8489]]],[[[-73.7808,40.8555],[-73.7813,40.8556],[-73.7814,40.8549],[-73.7807,40.8548],[-73.7808,40.8555]]],[[[-73.7834,40.8564],[-73.7838,40.8554],[-73.7833,40.8556],[-73.783,40.8548],[-73.7823,40.8549],[-73.7834,40.8564]]],[[[-73.7829,40.8456],[-73.7816,40.846],[-73.7827,40.8482],[-73.7879,40.8537],[-73.7898,40.8586],[-73.7922,40.856],[-73.7892,40.8511],[-73.7911,40.8476],[-73.7895,40.843],[-73.7839,40.8366],[-73.7811,40.8394],[-73.7829,40.8456]]],[[[-73.7678,40.8543],[-73.7651,40.8549],[-73.7708,40.8603],[-73.7725,40.8598],[-73.7718,40.8473],[-73.769,40.8447],[-73.7674,40.8448],[-73.7696,40.8476],[-73.7678,40.8543]]],[[[-73.7848,40.8597],[-73.7863,40.8604],[-73.787,40.8589],[-73.7848,40.8597]]],[[[-73.773,40.861],[-73.7732,40.8614],[-73.7736,40.8611],[-73.7733,40.8605],[-73.773,40.861]]],[[[-73.7744,40.8616],[-73.7745,40.8621],[-73.7753,40.862],[-73.7755,40.8614],[-73.7744,40.8616]]],[[[-73.7838,40.8629],[-73.7846,40.8631],[-73.7845,40.8627],[-73.7838,40.8629]]],[[[-73.7852,40.864],[-73.7857,40.864],[-73.7854,40.8634],[-73.7852,40.864]]],[[[-73.1985,40.8646],[-73.1984,40.8646],[-73.1982,40.8647],[-73.1983,40.8649],[-73.1985,40.865],[-73.1987,40.8652],[-73.1992,40.8654],[-73.1994,40.8654],[-73.1997,40.8653],[-73.1995,40.8652],[-73.1994,40.8651],[-73.1991,40.8649],[-73.1987,40.8646],[-73.1985,40.8646]]],[[[-73.7694,40.8654],[-73.7692,40.8658],[-73.7697,40.8658],[-73.7698,40.8654],[-73.7694,40.8654]]],[[[-73.8169,40.8662],[-73.8176,40.8667],[-73.8178,40.8659],[-73.8185,40.8662],[-73.8189,40.8649],[-73.8179,40.8654],[-73.8172,40.8655],[-73.8167,40.8652],[-73.8169,40.8662]]],[[[-73.766,40.8676],[-73.7669,40.868],[-73.7672,40.8673],[-73.7665,40.8672],[-73.766,40.8676]]],[[[-73.7847,40.8747],[-73.7847,40.8749],[-73.7849,40.8748],[-73.7849,40.8746],[-73.7847,40.8747]]],[[[-73.7846,40.8752],[-73.7845,40.8753],[-73.7845,40.8754],[-73.7847,40.8754],[-73.7847,40.8751],[-73.7846,40.8752]]],[[[-73.7814,40.8756],[-73.7815,40.8758],[-73.7817,40.8757],[-73.7817,40.8755],[-73.7814,40.8756]]],[[[-73.7804,40.8765],[-73.7805,40.8768],[-73.7808,40.8766],[-73.7807,40.8764],[-73.7804,40.8765]]],[[[-73.766,40.8774],[-73.7655,40.8775],[-73.7657,40.8778],[-73.7661,40.8777],[-73.7666,40.8773],[-73.766,40.8774]]],[[[-73.7628,40.8766],[-73.7624,40.8769],[-73.7612,40.8773],[-73.7617,40.8779],[-73.7632,40.8773],[-73.7633,40.8766],[-73.7628,40.8766]]],[[[-73.1944,40.8803],[-73.1946,40.8805],[-73.1947,40.8806],[-73.1948,40.8805],[-73.1949,40.8803],[-73.195,40.8801],[-73.1951,40.8794],[-73.1951,40.8787],[-73.1949,40.8782],[-73.1948,40.878],[-73.1943,40.8778],[-73.194,40.8777],[-73.1938,40.8781],[-73.1937,40.8784],[-73.194,40.8785],[-73.194,40.8787],[-73.194,40.8791],[-73.1938,40.8798],[-73.1941,40.8804],[-73.1944,40.8803],[-73.1944,40.8803]]],[[[-73.1937,40.8822],[-73.1937,40.8825],[-73.194,40.8822],[-73.1941,40.882],[-73.1943,40.8817],[-73.1943,40.8817],[-73.1942,40.8815],[-73.1939,40.8815],[-73.1937,40.8822]]],[[[-73.7682,40.8832],[-73.7672,40.8863],[-73.7704,40.8879],[-73.7748,40.8822],[-73.7699,40.88],[-73.7668,40.881],[-73.7682,40.8832]]],[[[-73.7804,40.8881],[-73.7833,40.8883],[-73.7862,40.8864],[-73.7866,40.8831],[-73.7832,40.8816],[-73.7811,40.8851],[-73.7829,40.8854],[-73.7793,40.8875],[-73.7804,40.8881]]],[[[-73.7556,40.8874],[-73.7559,40.8892],[-73.759,40.8868],[-73.7564,40.8861],[-73.7556,40.8874]]],[[[-73.2035,40.8909],[-73.2053,40.8907],[-73.2043,40.8887],[-73.2048,40.8908],[-73.2013,40.8898],[-73.2035,40.8909]]],[[[-73.2054,40.891],[-73.2051,40.8914],[-73.2054,40.8913],[-73.2057,40.8913],[-73.2056,40.8911],[-73.2055,40.8909],[-73.2054,40.8907],[-73.2054,40.891]]],[[[-73.206,40.8911],[-73.206,40.8914],[-73.2061,40.8915],[-73.2062,40.8915],[-73.2063,40.8915],[-73.2063,40.8913],[-73.2063,40.8913],[-73.2065,40.8913],[-73.2064,40.8911],[-73.2064,40.891],[-73.2062,40.891],[-73.2061,40.891],[-73.206,40.8909],[-73.206,40.8911]]],[[[-73.7808,40.893],[-73.7809,40.8934],[-73.7813,40.8932],[-73.7812,40.8927],[-73.7808,40.893]]],[[[-73.2044,40.8931],[-73.2043,40.8932],[-73.2041,40.8933],[-73.204,40.8934],[-73.2042,40.8935],[-73.2043,40.8936],[-73.2045,40.8937],[-73.2049,40.8936],[-73.2047,40.8932],[-73.2044,40.893],[-73.2042,40.8927],[-73.204,40.8925],[-73.2034,40.8919],[-73.203,40.8918],[-73.2031,40.8919],[-73.2031,40.8922],[-73.2036,40.8925],[-73.2037,40.8926],[-73.2037,40.8927],[-73.2036,40.8928],[-73.2037,40.8931],[-73.2038,40.8931],[-73.204,40.8931],[-73.2042,40.893],[-73.2044,40.8931]]],[[[-73.2062,40.8946],[-73.2062,40.8947],[-73.2063,40.8948],[-73.2066,40.8949],[-73.2067,40.8948],[-73.2068,40.8947],[-73.2074,40.8947],[-73.2073,40.8946],[-73.207,40.8945],[-73.2065,40.8945],[-73.2064,40.8943],[-73.2062,40.8941],[-73.2059,40.894],[-73.2057,40.8937],[-73.2053,40.8937],[-73.2052,40.8938],[-73.2055,40.8939],[-73.2057,40.894],[-73.2059,40.8941],[-73.2061,40.8943],[-73.2063,40.8945],[-73.2062,40.8946]]],[[[-73.2102,40.8947],[-73.2098,40.8948],[-73.2098,40.8949],[-73.2101,40.895],[-73.2103,40.8951],[-73.2107,40.8951],[-73.2109,40.8951],[-73.211,40.895],[-73.211,40.895],[-73.2105,40.8948],[-73.2105,40.8947],[-73.2104,40.8945],[-73.2102,40.8947]]],[[[-73.2076,40.8964],[-73.2088,40.8962],[-73.2078,40.895],[-73.2081,40.8962],[-73.2066,40.8958],[-73.2076,40.8964]]],[[[-73.2073,40.897],[-73.2075,40.897],[-73.2077,40.8969],[-73.2079,40.897],[-73.2082,40.8967],[-73.2086,40.8966],[-73.2088,40.8967],[-73.209,40.8967],[-73.209,40.8965],[-73.2088,40.8964],[-73.2082,40.8964],[-73.2077,40.8965],[-73.2076,40.8966],[-73.2074,40.8967],[-73.2072,40.8969],[-73.2073,40.897]]],[[[-73.2107,40.8969],[-73.2107,40.897],[-73.2107,40.8971],[-73.2108,40.8973],[-73.2108,40.8973],[-73.211,40.8974],[-73.2112,40.8974],[-73.2112,40.8972],[-73.2111,40.8971],[-73.211,40.897],[-73.2109,40.8969],[-73.2107,40.8969]]],[[[-73.2121,40.8975],[-73.2122,40.8976],[-73.2123,40.8977],[-73.2126,40.8977],[-73.213,40.8978],[-73.2132,40.8978],[-73.213,40.8976],[-73.2126,40.8975],[-73.2124,40.8974],[-73.2122,40.8974],[-73.2121,40.8975]]],[[[-73.7644,40.8977],[-73.7639,40.8984],[-73.7639,40.899],[-73.7646,40.8984],[-73.765,40.8977],[-73.7644,40.8977]]],[[[-73.2137,40.8983],[-73.2138,40.8985],[-73.2141,40.8986],[-73.2143,40.8988],[-73.2144,40.8989],[-73.2148,40.8991],[-73.2149,40.8992],[-73.215,40.8994],[-73.2151,40.8995],[-73.2153,40.8995],[-73.2156,40.8995],[-73.2156,40.8994],[-73.2157,40.8993],[-73.2154,40.8991],[-73.2146,40.8987],[-73.2141,40.8983],[-73.2137,40.8981],[-73.2137,40.8983]]],[[[-73.2149,40.9002],[-73.2149,40.9003],[-73.215,40.9005],[-73.2148,40.9006],[-73.2145,40.9007],[-73.2143,40.9011],[-73.2143,40.9012],[-73.2145,40.9012],[-73.2146,40.9011],[-73.2148,40.901],[-73.215,40.9009],[-73.2151,40.9007],[-73.2153,40.9006],[-73.2154,40.9005],[-73.2151,40.9003],[-73.215,40.9002],[-73.2149,40.9002]]],[[[-73.2163,40.9012],[-73.2162,40.9014],[-73.2163,40.9016],[-73.2164,40.9018],[-73.2167,40.9021],[-73.2171,40.9022],[-73.2173,40.9021],[-73.2173,40.902],[-73.2172,40.9018],[-73.2174,40.9014],[-73.2171,40.9012],[-73.2167,40.9011],[-73.2165,40.901],[-73.2163,40.9012]]],[[[-73.226,40.9032],[-73.2262,40.9033],[-73.2263,40.9032],[-73.2263,40.903],[-73.2255,40.9027],[-73.2251,40.9025],[-73.2244,40.9023],[-73.2244,40.9022],[-73.2242,40.9022],[-73.2238,40.9022],[-73.2232,40.9023],[-73.2235,40.9024],[-73.2238,40.9026],[-73.2239,40.9026],[-73.2233,40.9026],[-73.2223,40.9023],[-73.2223,40.9026],[-73.2225,40.9026],[-73.2228,40.9029],[-73.2232,40.903],[-73.2238,40.9031],[-73.2243,40.9032],[-73.225,40.9031],[-73.2251,40.9032],[-73.2249,40.9033],[-73.2252,40.9033],[-73.2256,40.9033],[-73.226,40.9032]]],[[[-73.2308,40.9068],[-73.2306,40.9069],[-73.2304,40.9073],[-73.2306,40.9074],[-73.2308,40.9073],[-73.231,40.9072],[-73.2311,40.9069],[-73.2311,40.9067],[-73.231,40.9067],[-73.2308,40.9068]]],[[[-73.7622,40.9077],[-73.7631,40.9077],[-73.7632,40.9071],[-73.7629,40.907],[-73.7622,40.9077]]],[[[-73.7675,40.9099],[-73.7673,40.9101],[-73.7673,40.9102],[-73.7673,40.9102],[-73.7674,40.9102],[-73.7676,40.9101],[-73.7676,40.9099],[-73.7675,40.9098],[-73.7675,40.9099]]],[[[-73.7653,40.9095],[-73.7657,40.9101],[-73.7659,40.9103],[-73.7664,40.9102],[-73.7662,40.9094],[-73.7656,40.9092],[-73.7653,40.9095]]],[[[-73.7653,40.9107],[-73.7657,40.9111],[-73.766,40.9107],[-73.7653,40.9107]]],[[[-73.7674,40.9111],[-73.7673,40.9112],[-73.7675,40.9115],[-73.7679,40.9112],[-73.7675,40.9109],[-73.7674,40.9111]]],[[[-73.1494,40.9227],[-73.1489,40.9238],[-73.1488,40.9245],[-73.149,40.9249],[-73.1494,40.9245],[-73.1497,40.9242],[-73.15,40.9238],[-73.15,40.9233],[-73.1501,40.9228],[-73.15,40.9228],[-73.1497,40.9227],[-73.1494,40.9227]]],[[[-73.1481,40.9236],[-73.1479,40.9239],[-73.1478,40.9244],[-73.1477,40.9249],[-73.1478,40.9254],[-73.1479,40.9255],[-73.1481,40.9257],[-73.1482,40.9256],[-73.1482,40.9249],[-73.1484,40.9243],[-73.1487,40.9235],[-73.1483,40.9233],[-73.1481,40.9236]]],[[[-73.7218,40.932],[-73.7236,40.931],[-73.7231,40.9305],[-73.7218,40.932]]],[[[-73.7246,40.9413],[-73.7248,40.9415],[-73.7251,40.9414],[-73.725,40.9412],[-73.7246,40.9413]]],[[[-73.7063,40.9382],[-73.7053,40.9391],[-73.707,40.9402],[-73.7017,40.9449],[-73.7076,40.9416],[-73.7074,40.9379],[-73.7063,40.9382]]],[[[-73.6981,40.9498],[-73.6979,40.951],[-73.6996,40.9497],[-73.6981,40.9498]]],[[[-73.6964,40.9513],[-73.6963,40.9516],[-73.6969,40.9514],[-73.6965,40.9512],[-73.6964,40.9513]]],[[[-73.0371,40.9551],[-73.0369,40.9551],[-73.0369,40.9553],[-73.0372,40.9554],[-73.0373,40.9555],[-73.0375,40.9557],[-73.0377,40.9557],[-73.0377,40.9554],[-73.0375,40.9551],[-73.0373,40.9551],[-73.0371,40.9551]]],[[[-73.0371,40.9561],[-73.037,40.9564],[-73.0371,40.9565],[-73.0373,40.9565],[-73.0373,40.9563],[-73.0373,40.9561],[-73.0372,40.956],[-73.0371,40.9561]]],[[[-73.0425,40.9558],[-73.0426,40.9561],[-73.0427,40.9566],[-73.0428,40.9568],[-73.0431,40.9568],[-73.0424,40.9552],[-73.0421,40.9553],[-73.0419,40.9554],[-73.0418,40.9556],[-73.0419,40.9558],[-73.042,40.9559],[-73.0422,40.9559],[-73.0423,40.9559],[-73.0424,40.9558],[-73.0425,40.9558]]],[[[-73.0371,40.9545],[-73.0399,40.9572],[-73.0395,40.9553],[-73.0371,40.9545]]],[[[-73.0373,40.9575],[-73.0376,40.9577],[-73.0379,40.9579],[-73.0382,40.9579],[-73.0381,40.9577],[-73.0379,40.9576],[-73.0377,40.9575],[-73.0375,40.9574],[-73.0374,40.9574],[-73.0373,40.9575]]],[[[-73.034,40.9561],[-73.0325,40.9575],[-73.0357,40.9578],[-73.034,40.9561]]],[[[-73.0387,40.9579],[-73.0405,40.9586],[-73.0401,40.9576],[-73.0375,40.956],[-73.0387,40.9579]]],[[[-73.0382,40.9581],[-73.0383,40.9582],[-73.0387,40.9583],[-73.039,40.9587],[-73.0392,40.9588],[-73.0394,40.9589],[-73.0396,40.9589],[-73.0397,40.9589],[-73.0397,40.9587],[-73.0395,40.9585],[-73.0393,40.9584],[-73.039,40.9583],[-73.0386,40.9581],[-73.0384,40.958],[-73.0382,40.9581]]],[[[-73.0253,40.9583],[-73.0265,40.9581],[-73.0256,40.9573],[-73.0239,40.9581],[-73.0253,40.9583]]],[[[-73.0255,40.9594],[-73.0254,40.9595],[-73.0254,40.9597],[-73.0254,40.9598],[-73.0255,40.9599],[-73.0256,40.9599],[-73.0257,40.9597],[-73.0258,40.9596],[-73.0259,40.9595],[-73.0259,40.9594],[-73.0255,40.9594],[-73.0255,40.9594]]],[[[-73.0358,40.96],[-73.0382,40.9595],[-73.033,40.9589],[-73.0358,40.96]]],[[[-73.0274,40.9598],[-73.0274,40.9598],[-73.0273,40.96],[-73.0273,40.9603],[-73.0272,40.9607],[-73.0272,40.9609],[-73.0273,40.9609],[-73.0274,40.9608],[-73.0275,40.9606],[-73.0276,40.9602],[-73.0276,40.9599],[-73.0275,40.9598],[-73.0274,40.9598]]],[[[-73.0268,40.9589],[-73.0265,40.9589],[-73.0262,40.959],[-73.0263,40.9593],[-73.0263,40.9596],[-73.0263,40.9598],[-73.0264,40.9601],[-73.0263,40.9603],[-73.0261,40.9604],[-73.0261,40.9606],[-73.0262,40.9607],[-73.0266,40.961],[-73.0268,40.961],[-73.027,40.961],[-73.027,40.9608],[-73.027,40.9606],[-73.0271,40.9599],[-73.0271,40.9597],[-73.0272,40.9594],[-73.0273,40.9591],[-73.0272,40.959],[-73.027,40.9589],[-73.0268,40.9589]]],[[[-73.0291,40.9615],[-73.0317,40.9613],[-73.033,40.9585],[-73.0316,40.958],[-73.0291,40.9615]]],[[[-73.0281,40.9571],[-73.0284,40.9618],[-73.0313,40.9581],[-73.0281,40.9571]]],[[[-73.0265,40.9613],[-73.0266,40.9616],[-73.0267,40.9618],[-73.0267,40.962],[-73.0269,40.9621],[-73.027,40.9621],[-73.0272,40.9619],[-73.0274,40.9619],[-73.0277,40.9617],[-73.0276,40.9615],[-73.0275,40.9613],[-73.0272,40.9612],[-73.0269,40.9612],[-73.0267,40.9612],[-73.0264,40.9611],[-73.0265,40.9613]]],[[[-73.0231,40.9616],[-73.0259,40.9615],[-73.025,40.9595],[-73.0231,40.9616]]],[[[-73.0261,40.9613],[-73.0261,40.9616],[-73.0261,40.9618],[-73.0259,40.962],[-73.0262,40.9622],[-73.0264,40.9622],[-73.0266,40.9622],[-73.0266,40.9621],[-73.0265,40.9619],[-73.0264,40.9615],[-73.0263,40.9613],[-73.0262,40.9613],[-73.0261,40.9613]]],[[[-72.4688,40.9763],[-72.4715,40.9774],[-72.4714,40.9794],[-72.4718,40.9749],[-72.4669,40.966],[-72.4628,40.962],[-72.4524,40.957],[-72.4585,40.9758],[-72.4612,40.9773],[-72.4688,40.9763]]],[[[-73.6225,40.9843],[-73.6285,40.9816],[-73.6292,40.9799],[-73.6242,40.9836],[-73.6242,40.9815],[-73.6217,40.9828],[-73.6225,40.9843]]],[[[-73.6095,40.9888],[-73.6101,40.9894],[-73.6109,40.9883],[-73.6095,40.9888]]],[[[-73.6076,40.9904],[-73.6082,40.9906],[-73.6079,40.9902],[-73.6076,40.9904]]],[[[-73.6375,40.9912],[-73.6375,40.993],[-73.6406,40.9937],[-73.6415,40.9907],[-73.6399,40.9884],[-73.6375,40.9912]]],[[[-72.3641,40.9927],[-72.3664,40.9937],[-72.3667,40.9927],[-72.3641,40.9927]]],[[[-73.6443,40.9952],[-73.6428,40.9954],[-73.6426,40.9969],[-73.6438,40.9963],[-73.6445,40.9952],[-73.6443,40.9952]]],[[[-73.6429,40.999],[-73.6438,40.9996],[-73.6444,40.9991],[-73.6439,40.9986],[-73.6429,40.999]]],[[[-73.6428,41.0021],[-73.6432,41.0024],[-73.6434,41.0019],[-73.6428,41.0021]]],[[[-72.187,41.0055],[-72.187,41.0056],[-72.1869,41.0057],[-72.1869,41.0059],[-72.187,41.006],[-72.187,41.0064],[-72.1869,41.0067],[-72.1868,41.0068],[-72.1867,41.007],[-72.1861,41.0075],[-72.1861,41.0075],[-72.1862,41.0076],[-72.1863,41.0077],[-72.1864,41.0076],[-72.1865,41.0074],[-72.1868,41.0072],[-72.1869,41.0069],[-72.1871,41.0066],[-72.1872,41.0064],[-72.1873,41.0061],[-72.1873,41.0057],[-72.1872,41.0056],[-72.1871,41.0055],[-72.187,41.0055]]],[[[-73.6156,41.0083],[-73.6145,41.0085],[-73.6151,41.0094],[-73.616,41.0094],[-73.6165,41.0088],[-73.6159,41.0082],[-73.6156,41.0083]]],[[[-73.5977,41.0107],[-73.5981,41.011],[-73.5987,41.011],[-73.5983,41.0107],[-73.5977,41.0107]]],[[[-73.5989,41.0136],[-73.5989,41.0134],[-73.5986,41.0133],[-73.5989,41.0136]]],[[[-73.6031,41.0139],[-73.6033,41.015],[-73.6043,41.0143],[-73.6042,41.0133],[-73.6031,41.0139]]],[[[-73.5984,41.017],[-73.5992,41.0169],[-73.5983,41.0165],[-73.5984,41.017]]],[[[-72.2802,41.0158],[-72.2924,41.0173],[-72.2876,41.0107],[-72.2802,41.0158]]],[[[-72.0575,41.0173],[-72.0597,41.0188],[-72.0612,41.0175],[-72.0617,41.0124],[-72.0593,41.0169],[-72.0575,41.0173]]],[[[-73.5918,41.0203],[-73.5918,41.0218],[-73.5924,41.0203],[-73.5918,41.0203]]],[[[-73.599,41.0232],[-73.6,41.024],[-73.6004,41.0234],[-73.5993,41.0229],[-73.599,41.0232]]],[[[-73.5992,41.0267],[-73.6,41.0266],[-73.5993,41.0262],[-73.5992,41.0267]]],[[[-72.1027,41.0266],[-72.1029,41.0266],[-72.1031,41.0267],[-72.1035,41.0268],[-72.104,41.0267],[-72.1045,41.0265],[-72.1055,41.0258],[-72.1058,41.0255],[-72.1061,41.0253],[-72.1061,41.0252],[-72.1063,41.0249],[-72.1065,41.0247],[-72.1067,41.0244],[-72.1067,41.0242],[-72.1066,41.024],[-72.1064,41.0241],[-72.1062,41.0247],[-72.106,41.025],[-72.1057,41.0251],[-72.1053,41.0252],[-72.1049,41.0252],[-72.1048,41.0254],[-72.1043,41.0258],[-72.1034,41.0265],[-72.1031,41.0265],[-72.1027,41.0265],[-72.1027,41.0266]]],[[[-73.5396,41.0252],[-73.5393,41.0274],[-73.5406,41.0261],[-73.5396,41.0252]]],[[[-72.183,41.0268],[-72.183,41.027],[-72.183,41.0271],[-72.1829,41.0274],[-72.1829,41.0275],[-72.1831,41.0276],[-72.1832,41.0278],[-72.1833,41.0278],[-72.1834,41.0279],[-72.1834,41.0278],[-72.1835,41.0276],[-72.1836,41.0274],[-72.1836,41.0272],[-72.1836,41.0269],[-72.1835,41.0268],[-72.1835,41.0267],[-72.1836,41.0266],[-72.1836,41.0266],[-72.1837,41.0267],[-72.1837,41.0267],[-72.1839,41.0267],[-72.1841,41.0266],[-72.1841,41.0264],[-72.1842,41.0263],[-72.1842,41.0261],[-72.1842,41.0259],[-72.1841,41.0258],[-72.1841,41.0257],[-72.1842,41.0256],[-72.1843,41.0256],[-72.1844,41.0257],[-72.1845,41.0258],[-72.1845,41.0259],[-72.1846,41.0259],[-72.1847,41.0257],[-72.1845,41.0255],[-72.1845,41.0254],[-72.1843,41.0253],[-72.184,41.0254],[-72.1837,41.0254],[-72.1836,41.0254],[-72.1833,41.0256],[-72.1829,41.0259],[-72.1829,41.0261],[-72.1828,41.0263],[-72.1829,41.0265],[-72.183,41.0268]]],[[[-73.5354,41.0301],[-73.5359,41.0305],[-73.5361,41.0301],[-73.5356,41.0297],[-73.5354,41.0301]]],[[[-72.1811,41.0288],[-72.1809,41.0289],[-72.1809,41.029],[-72.1808,41.0291],[-72.1808,41.0293],[-72.1808,41.03],[-72.181,41.0302],[-72.1812,41.0305],[-72.1813,41.0308],[-72.1814,41.0311],[-72.1815,41.0313],[-72.1818,41.0315],[-72.1821,41.0318],[-72.1823,41.0323],[-72.1823,41.0325],[-72.1824,41.0326],[-72.1826,41.0327],[-72.1828,41.0327],[-72.183,41.0327],[-72.1832,41.0326],[-72.1833,41.0324],[-72.1832,41.0323],[-72.183,41.0321],[-72.1828,41.0318],[-72.1826,41.0316],[-72.1824,41.0314],[-72.1824,41.0312],[-72.1823,41.0309],[-72.1821,41.0307],[-72.182,41.0305],[-72.1818,41.0303],[-72.1818,41.0302],[-72.1817,41.03],[-72.1818,41.0296],[-72.1818,41.0292],[-72.1815,41.0289],[-72.1813,41.0288],[-72.1811,41.0288]]],[[[-73.5047,41.0338],[-73.5052,41.0342],[-73.5053,41.0337],[-73.5047,41.0338]]],[[[-73.5089,41.0349],[-73.509,41.0352],[-73.5104,41.0352],[-73.5095,41.0343],[-73.5089,41.0349]]],[[[-73.5053,41.0364],[-73.5072,41.0369],[-73.5058,41.0355],[-73.5045,41.0354],[-73.5053,41.0364]]],[[[-72.0999,41.0312],[-72.0979,41.0428],[-72.0993,41.0419],[-72.0999,41.0312]]],[[[-73.4749,41.0468],[-73.4751,41.0472],[-73.476,41.0465],[-73.4749,41.0468]]],[[[-73.4566,41.0482],[-73.4575,41.0483],[-73.4577,41.0478],[-73.4566,41.0482]]],[[[-73.4608,41.0494],[-73.4606,41.0501],[-73.4612,41.0503],[-73.4617,41.0493],[-73.4608,41.0494]]],[[[-73.458,41.0505],[-73.4594,41.0503],[-73.4588,41.0493],[-73.458,41.0505]]],[[[-73.4627,41.0532],[-73.4623,41.0534],[-73.4622,41.054],[-73.4633,41.053],[-73.4627,41.0532]]],[[[-73.4052,41.055],[-73.406,41.0552],[-73.4055,41.0547],[-73.4052,41.055]]],[[[-73.4096,41.055],[-73.4085,41.0552],[-73.4094,41.0553],[-73.4099,41.0549],[-73.4096,41.055]]],[[[-73.4586,41.0561],[-73.4586,41.0565],[-73.459,41.056],[-73.4586,41.0561]]],[[[-73.4643,41.0567],[-73.4648,41.0569],[-73.4648,41.0563],[-73.4643,41.0567]]],[[[-73.4058,41.0566],[-73.4055,41.0572],[-73.4066,41.0566],[-73.406,41.0562],[-73.4058,41.0566]]],[[[-73.4675,41.0577],[-73.4674,41.0577],[-73.4679,41.0579],[-73.4677,41.0576],[-73.4675,41.0577]]],[[[-73.4104,41.0584],[-73.4102,41.0586],[-73.4106,41.0585],[-73.4106,41.0583],[-73.4104,41.0584]]],[[[-73.4053,41.0586],[-73.4051,41.0587],[-73.4059,41.0589],[-73.4058,41.0585],[-73.4053,41.0586]]],[[[-73.4057,41.0593],[-73.4056,41.0595],[-73.4061,41.0594],[-73.4058,41.0592],[-73.4057,41.0593]]],[[[-73.3894,41.0601],[-73.3867,41.0587],[-73.3868,41.0599],[-73.3894,41.0601]]],[[[-73.4226,41.06],[-73.4218,41.0606],[-73.4218,41.0615],[-73.423,41.0607],[-73.4235,41.0602],[-73.4232,41.0597],[-73.4226,41.06]]],[[[-73.4004,41.0624],[-73.4057,41.0619],[-73.4078,41.0589],[-73.4069,41.0582],[-73.4058,41.0604],[-73.4023,41.0585],[-73.4033,41.0539],[-73.4136,41.0529],[-73.4147,41.0536],[-73.4135,41.0547],[-73.4178,41.0542],[-73.4212,41.0483],[-73.4237,41.0472],[-73.4133,41.0527],[-73.4034,41.0533],[-73.4004,41.0624]]],[[[-73.4205,41.0632],[-73.4203,41.0633],[-73.4203,41.0634],[-73.4208,41.0631],[-73.4205,41.0632]]],[[[-73.3919,41.0638],[-73.3873,41.0663],[-73.3873,41.068],[-73.3906,41.0688],[-73.3946,41.0672],[-73.3949,41.0644],[-73.3919,41.0638]]],[[[-73.4185,41.0695],[-73.4187,41.07],[-73.4191,41.0695],[-73.4185,41.0695]]],[[[-73.4178,41.0703],[-73.418,41.0704],[-73.418,41.0702],[-73.4176,41.0701],[-73.4178,41.0703]]],[[[-73.3849,41.0695],[-73.3824,41.0718],[-73.3861,41.07],[-73.3849,41.0695]]],[[[-73.3723,41.0709],[-73.372,41.0719],[-73.3722,41.0726],[-73.3728,41.0724],[-73.3727,41.0722],[-73.3731,41.0709],[-73.3723,41.0709]]],[[[-73.3889,41.0722],[-73.3872,41.0724],[-73.3886,41.073],[-73.3893,41.0726],[-73.3918,41.071],[-73.3924,41.0709],[-73.3926,41.0706],[-73.392,41.0703],[-73.3889,41.0722]]],[[[-73.4038,41.0729],[-73.4037,41.0733],[-73.4045,41.0729],[-73.4038,41.0729]]],[[[-73.4149,41.0742],[-73.4155,41.0748],[-73.4152,41.0739],[-73.4149,41.0742]]],[[[-73.4196,41.0742],[-73.4197,41.0754],[-73.4203,41.0743],[-73.4206,41.0739],[-73.4203,41.073],[-73.4196,41.0742]]],[[[-73.3843,41.0823],[-73.384,41.0826],[-73.3844,41.0831],[-73.3851,41.0827],[-73.3845,41.0821],[-73.3843,41.0823]]],[[[-73.4058,41.0825],[-73.4056,41.0836],[-73.4062,41.0836],[-73.4065,41.0825],[-73.4058,41.0825]]],[[[-71.8966,41.0783],[-71.9033,41.0862],[-71.9166,41.0811],[-71.9371,41.0782],[-71.9371,41.0758],[-71.9185,41.0705],[-71.9153,41.0675],[-71.9138,41.0631],[-71.9077,41.06],[-71.9077,41.0519],[-71.9128,41.0479],[-71.9234,41.0528],[-71.9236,41.0514],[-71.9271,41.0515],[-71.9284,41.0544],[-71.9276,41.0568],[-71.9314,41.0584],[-71.936,41.0663],[-71.931,41.0667],[-71.9335,41.0732],[-71.9361,41.071],[-71.9349,41.0675],[-71.939,41.0676],[-71.9387,41.0711],[-71.9406,41.0721],[-71.9375,41.0747],[-71.9383,41.0774],[-71.9561,41.0732],[-71.9599,41.0708],[-71.9616,41.064],[-71.9568,41.0492],[-71.9628,41.0429],[-71.9716,41.0407],[-71.9796,41.0439],[-71.9823,41.0481],[-71.9924,41.0475],[-71.9973,41.0412],[-72.0044,41.037],[-72.0213,41.0217],[-72.0353,41.0199],[-72.0489,41.0233],[-72.0552,41.0215],[-72.0557,41.0185],[-72.0549,41.0202],[-72.0511,41.021],[-72.039,41.0121],[-72.0356,41.0073],[-72.0404,41.0021],[-72.0641,40.9983],[-72.0579,41.0048],[-72.0579,41.0107],[-72.0562,41.0127],[-72.0621,41.0123],[-72.0781,41.0083],[-72.0804,41.0057],[-72.0817,40.9992],[-72.0835,40.9989],[-72.083,40.9965],[-72.0964,40.9912],[-72.109,40.9941],[-72.1173,41.0007],[-72.1222,41.0075],[-72.1148,41.0138],[-72.1257,41.0237],[-72.1302,41.0471],[-72.1415,41.0551],[-72.1608,41.0626],[-72.171,41.0591],[-72.188,41.035],[-72.184,41.0323],[-72.1813,41.0334],[-72.1801,41.0296],[-72.1819,41.0225],[-72.1811,41.0157],[-72.1828,41.0104],[-72.1853,41.0079],[-72.1829,41.0019],[-72.1806,41.0013],[-72.1811,40.9999],[-72.1829,41.0012],[-72.1841,41.0004],[-72.1838,40.9977],[-72.1872,40.9998],[-72.1869,41.0011],[-72.1851,41.0001],[-72.1849,41.0021],[-72.1877,41.002],[-72.1852,41.0038],[-72.1916,41.0057],[-72.1917,41.0083],[-72.1961,41.0153],[-72.2025,41.0176],[-72.2056,41.0143],[-72.205,41.0176],[-72.2074,41.0192],[-72.2034,41.0175],[-72.2017,41.0191],[-72.2013,41.0212],[-72.2045,41.0277],[-72.2033,41.0311],[-72.1909,41.0292],[-72.1865,41.0264],[-72.1835,41.0295],[-72.1877,41.0333],[-72.2045,41.0329],[-72.2175,41.0406],[-72.2314,41.045],[-72.2612,41.0417],[-72.2625,41.0402],[-72.2576,41.0394],[-72.2429,41.0431],[-72.2407,41.0416],[-72.2392,41.0352],[-72.2431,41.0272],[-72.2423,41.0199],[-72.2465,41.0154],[-72.2471,41.0112],[-72.2515,41.006],[-72.2509,41.0026],[-72.2529,41.0032],[-72.2541,41.0015],[-72.2507,40.9959],[-72.2526,40.9976],[-72.2553,40.9958],[-72.2551,40.9938],[-72.2566,40.9944],[-72.2565,40.9965],[-72.2543,40.9977],[-72.2561,41.0035],[-72.2534,41.0122],[-72.2638,41.0128],[-72.2695,41.0032],[-72.2789,40.9998],[-72.2857,41.0011],[-72.287,41.0031],[-72.2877,41.0021],[-72.2901,41.0054],[-72.289,41.0022],[-72.2934,41.0022],[-72.2956,41.0048],[-72.296,41.0028],[-72.2988,41.0036],[-72.3004,41.0095],[-72.2979,41.0122],[-72.2977,41.0183],[-72.3041,41.0255],[-72.308,41.0374],[-72.313,41.0409],[-72.3214,41.0374],[-72.3261,41.0371],[-72.3317,41.0348],[-72.3328,41.0309],[-72.3296,41.0243],[-72.3164,41.01],[-72.318,41.0046],[-72.3234,40.9986],[-72.3325,40.9951],[-72.3436,41.0015],[-72.3484,41.0007],[-72.3498,40.9979],[-72.3678,40.9955],[-72.3675,40.9942],[-72.3638,40.994],[-72.3601,40.996],[-72.3613,40.9945],[-72.3596,40.9932],[-72.3631,40.9939],[-72.3633,40.9896],[-72.3639,40.9911],[-72.3664,40.9898],[-72.3681,40.9936],[-72.3704,40.9945],[-72.3702,41.004],[-72.3686,41.0035],[-72.3684,40.9961],[-72.3665,40.996],[-72.3713,41.013],[-72.3767,41.0197],[-72.3712,41.0039],[-72.3708,40.9969],[-72.3745,40.9885],[-72.3918,40.9663],[-72.4009,40.958],[-72.4449,40.9587],[-72.4499,40.954],[-72.443,40.9455],[-72.4505,40.917],[-72.4532,40.9171],[-72.4734,40.8997],[-72.4944,40.8949],[-72.5019,40.8954],[-72.503,40.8979],[-72.5023,40.8942],[-72.5008,40.8935],[-72.502,40.8929],[-72.5008,40.8844],[-72.4996,40.882],[-72.4859,40.8835],[-72.4652,40.8813],[-72.4465,40.8769],[-72.4416,40.8751],[-72.4389,40.8658],[-72.4322,40.8616],[-72.4326,40.8627],[-72.4308,40.8632],[-72.4262,40.8608],[-72.4234,40.8659],[-72.4248,40.8694],[-72.4218,40.8718],[-72.4212,40.8757],[-72.4224,40.8819],[-72.4213,40.8789],[-72.419,40.8804],[-72.4207,40.8781],[-72.4178,40.8734],[-72.4205,40.8704],[-72.4189,40.8652],[-72.4163,40.8662],[-72.4156,40.8649],[-72.4129,40.8719],[-72.413,40.8632],[-72.4256,40.8605],[-72.4261,40.859],[-72.4291,40.8607],[-72.4311,40.857],[-72.4349,40.8577],[-72.4357,40.8561],[-72.4438,40.8552],[-72.4538,40.8502],[-72.4597,40.8505],[-72.4617,40.8483],[-72.4669,40.8481],[-72.4693,40.8455],[-72.4738,40.8447],[-72.4743,40.8386],[-72.4741,40.8408],[-72.47,40.8427],[-72.401,40.8649],[-72.3745,40.8751],[-72.3495,40.8751],[-72.3517,40.8827],[-72.2353,40.9279],[-72.1133,40.9726],[-72.0262,41.001],[-71.9547,41.0282],[-71.9176,41.0388],[-71.9037,41.0402],[-71.8944,41.0452],[-71.8756,41.0512],[-71.8662,41.062],[-71.8603,41.0654],[-71.8562,41.0706],[-71.857,41.0731],[-71.8663,41.0778],[-71.8696,41.0751],[-71.879,41.0773],[-71.8895,41.0757],[-71.8966,41.0783]]],[[[-73.3551,41.0874],[-73.3597,41.0857],[-73.3553,41.0872],[-73.3582,41.0854],[-73.3562,41.0845],[-73.357,41.0834],[-73.3624,41.083],[-73.3585,41.0821],[-73.3557,41.0836],[-73.3551,41.0874]]],[[[-73.381,41.0893],[-73.3801,41.0904],[-73.3829,41.0897],[-73.381,41.0893]]],[[[-72.3238,41.1011],[-72.3349,41.1071],[-72.3397,41.098],[-72.3479,41.0949],[-72.3445,41.0908],[-72.3425,41.0845],[-72.3528,41.0838],[-72.3542,41.0869],[-72.3519,41.0853],[-72.3515,41.0869],[-72.3535,41.0883],[-72.3581,41.0872],[-72.3631,41.0818],[-72.3642,41.0761],[-72.3666,41.0736],[-72.3733,41.071],[-72.3759,41.0741],[-72.3847,41.0748],[-72.3889,41.0736],[-72.3914,41.0685],[-72.3876,41.0626],[-72.3826,41.0557],[-72.374,41.061],[-72.3732,41.0515],[-72.37,41.0503],[-72.3711,41.0528],[-72.3726,41.052],[-72.3723,41.0551],[-72.3712,41.0566],[-72.3684,41.0563],[-72.3712,41.0542],[-72.3689,41.0536],[-72.371,41.0518],[-72.3686,41.0499],[-72.3699,41.0499],[-72.357,41.0427],[-72.3472,41.0407],[-72.3427,41.043],[-72.3409,41.0462],[-72.3466,41.042],[-72.3495,41.042],[-72.3563,41.0527],[-72.3565,41.0556],[-72.3586,41.0563],[-72.3547,41.0626],[-72.3631,41.0599],[-72.3658,41.0626],[-72.3646,41.0664],[-72.3562,41.0655],[-72.3528,41.0632],[-72.3567,41.0576],[-72.3538,41.0565],[-72.3546,41.0543],[-72.3528,41.0517],[-72.3507,41.0526],[-72.3504,41.0477],[-72.344,41.0524],[-72.3395,41.0506],[-72.3403,41.0536],[-72.3383,41.0543],[-72.3335,41.0494],[-72.3387,41.0508],[-72.3317,41.048],[-72.3289,41.0439],[-72.3187,41.0434],[-72.317,41.0444],[-72.3188,41.0506],[-72.3138,41.0542],[-72.3102,41.054],[-72.3044,41.051],[-72.2985,41.0446],[-72.2852,41.0381],[-72.2833,41.0404],[-72.2799,41.0394],[-72.2778,41.0365],[-72.2817,41.0287],[-72.2772,41.0259],[-72.271,41.0264],[-72.2701,41.0283],[-72.281,41.0453],[-72.2792,41.0489],[-72.2729,41.0518],[-72.2831,41.0679],[-72.2951,41.0629],[-72.3001,41.067],[-72.2987,41.0696],[-72.3036,41.0664],[-72.3114,41.0659],[-72.3136,41.0633],[-72.3133,41.0667],[-72.319,41.0678],[-72.3195,41.0667],[-72.3207,41.0683],[-72.3152,41.0678],[-72.3192,41.0698],[-72.3159,41.0709],[-72.3109,41.0681],[-72.3107,41.0699],[-72.3195,41.0763],[-72.3239,41.0848],[-72.3229,41.0887],[-72.3198,41.0866],[-72.3114,41.0864],[-72.3079,41.0814],[-72.3079,41.0776],[-72.3055,41.0736],[-72.3033,41.0771],[-72.304,41.0804],[-72.3008,41.0811],[-72.2966,41.0803],[-72.2954,41.0771],[-72.2887,41.0728],[-72.2804,41.0745],[-72.2806,41.0698],[-72.277,41.0749],[-72.2773,41.0779],[-72.2806,41.0805],[-72.299,41.0812],[-72.3073,41.0859],[-72.3172,41.0887],[-72.3221,41.0955],[-72.3216,41.1003],[-72.3238,41.1011]]],[[[-73.368,41.1067],[-73.3681,41.107],[-73.3687,41.1072],[-73.3686,41.1066],[-73.3679,41.1065],[-73.368,41.1067]]],[[[-73.361,41.1083],[-73.3608,41.1086],[-73.3605,41.1091],[-73.361,41.109],[-73.3612,41.1084],[-73.3611,41.1083],[-73.361,41.1083]]],[[[-73.3597,41.1093],[-73.3601,41.1094],[-73.36,41.1091],[-73.3597,41.1093]]],[[[-72.1066,41.1077],[-72.1169,41.1123],[-72.1302,41.1242],[-72.1268,41.1173],[-72.1283,41.1081],[-72.1331,41.1036],[-72.1404,41.1011],[-72.143,41.0964],[-72.1392,41.0925],[-72.1205,41.0932],[-72.1089,41.0894],[-72.1063,41.0901],[-72.1073,41.0894],[-72.1031,41.0865],[-72.0969,41.075],[-72.0965,41.0586],[-72.0992,41.0479],[-72.0979,41.0471],[-72.0985,41.0496],[-72.0964,41.0535],[-72.0861,41.0595],[-72.0864,41.0679],[-72.0818,41.0718],[-72.0863,41.0819],[-72.0864,41.0889],[-72.0768,41.0968],[-72.0779,41.1001],[-72.0878,41.1013],[-72.1025,41.1076],[-72.1066,41.1077]]],[[[-73.2343,41.1446],[-73.2318,41.1464],[-73.2329,41.1474],[-73.2355,41.1458],[-73.2343,41.1446]]],[[[-73.1434,41.1531],[-73.1454,41.1535],[-73.1442,41.1528],[-73.1429,41.1524],[-73.1434,41.1531]]],[[[-72.1628,41.1906],[-72.172,41.1866],[-72.1903,41.1884],[-72.2011,41.1814],[-72.2093,41.1796],[-72.2126,41.174],[-72.2063,41.1717],[-72.2047,41.173],[-72.2053,41.1719],[-72.2012,41.1659],[-72.1981,41.1647],[-72.186,41.1834],[-72.1833,41.1851],[-72.1792,41.1843],[-72.1667,41.1862],[-72.162,41.1885],[-72.1612,41.1899],[-72.1628,41.1906]]],[[[-72.115,41.204],[-72.12,41.203],[-72.1232,41.2003],[-72.115,41.204]]],[[[-72.1062,41.2066],[-72.1062,41.2067],[-72.1059,41.207],[-72.1058,41.2071],[-72.1057,41.2072],[-72.1058,41.2072],[-72.1062,41.207],[-72.1071,41.2068],[-72.1072,41.2067],[-72.1073,41.2065],[-72.1074,41.2066],[-72.1075,41.2066],[-72.1075,41.2066],[-72.1078,41.2062],[-72.1079,41.206],[-72.1078,41.2058],[-72.1078,41.2057],[-72.1077,41.2057],[-72.1075,41.2057],[-72.1068,41.2058],[-72.1066,41.2058],[-72.1065,41.2059],[-72.1064,41.2061],[-72.1063,41.2062],[-72.1062,41.2066]]],[[[-72.7597,41.2411],[-72.7596,41.2421],[-72.7602,41.2422],[-72.7607,41.2431],[-72.7613,41.2429],[-72.7615,41.242],[-72.7606,41.2418],[-72.7606,41.2411],[-72.7597,41.2411]]],[[[-72.7552,41.2454],[-72.7563,41.2458],[-72.7585,41.2451],[-72.7593,41.2442],[-72.759,41.2436],[-72.7573,41.2439],[-72.7569,41.2448],[-72.756,41.2445],[-72.7552,41.2454]]],[[[-72.809,41.2473],[-72.8095,41.2473],[-72.8107,41.2464],[-72.8102,41.246],[-72.809,41.2473]]],[[[-72.7497,41.2469],[-72.7496,41.2476],[-72.7504,41.2472],[-72.7504,41.2467],[-72.7497,41.2469]]],[[[-72.8154,41.2468],[-72.8153,41.2468],[-72.8139,41.2481],[-72.8142,41.2485],[-72.8162,41.2473],[-72.8162,41.2467],[-72.8154,41.2468]]],[[[-72.7539,41.2492],[-72.7548,41.2492],[-72.7564,41.2475],[-72.7563,41.2466],[-72.755,41.2467],[-72.7547,41.2475],[-72.754,41.2477],[-72.7536,41.2487],[-72.7542,41.2485],[-72.7539,41.2492]]],[[[-72.7514,41.2503],[-72.7531,41.2488],[-72.7504,41.2496],[-72.7514,41.2503]]],[[[-72.7552,41.2503],[-72.7563,41.251],[-72.7599,41.2479],[-72.7552,41.2503]]],[[[-72.7452,41.2501],[-72.7454,41.2514],[-72.7462,41.251],[-72.7461,41.25],[-72.7456,41.2498],[-72.7452,41.2501]]],[[[-72.8554,41.2516],[-72.8562,41.2526],[-72.8575,41.2503],[-72.8583,41.2477],[-72.8569,41.2473],[-72.8556,41.2483],[-72.8543,41.2473],[-72.8544,41.2489],[-72.8503,41.2511],[-72.8554,41.2516]]],[[[-72.7464,41.253],[-72.747,41.2535],[-72.7484,41.2522],[-72.7475,41.252],[-72.7464,41.253]]],[[[-72.7413,41.2525],[-72.7407,41.2535],[-72.743,41.2529],[-72.7413,41.2525]]],[[[-72.5132,41.2536],[-72.513,41.2537],[-72.5131,41.254],[-72.5136,41.2538],[-72.5134,41.2534],[-72.5132,41.2536]]],[[[-72.7334,41.2536],[-72.7333,41.2542],[-72.7338,41.2543],[-72.7349,41.2537],[-72.7344,41.2532],[-72.7334,41.2536]]],[[[-72.7486,41.254],[-72.7483,41.254],[-72.7482,41.2544],[-72.7486,41.2545],[-72.7488,41.254],[-72.7486,41.254]]],[[[-72.7491,41.2545],[-72.7488,41.2546],[-72.7489,41.2551],[-72.7498,41.2547],[-72.7494,41.2544],[-72.7491,41.2545]]],[[[-72.7474,41.2554],[-72.7476,41.2559],[-72.7483,41.2554],[-72.748,41.255],[-72.7474,41.2554]]],[[[-72.7541,41.2548],[-72.7548,41.2563],[-72.7588,41.2536],[-72.7541,41.2548]]],[[[-72.7402,41.2549],[-72.7404,41.2562],[-72.742,41.256],[-72.7422,41.2543],[-72.7402,41.2549]]],[[[-72.7079,41.2555],[-72.707,41.2565],[-72.7088,41.2561],[-72.7079,41.2555]]],[[[-72.7129,41.2555],[-72.7122,41.2559],[-72.7121,41.2566],[-72.7128,41.2565],[-72.7138,41.2559],[-72.7138,41.2553],[-72.7129,41.2555]]],[[[-72.7295,41.256],[-72.729,41.2562],[-72.7294,41.2569],[-72.7301,41.2565],[-72.7301,41.2558],[-72.7295,41.256]]],[[[-72.7939,41.2561],[-72.7936,41.2562],[-72.7933,41.257],[-72.794,41.2571],[-72.7944,41.2564],[-72.7941,41.256],[-72.7939,41.2561]]],[[[-72.7577,41.2566],[-72.7571,41.2572],[-72.7586,41.2569],[-72.7586,41.2564],[-72.7577,41.2566]]],[[[-72.4744,41.2553],[-72.4744,41.2555],[-72.4745,41.2561],[-72.4747,41.2564],[-72.475,41.2572],[-72.4751,41.2574],[-72.4753,41.2574],[-72.4755,41.2572],[-72.4757,41.2569],[-72.4757,41.2567],[-72.4756,41.2564],[-72.4749,41.2555],[-72.4747,41.2553],[-72.4745,41.2552],[-72.4744,41.2553]]],[[[-72.8243,41.2578],[-72.8243,41.2578],[-72.8264,41.2559],[-72.8243,41.2578]]],[[[-72.7525,41.2595],[-72.7521,41.2598],[-72.7525,41.2602],[-72.7533,41.2595],[-72.7528,41.2593],[-72.7525,41.2595]]],[[[-72.7622,41.2605],[-72.7643,41.2593],[-72.763,41.2582],[-72.7613,41.2589],[-72.7622,41.2605]]],[[[-72.7549,41.2628],[-72.7547,41.2631],[-72.7555,41.2629],[-72.755,41.2625],[-72.7549,41.2628]]],[[[-72.7617,41.263],[-72.7614,41.2633],[-72.762,41.2635],[-72.7625,41.263],[-72.7618,41.2628],[-72.7617,41.263]]],[[[-72.7547,41.2635],[-72.7549,41.2638],[-72.7554,41.2637],[-72.7553,41.2633],[-72.7547,41.2635]]],[[[-72.7653,41.2631],[-72.7655,41.2638],[-72.766,41.2636],[-72.7661,41.263],[-72.7653,41.2631]]],[[[-72.7632,41.2631],[-72.7634,41.2644],[-72.7647,41.2638],[-72.7632,41.2631]]],[[[-72.6002,41.2657],[-72.6007,41.2662],[-72.6009,41.2667],[-72.6026,41.267],[-72.6036,41.2662],[-72.6022,41.2653],[-72.6002,41.2657]]],[[[-72.4621,41.2606],[-72.462,41.2606],[-72.462,41.2607],[-72.4622,41.2609],[-72.4625,41.2611],[-72.4626,41.2613],[-72.4627,41.2616],[-72.4628,41.2618],[-72.463,41.2624],[-72.4632,41.2627],[-72.4633,41.2628],[-72.4632,41.263],[-72.4634,41.2631],[-72.4634,41.2632],[-72.4636,41.2635],[-72.4639,41.2637],[-72.464,41.2638],[-72.464,41.2641],[-72.4647,41.2647],[-72.4652,41.2652],[-72.4665,41.2663],[-72.4666,41.2664],[-72.4668,41.2666],[-72.4671,41.2667],[-72.4673,41.2668],[-72.4674,41.267],[-72.4674,41.2672],[-72.4676,41.2672],[-72.4676,41.2671],[-72.4677,41.267],[-72.4679,41.267],[-72.4679,41.2669],[-72.4677,41.2667],[-72.4674,41.2666],[-72.4669,41.2661],[-72.4665,41.2658],[-72.4662,41.2656],[-72.4661,41.2654],[-72.4659,41.2653],[-72.4654,41.2649],[-72.4652,41.2646],[-72.4649,41.2639],[-72.4645,41.2631],[-72.4641,41.2626],[-72.4637,41.2623],[-72.4634,41.262],[-72.4631,41.2618],[-72.4628,41.2613],[-72.4626,41.261],[-72.4622,41.2606],[-72.4622,41.2606],[-72.4621,41.2606]]],[[[-72.05,41.2766],[-72.0532,41.2766],[-72.0521,41.2757],[-72.05,41.2766]]],[[[-72.3947,41.2772],[-72.3983,41.2772],[-72.3975,41.2754],[-72.395,41.2726],[-72.3924,41.2724],[-72.3923,41.2709],[-72.3904,41.2709],[-72.39,41.2734],[-72.3923,41.2766],[-72.3947,41.2772]]],[[[-72.3199,41.2797],[-72.3206,41.2807],[-72.3218,41.2796],[-72.3199,41.2797]]],[[[-72.3337,41.2818],[-72.3338,41.2818],[-72.3339,41.2819],[-72.3341,41.2819],[-72.3342,41.2818],[-72.3342,41.2817],[-72.3342,41.2816],[-72.3342,41.2814],[-72.3342,41.2813],[-72.3341,41.2812],[-72.334,41.2812],[-72.3339,41.281],[-72.3337,41.2807],[-72.3336,41.2806],[-72.3335,41.2807],[-72.3331,41.2806],[-72.3329,41.2807],[-72.3329,41.2807],[-72.3329,41.2809],[-72.3328,41.281],[-72.3328,41.2811],[-72.3329,41.2812],[-72.3329,41.2813],[-72.3334,41.2818],[-72.3335,41.2819],[-72.3336,41.2818],[-72.3337,41.2818]]],[[[-72.0152,41.2821],[-72.0139,41.2824],[-72.0144,41.284],[-72.0164,41.2831],[-72.0152,41.2821]]],[[[-72.3224,41.286],[-72.3235,41.2861],[-72.3226,41.2835],[-72.3201,41.2853],[-72.3224,41.286]]],[[[-72.0082,41.2834],[-72.008,41.2865],[-72.0097,41.2847],[-72.0082,41.2834]]],[[[-72.0187,41.2868],[-72.0182,41.2879],[-72.0211,41.2885],[-72.0187,41.2868]]],[[[-72.2225,41.289],[-72.2227,41.2891],[-72.2229,41.289],[-72.2229,41.289],[-72.2227,41.2888],[-72.2225,41.2887],[-72.2225,41.289]]],[[[-72.2394,41.2887],[-72.2392,41.2889],[-72.2392,41.2891],[-72.2392,41.2893],[-72.2393,41.2894],[-72.2396,41.2896],[-72.2399,41.2896],[-72.2401,41.2896],[-72.2401,41.2895],[-72.2401,41.2894],[-72.2401,41.2889],[-72.24,41.2889],[-72.2399,41.2887],[-72.2394,41.2887]]],[[[-72.2229,41.2894],[-72.2228,41.2896],[-72.2229,41.2897],[-72.2232,41.2897],[-72.2232,41.2896],[-72.2232,41.2895],[-72.2232,41.2894],[-72.223,41.2894],[-72.2229,41.2894]]],[[[-72.2227,41.2905],[-72.2226,41.2906],[-72.2227,41.2908],[-72.2226,41.291],[-72.2228,41.2911],[-72.2229,41.2911],[-72.223,41.2908],[-72.223,41.2906],[-72.223,41.2905],[-72.2229,41.2905],[-72.2228,41.2904],[-72.2227,41.2905]]],[[[-72.3263,41.2908],[-72.3264,41.2911],[-72.3266,41.2912],[-72.3266,41.2913],[-72.3268,41.2914],[-72.327,41.2915],[-72.3272,41.2916],[-72.3273,41.2915],[-72.3274,41.2914],[-72.3274,41.2912],[-72.3274,41.2911],[-72.3272,41.291],[-72.3266,41.2907],[-72.3265,41.2907],[-72.3263,41.2908]]],[[[-72.2272,41.2906],[-72.2272,41.2907],[-72.2273,41.2908],[-72.2273,41.291],[-72.2275,41.2911],[-72.2275,41.2912],[-72.2278,41.2919],[-72.2279,41.2917],[-72.228,41.2915],[-72.2279,41.2912],[-72.2279,41.2911],[-72.2278,41.291],[-72.2277,41.2909],[-72.2277,41.2907],[-72.2276,41.2905],[-72.2275,41.2905],[-72.2274,41.2905],[-72.2272,41.2906]]],[[[-71.9226,41.2922],[-71.9356,41.2902],[-71.9393,41.2914],[-71.949,41.2824],[-71.9543,41.2849],[-71.9613,41.2827],[-71.9675,41.285],[-71.9692,41.2846],[-71.9699,41.281],[-71.9744,41.281],[-71.9786,41.2786],[-71.9833,41.2814],[-71.9911,41.2813],[-71.9931,41.2794],[-71.9944,41.2702],[-72.0028,41.2663],[-72.0045,41.2611],[-72.0059,41.2622],[-72.0045,41.2623],[-72.0046,41.2642],[-72.0071,41.264],[-72.008,41.2609],[-72.0051,41.2605],[-72.0055,41.2591],[-72.0064,41.2601],[-72.0087,41.2589],[-72.0077,41.2601],[-72.0103,41.2629],[-72.0132,41.2637],[-72.0125,41.2656],[-72.009,41.2667],[-72.0095,41.2685],[-72.0076,41.2707],[-72.0208,41.2757],[-72.0245,41.2733],[-72.0232,41.2706],[-72.0207,41.27],[-72.0228,41.2643],[-72.0207,41.2617],[-72.0228,41.2619],[-72.0241,41.2592],[-72.0257,41.2618],[-72.026,41.2601],[-72.0277,41.2629],[-72.0251,41.2643],[-72.0257,41.2665],[-72.0266,41.2638],[-72.0294,41.2631],[-72.0312,41.258],[-72.0347,41.2564],[-72.038,41.2497],[-72.0259,41.251],[-72.0159,41.2558],[-72.0028,41.2528],[-71.9976,41.2546],[-71.99,41.2626],[-71.9799,41.2685],[-71.9763,41.2689],[-71.973,41.2719],[-71.9681,41.273],[-71.9652,41.2759],[-71.9616,41.2768],[-71.955,41.2754],[-71.9536,41.2757],[-71.9553,41.2764],[-71.9542,41.2777],[-71.9525,41.2771],[-71.9501,41.2794],[-71.9476,41.2773],[-71.9444,41.2806],[-71.9352,41.2806],[-71.9288,41.2849],[-71.9279,41.2894],[-71.9226,41.2922]]],[[[-72.2225,41.2916],[-72.2225,41.2917],[-72.2225,41.2918],[-72.2224,41.292],[-72.2222,41.2923],[-72.2222,41.2924],[-72.2222,41.2926],[-72.2222,41.2926],[-72.2225,41.2928],[-72.2227,41.2927],[-72.2228,41.2924],[-72.2229,41.2922],[-72.2229,41.292],[-72.2229,41.292],[-72.223,41.2919],[-72.223,41.2917],[-72.223,41.2916],[-72.2228,41.2915],[-72.2227,41.2914],[-72.2225,41.2916]]],[[[-72.2445,41.2922],[-72.2445,41.2924],[-72.2445,41.2925],[-72.2445,41.2926],[-72.2445,41.2927],[-72.2446,41.2928],[-72.2447,41.2929],[-72.2451,41.293],[-72.2452,41.293],[-72.2453,41.2929],[-72.2454,41.2926],[-72.2454,41.2925],[-72.2453,41.2922],[-72.2452,41.2922],[-72.2449,41.2921],[-72.2448,41.2921],[-72.2447,41.2921],[-72.2445,41.2922]]],[[[-72.2248,41.2952],[-72.2246,41.2927],[-72.2231,41.2948],[-72.2248,41.2952]]],[[[-72.3369,41.2947],[-72.3427,41.2985],[-72.3374,41.2867],[-72.334,41.285],[-72.3337,41.2827],[-72.3309,41.2804],[-72.3248,41.2813],[-72.3242,41.2844],[-72.33,41.2858],[-72.3244,41.2845],[-72.3253,41.2879],[-72.329,41.2893],[-72.3334,41.2865],[-72.3295,41.289],[-72.3296,41.2903],[-72.3265,41.2882],[-72.3259,41.2896],[-72.3369,41.2947]]],[[[-72.2233,41.2986],[-72.2235,41.2987],[-72.2238,41.2986],[-72.2239,41.2986],[-72.2239,41.2984],[-72.2238,41.298],[-72.2238,41.2976],[-72.2239,41.2975],[-72.2241,41.2974],[-72.2242,41.2973],[-72.2241,41.2972],[-72.2241,41.2969],[-72.2241,41.2968],[-72.224,41.2967],[-72.2238,41.2966],[-72.2236,41.2966],[-72.2235,41.2965],[-72.2233,41.2963],[-72.2231,41.2965],[-72.223,41.2967],[-72.2231,41.297],[-72.2231,41.2971],[-72.2232,41.2973],[-72.2232,41.2975],[-72.2232,41.2978],[-72.2232,41.2979],[-72.2233,41.2982],[-72.2233,41.2984],[-72.2233,41.2985],[-72.2233,41.2986]]],[[[-72.2191,41.3018],[-72.2228,41.3001],[-72.221,41.2961],[-72.2205,41.2975],[-72.2174,41.2963],[-72.2191,41.3018]]],[[[-72.2227,41.3012],[-72.2226,41.3012],[-72.2224,41.3013],[-72.2222,41.3014],[-72.2222,41.3015],[-72.2221,41.3017],[-72.2221,41.3019],[-72.2222,41.3023],[-72.2224,41.3021],[-72.2226,41.3017],[-72.2228,41.3016],[-72.2228,41.3015],[-72.2229,41.3014],[-72.2229,41.3013],[-72.2229,41.3012],[-72.2227,41.3012],[-72.2227,41.3012]]],[[[-72.2216,41.3022],[-72.2215,41.3025],[-72.2214,41.3026],[-72.2214,41.3027],[-72.2215,41.3028],[-72.2215,41.3029],[-72.2215,41.303],[-72.2217,41.3029],[-72.2218,41.3028],[-72.2219,41.3025],[-72.2219,41.3023],[-72.2219,41.3022],[-72.2217,41.3022],[-72.2216,41.3022]]],[[[-72.219,41.3042],[-72.219,41.3043],[-72.2192,41.3045],[-72.2192,41.3046],[-72.2191,41.3047],[-72.2194,41.305],[-72.2196,41.3049],[-72.2198,41.3048],[-72.2198,41.3046],[-72.2198,41.3042],[-72.2198,41.304],[-72.22,41.3038],[-72.22,41.3037],[-72.2199,41.3036],[-72.2199,41.3034],[-72.22,41.3032],[-72.2201,41.303],[-72.22,41.3028],[-72.2197,41.3029],[-72.2194,41.3031],[-72.2193,41.3032],[-72.2191,41.3033],[-72.219,41.3034],[-72.2186,41.3035],[-72.2185,41.3036],[-72.2183,41.3038],[-72.2182,41.3039],[-72.2182,41.3041],[-72.2183,41.3042],[-72.2185,41.3042],[-72.2185,41.3043],[-72.2187,41.3043],[-72.2187,41.3042],[-72.2189,41.3041],[-72.219,41.3042]]],[[[-71.9917,41.314],[-71.9916,41.3143],[-71.9913,41.3147],[-71.9918,41.3151],[-71.992,41.3156],[-71.9924,41.3155],[-71.9925,41.3152],[-71.9923,41.3151],[-71.9923,41.3149],[-71.9923,41.3146],[-71.9923,41.3142],[-71.9923,41.3138],[-71.992,41.3136],[-71.9917,41.314]]],[[[-71.9784,41.3119],[-71.977,41.3165],[-71.98,41.3134],[-71.9799,41.3114],[-71.976,41.3116],[-71.9784,41.3119]]],[[[-71.9631,41.324],[-71.9642,41.3215],[-71.9631,41.3209],[-71.9619,41.3223],[-71.9631,41.324]]],[[[-72.3479,41.3301],[-72.3472,41.3264],[-72.3448,41.3239],[-72.3426,41.3277],[-72.3479,41.3301]]],[[[-71.9534,41.3315],[-71.955,41.3312],[-71.9556,41.3273],[-71.9533,41.3289],[-71.9548,41.3308],[-71.9534,41.3315]]],[[[-71.9463,41.3312],[-71.9462,41.3313],[-71.9462,41.3313],[-71.9464,41.3315],[-71.9465,41.3316],[-71.9466,41.3317],[-71.9466,41.3317],[-71.9468,41.3318],[-71.9469,41.3318],[-71.947,41.3316],[-71.9471,41.3309],[-71.9471,41.3307],[-71.947,41.3307],[-71.9469,41.3307],[-71.9463,41.3312]]],[[[-71.9551,41.3317],[-71.9557,41.3349],[-71.9583,41.3331],[-71.9571,41.3302],[-71.9551,41.3317]]],[[[-72.0919,41.3365],[-72.0928,41.3368],[-72.0925,41.3363],[-72.0919,41.3365]]],[[[-72.3531,41.3397],[-72.3545,41.3398],[-72.3531,41.3382],[-72.3539,41.336],[-72.3464,41.3321],[-72.3459,41.337],[-72.3531,41.3397]]],[[[-72.3598,41.3526],[-72.3609,41.3504],[-72.3588,41.3478],[-72.3579,41.3498],[-72.3538,41.3505],[-72.3598,41.3526]]],[[[-72.3698,41.3493],[-72.3748,41.3536],[-72.3758,41.3496],[-72.3669,41.3429],[-72.3698,41.3493]]],[[[-72.3657,41.356],[-72.3667,41.3548],[-72.3636,41.3561],[-72.3657,41.356]]],[[[-72.3605,41.359],[-72.3626,41.3583],[-72.3618,41.3551],[-72.3595,41.354],[-72.3591,41.3588],[-72.3605,41.359]]],[[[-72.357,41.3593],[-72.3572,41.3594],[-72.3571,41.3595],[-72.3571,41.3598],[-72.357,41.36],[-72.357,41.3601],[-72.3571,41.3602],[-72.3572,41.3602],[-72.3573,41.36],[-72.3576,41.3597],[-72.3579,41.3596],[-72.358,41.3596],[-72.358,41.3593],[-72.3578,41.3593],[-72.3577,41.3592],[-72.3574,41.3592],[-72.3573,41.3591],[-72.3572,41.359],[-72.357,41.359],[-72.3569,41.3591],[-72.357,41.3593]]],[[[-72.3627,41.3603],[-72.365,41.3596],[-72.3642,41.3576],[-72.3627,41.3603]]],[[[-72.3613,41.362],[-72.363,41.3592],[-72.3614,41.3596],[-72.3613,41.362]]],[[[-72.4161,41.3907],[-72.4245,41.3955],[-72.421,41.3918],[-72.4161,41.3907]]],[[[-72.3952,41.3894],[-72.4035,41.4002],[-72.4108,41.4031],[-72.4151,41.4089],[-72.4167,41.4097],[-72.4211,41.4079],[-72.4194,41.3987],[-72.4158,41.3941],[-72.4068,41.3903],[-72.3952,41.3894]]],[[[-72.4148,41.4094],[-72.4147,41.4107],[-72.4166,41.4106],[-72.4148,41.4094]]],[[[-72.0578,41.4793],[-72.0574,41.4796],[-72.0573,41.4798],[-72.0572,41.4799],[-72.0572,41.4801],[-72.0574,41.4802],[-72.0575,41.4802],[-72.0575,41.4801],[-72.0576,41.48],[-72.0578,41.4798],[-72.0579,41.4797],[-72.058,41.4796],[-72.0582,41.4795],[-72.0582,41.4794],[-72.0582,41.4792],[-72.058,41.4792],[-72.0578,41.4793]]]]}},{"type":"Feature","properties":{"wfo":"CTP","cwa":"CTP","citystate":"State College PA"},"geometry":{"type":"Polygon","coordinates":[[[-76.9266,42.0012],[-77.1259,41.9994],[-77.5039,42.0001],[-77.7703,41.9984],[-78.1233,42.0004],[-78.2686,41.999],[-78.5967,41.9999],[-78.8645,41.9976],[-79.0613,41.9999],[-79.61,41.9988],[-79.6125,41.8123],[-79.6129,41.6243],[-79.2486,41.6277],[-78.956,41.6246],[-78.9591,41.5],[-78.959,41.437],[-78.9767,41.4369],[-78.9767,41.4517],[-79.0632,41.4532],[-79.0661,41.4232],[-79.0936,41.4233],[-79.095,41.3716],[-79.0941,41.3409],[-79.0909,41.342],[-79.0832,41.3508],[-79.0778,41.3539],[-79.0633,41.3501],[-79.0483,41.3521],[-79.0395,41.3568],[-79.032,41.3576],[-79.0273,41.3569],[-79.02,41.3504],[-79.0172,41.3504],[-79.014,41.3572],[-79.0099,41.359],[-79.0031,41.3592],[-78.9921,41.3683],[-78.9845,41.367],[-78.9811,41.368],[-78.9725,41.3761],[-78.9692,41.3751],[-78.9663,41.3707],[-78.9598,41.3707],[-78.9592,41.3621],[-78.7353,41.2629],[-78.7391,41.2517],[-78.7375,41.2306],[-78.7107,41.2303],[-78.7103,41.2018],[-78.7609,41.2026],[-78.7671,41.2014],[-78.8043,41.1319],[-78.804,40.9533],[-78.8064,40.8616],[-78.8063,40.735],[-78.8057,40.7295],[-78.8031,40.7281],[-78.7998,40.7173],[-78.8081,40.7206],[-78.8597,40.6056],[-78.9137,40.4995],[-78.9968,40.3594],[-79.007,40.3498],[-79.0102,40.3441],[-79.0097,40.3406],[-79.0164,40.3386],[-79.0204,40.3351],[-79.0235,40.3282],[-79.0309,40.3213],[-79.0311,40.3184],[-79.0373,40.3137],[-79.0371,40.3081],[-79.0453,40.2997],[-79.051,40.2902],[-79.0544,40.2892],[-79.057,40.2783],[-79.068,40.2725],[-79.0784,40.2586],[-79.0781,40.2526],[-79.0795,40.2507],[-79.0824,40.2499],[-79.0865,40.243],[-79.0947,40.2365],[-79.0957,40.2332],[-79.1008,40.2315],[-79.0986,40.2287],[-79.0991,40.2258],[-79.1047,40.217],[-79.1079,40.2173],[-79.1079,40.213],[-79.1131,40.211],[-79.1144,40.2054],[-79.1256,40.2001],[-79.1241,40.1926],[-79.1272,40.1881],[-79.1267,40.1845],[-79.1302,40.1807],[-79.1353,40.1787],[-79.1405,40.18],[-79.143,40.1789],[-79.1401,40.1646],[-79.1494,40.1606],[-79.161,40.1605],[-79.1629,40.1417],[-79.1656,40.1389],[-79.1677,40.1288],[-79.1722,40.1259],[-79.1755,40.1197],[-79.1861,40.1097],[-79.1906,40.1098],[-79.1946,40.1125],[-79.197,40.1181],[-79.2001,40.1183],[-79.2029,40.1162],[-79.2108,40.1187],[-79.2145,40.1173],[-79.2201,40.113],[-79.2226,40.1042],[-79.2261,40.0996],[-79.2433,40.0926],[-79.2468,40.0935],[-79.2561,40.0878],[-79.2588,40.0802],[-79.2641,40.0787],[-79.2674,40.0745],[-79.2676,40.0686],[-79.2706,40.0646],[-79.2938,40.0404],[-79.3987,39.9006],[-79.417,39.8538],[-79.3825,39.837],[-79.3829,39.8293],[-79.3807,39.8272],[-79.3724,39.8275],[-79.3689,39.8244],[-79.3655,39.8192],[-79.3643,39.8067],[-79.3685,39.8019],[-79.3677,39.7946],[-79.3654,39.7906],[-79.3614,39.7883],[-79.3544,39.7885],[-79.3518,39.7871],[-79.3554,39.7821],[-79.3597,39.782],[-79.3801,39.7897],[-79.3833,39.7827],[-79.3922,39.7844],[-79.3949,39.7829],[-79.3905,39.7774],[-79.3799,39.7726],[-79.3787,39.7696],[-79.3801,39.7668],[-79.3864,39.762],[-79.3987,39.758],[-79.3997,39.7552],[-79.3945,39.7479],[-79.3938,39.7445],[-79.3972,39.7428],[-79.4084,39.7416],[-79.4093,39.7346],[-79.3948,39.7337],[-79.3897,39.7277],[-79.3921,39.7219],[-79.3875,39.7216],[-78.808,39.7232],[-78.3453,39.7217],[-78.3145,39.723],[-77.4696,39.7196],[-76.2416,39.7211],[-76.2396,39.7222],[-76.2247,39.7203],[-76.2189,39.7214],[-76.1427,39.7216],[-76.1357,39.7222],[-76.1349,39.7263],[-76.1299,39.7276],[-76.1256,39.7269],[-76.1227,39.7239],[-76.1188,39.7242],[-76.1197,39.7362],[-76.1144,39.7371],[-76.1112,39.7362],[-76.1092,39.7336],[-76.111,39.7286],[-76.1062,39.7243],[-76.1033,39.724],[-76.0973,39.7287],[-76.0931,39.7349],[-76.101,39.7417],[-76.1002,39.7456],[-76.0928,39.7428],[-76.0862,39.7463],[-76.0829,39.7526],[-76.0848,39.7556],[-76.0839,39.7588],[-76.0811,39.7614],[-76.0679,39.7601],[-76.0646,39.7622],[-76.0629,39.7651],[-76.0645,39.7708],[-76.0589,39.7788],[-76.0514,39.7822],[-76.0483,39.7889],[-76.0441,39.7922],[-76.0425,39.7959],[-76.0456,39.8006],[-76.0497,39.8027],[-76.0485,39.8039],[-76.0406,39.8016],[-76.0379,39.8028],[-76.0351,39.8113],[-76.0316,39.814],[-76.0319,39.8186],[-76.0367,39.8238],[-76.0357,39.8269],[-76.0281,39.824],[-76.0251,39.8252],[-76.0205,39.8308],[-76.0173,39.8316],[-76.022,39.8496],[-76.0209,39.8521],[-76.0182,39.8538],[-76.0082,39.8521],[-76.0043,39.8718],[-76.0025,39.8741],[-75.9996,39.8743],[-75.9962,39.8708],[-75.9921,39.8694],[-75.987,39.8746],[-75.9914,39.882],[-75.9913,39.8863],[-75.9872,39.8934],[-75.9941,39.8989],[-75.9971,39.909],[-75.9951,39.9173],[-75.9968,39.928],[-75.9915,39.9276],[-75.9857,39.9312],[-75.9821,39.9303],[-75.9812,39.9332],[-75.9884,39.9407],[-75.9942,39.953],[-75.9868,39.9634],[-75.9866,39.9673],[-75.9838,39.9718],[-75.9349,40.0412],[-75.9367,40.0813],[-75.9433,40.1075],[-75.8746,40.1372],[-75.9812,40.2072],[-76.1497,40.3145],[-76.2055,40.3606],[-76.2319,40.3663],[-76.4387,40.4959],[-76.4163,40.4963],[-76.3698,40.5094],[-76.3563,40.5106],[-76.3389,40.5154],[-76.3216,40.5144],[-76.3137,40.5159],[-76.3014,40.5148],[-76.274,40.5174],[-76.2584,40.5169],[-76.2347,40.5218],[-76.2183,40.529],[-76.1982,40.5311],[-76.188,40.5353],[-76.1721,40.5351],[-76.1653,40.5397],[-76.1601,40.5405],[-76.1554,40.545],[-76.1368,40.5515],[-76.1332,40.5541],[-76.1065,40.562],[-76.0794,40.5661],[-76.0658,40.5792],[-76.0587,40.5792],[-76.0571,40.5758],[-76.0539,40.5742],[-76.0502,40.5758],[-76.0471,40.5818],[-76.0438,40.5839],[-76.0402,40.5834],[-76.0337,40.5777],[-76.0258,40.5784],[-76.0223,40.5747],[-76.0181,40.574],[-76.0136,40.5779],[-75.9932,40.6397],[-75.891,40.6775],[-75.8559,40.6925],[-75.8414,40.6937],[-75.8077,40.708],[-75.7978,40.7165],[-75.7806,40.7247],[-75.7787,40.7291],[-75.7666,40.7305],[-75.7584,40.7359],[-75.886,40.8163],[-75.9973,40.913],[-76.0286,40.9021],[-76.2078,40.9497],[-76.2208,41.0001],[-76.2313,41.0503],[-76.2287,41.0523],[-76.2285,41.0566],[-76.229,41.1385],[-76.2775,41.1321],[-76.319,41.205],[-76.3197,41.2157],[-76.3107,41.3084],[-76.2297,41.5091],[-76.2238,41.5245],[-76.2208,41.5421],[-76.7497,41.5832],[-76.8747,41.5969],[-76.8936,41.7452],[-76.8994,41.8072],[-76.9266,42.0012]]]}},{"type":"Feature","properties":{"wfo":"LWX","cwa":"LWX","citystate":"Baltimore MD/Washington DC"},"geometry":{"type":"MultiPolygon","coordinates":[[[[-78.808,39.7232],[-79.476,39.7211],[-79.4789,39.532],[-79.4824,39.5317],[-79.4827,39.5214],[-79.4843,39.3468],[-79.4863,39.332],[-79.4871,39.2789],[-79.486,39.2582],[-79.4867,39.194],[-79.4839,39.1894],[-79.4682,39.1795],[-79.4592,39.1831],[-79.4461,39.1844],[-79.4432,39.1859],[-79.4424,39.1905],[-79.4396,39.1918],[-79.4358,39.1918],[-79.4286,39.187],[-79.4227,39.1908],[-79.4115,39.1888],[-79.4041,39.1911],[-79.4015,39.1905],[-79.3924,39.1938],[-79.3921,39.1972],[-79.3899,39.1999],[-79.382,39.2004],[-79.3812,39.204],[-79.3723,39.2033],[-79.3675,39.1999],[-79.3647,39.1997],[-79.3591,39.2033],[-79.3563,39.2084],[-79.3483,39.2075],[-79.3449,39.2131],[-79.3418,39.2141],[-79.3353,39.2148],[-79.3294,39.2135],[-79.3225,39.2084],[-79.3175,39.2117],[-79.3091,39.2106],[-79.3059,39.2085],[-79.3051,39.2048],[-79.2975,39.199],[-79.2923,39.1902],[-79.3075,39.1823],[-79.3115,39.1784],[-79.3126,39.1764],[-79.311,39.1731],[-79.3119,39.1701],[-79.3218,39.1637],[-79.3306,39.1501],[-79.3311,39.141],[-79.3266,39.1339],[-79.3279,39.1309],[-79.3359,39.1265],[-79.3312,39.1211],[-79.3318,39.1184],[-79.3451,39.1094],[-79.3488,39.0994],[-79.3489,39.0935],[-79.3553,39.0865],[-79.3335,39.0824],[-79.3278,39.0743],[-79.316,39.0706],[-79.3126,39.0712],[-79.3073,39.0768],[-79.2981,39.0731],[-79.3021,39.0643],[-79.3028,39.0527],[-79.3078,39.0424],[-79.3127,39.0415],[-79.317,39.0376],[-79.3145,39.0328],[-79.3105,39.0303],[-79.3106,39.0275],[-79.3141,39.017],[-79.3204,39.0116],[-79.3196,39.0023],[-79.3282,38.9963],[-79.3301,38.9839],[-79.337,38.9766],[-79.3403,38.9702],[-79.3564,38.9641],[-79.3498,38.9581],[-79.3548,38.9528],[-79.3568,38.9436],[-79.3667,38.9302],[-79.3688,38.9247],[-79.3767,38.9209],[-79.3896,38.9232],[-79.4151,38.9231],[-79.4245,38.929],[-79.4432,38.9324],[-79.4531,38.9304],[-79.4562,38.9283],[-79.4564,38.9216],[-79.4478,38.907],[-79.4461,38.8989],[-79.4569,38.8965],[-79.4638,38.8927],[-79.4721,38.8922],[-79.4827,38.8867],[-79.5087,38.8939],[-79.5195,38.8917],[-79.5186,38.8844],[-79.5102,38.8749],[-79.5111,38.8718],[-79.5154,38.8641],[-79.5302,38.852],[-79.5334,38.8462],[-79.5389,38.8413],[-79.5238,38.8294],[-79.529,38.8225],[-79.5295,38.8193],[-79.5274,38.8154],[-79.516,38.8081],[-79.5077,38.8003],[-79.5063,38.7931],[-79.5092,38.7887],[-79.5101,38.7814],[-79.5145,38.78],[-79.5231,38.7685],[-79.5354,38.7471],[-79.5427,38.7466],[-79.5466,38.7361],[-79.557,38.7306],[-79.5606,38.7246],[-79.561,38.7179],[-79.5643,38.7149],[-79.5717,38.7126],[-79.5774,38.7022],[-79.5864,38.6952],[-79.5881,38.69],[-79.597,38.6872],[-79.5984,38.6819],[-79.6011,38.6794],[-79.5944,38.6658],[-79.5962,38.6631],[-79.623,38.6686],[-79.6256,38.6668],[-79.6266,38.6644],[-79.6253,38.662],[-79.6194,38.6598],[-79.6185,38.6581],[-79.6253,38.6469],[-79.6299,38.6446],[-79.6335,38.637],[-79.6288,38.6318],[-79.6257,38.6251],[-79.6198,38.6225],[-79.6206,38.6188],[-79.6226,38.6146],[-79.6277,38.6113],[-79.6277,38.6081],[-79.6403,38.6041],[-79.6427,38.6016],[-79.6433,38.5983],[-79.6482,38.5948],[-79.6515,38.5869],[-79.6548,38.5836],[-79.6563,38.5762],[-79.6627,38.5701],[-79.66,38.5622],[-79.6653,38.5599],[-79.6693,38.5504],[-79.6705,38.5407],[-79.6677,38.539],[-79.668,38.536],[-79.672,38.5286],[-79.6649,38.5213],[-79.6628,38.5149],[-79.6688,38.5116],[-79.6701,38.5085],[-79.6755,38.5104],[-79.6803,38.5101],[-79.6831,38.502],[-79.6882,38.4967],[-79.6908,38.4967],[-79.6949,38.4931],[-79.6972,38.4852],[-79.6938,38.4797],[-79.6993,38.4744],[-79.6988,38.4706],[-79.6909,38.4629],[-79.6886,38.4578],[-79.689,38.4495],[-79.6909,38.4458],[-79.6896,38.4422],[-79.6916,38.4364],[-79.6901,38.4311],[-79.6954,38.4271],[-79.6957,38.4239],[-79.7069,38.4153],[-79.7093,38.4092],[-79.7172,38.4014],[-79.7232,38.3891],[-79.7263,38.3869],[-79.7314,38.3743],[-79.7267,38.3686],[-79.7263,38.3629],[-79.7318,38.3599],[-79.7349,38.3559],[-79.7418,38.3535],[-79.7576,38.3576],[-79.7645,38.3562],[-79.77,38.348],[-79.768,38.3453],[-79.7739,38.3348],[-79.7798,38.3316],[-79.7846,38.3315],[-79.7875,38.3283],[-79.7965,38.3235],[-79.8099,38.3063],[-79.8041,38.2987],[-79.8028,38.2925],[-79.7978,38.292],[-79.7955,38.2902],[-79.7898,38.2809],[-79.7902,38.278],[-79.787,38.2748],[-79.7895,38.2684],[-79.7953,38.2657],[-79.7625,38.247],[-79.7071,38.2216],[-79.5614,38.1986],[-79.5122,38.1798],[-79.5128,38.1766],[-79.5227,38.1733],[-79.5265,38.1705],[-79.522,38.1632],[-79.5325,38.1568],[-79.5328,38.154],[-79.5304,38.1523],[-79.5095,38.1549],[-79.4946,38.1657],[-79.482,38.1703],[-79.4704,38.1658],[-79.4629,38.1658],[-79.4587,38.1631],[-79.4456,38.1677],[-79.4368,38.1626],[-79.4451,38.1476],[-79.4693,38.1244],[-79.4923,38.0964],[-79.4899,38.0926],[-79.4825,38.0857],[-79.3376,38.0001],[-79.184,37.9142],[-79.1569,37.8911],[-79.1516,37.8854],[-79.151,37.8773],[-79.1473,37.8751],[-79.1471,37.8705],[-79.1508,37.8661],[-79.1442,37.8602],[-79.1445,37.8573],[-79.1451,37.8552],[-79.1529,37.8486],[-79.1568,37.8412],[-79.1579,37.8377],[-79.1551,37.8325],[-79.1587,37.8255],[-79.1583,37.8197],[-79.1626,37.8167],[-79.171,37.8051],[-79.1681,37.8043],[-79.1376,37.8136],[-79.1352,37.8077],[-79.1289,37.803],[-79.1221,37.8024],[-79.1201,37.8005],[-79.1187,37.7977],[-79.1197,37.7945],[-79.115,37.7876],[-79.11,37.785],[-79.1076,37.7868],[-79.1006,37.7848],[-79.0893,37.788],[-79.086,37.7874],[-79.0727,37.7785],[-79.067,37.7701],[-79.0721,37.7631],[-79.0662,37.7494],[-79.0692,37.7311],[-79.0642,37.7247],[-79.067,37.7198],[-79.0565,37.7126],[-79.0372,37.7085],[-79.0306,37.7027],[-79.0151,37.7052],[-79.0061,37.6976],[-78.9967,37.7016],[-78.9869,37.6977],[-78.9873,37.6896],[-78.9831,37.6871],[-78.9832,37.6826],[-78.9786,37.6796],[-78.9746,37.6784],[-78.9713,37.6794],[-78.9675,37.6772],[-78.9709,37.67],[-78.9639,37.6653],[-78.9585,37.6515],[-78.9547,37.6473],[-78.8985,37.5445],[-78.8963,37.5434],[-78.8922,37.5443],[-78.8876,37.5483],[-78.8852,37.5474],[-78.8839,37.55],[-78.8771,37.5465],[-78.875,37.5483],[-78.8715,37.548],[-78.8681,37.5452],[-78.8688,37.5422],[-78.8585,37.5453],[-78.8491,37.5393],[-78.8392,37.5363],[-78.8313,37.5357],[-78.8253,37.5372],[-78.8225,37.5437],[-78.8253,37.5528],[-78.8247,37.559],[-78.8142,37.5642],[-78.8145,37.5701],[-78.8298,37.5805],[-78.8329,37.5898],[-78.8285,37.595],[-78.8152,37.5989],[-78.8107,37.6022],[-78.811,37.6086],[-78.8234,37.6219],[-78.8237,37.6274],[-78.8212,37.6318],[-78.8121,37.6352],[-78.8034,37.6411],[-78.7949,37.6426],[-78.7871,37.6415],[-78.781,37.6381],[-78.7729,37.6387],[-78.7399,37.6316],[-78.7245,37.634],[-78.7155,37.6373],[-78.713,37.6401],[-78.7134,37.6457],[-78.7164,37.6508],[-78.7185,37.6606],[-78.7169,37.6649],[-78.71,37.6725],[-78.6929,37.6751],[-78.6891,37.6773],[-78.6884,37.6812],[-78.6954,37.6909],[-78.6942,37.6964],[-78.6872,37.6987],[-78.6769,37.696],[-78.6701,37.6904],[-78.6651,37.6813],[-78.6605,37.6776],[-78.6537,37.6774],[-78.642,37.6832],[-78.6412,37.6861],[-78.6438,37.6929],[-78.655,37.7018],[-78.654,37.7153],[-78.6454,37.725],[-78.6441,37.7328],[-78.6408,37.7381],[-78.6151,37.755],[-78.6077,37.7565],[-78.585,37.7554],[-78.5462,37.764],[-78.5275,37.759],[-78.5125,37.7576],[-78.4977,37.7631],[-78.4952,37.7696],[-78.4987,37.7884],[-78.4966,37.7938],[-78.4907,37.7973],[-78.4203,37.8756],[-78.3159,37.9961],[-78.2542,38.0639],[-78.2085,38.1331],[-78.1865,38.1279],[-78.1818,38.1298],[-78.171,38.1305],[-78.1634,38.1366],[-78.1547,38.1369],[-78.1484,38.1388],[-78.1447,38.1422],[-78.1312,38.1387],[-78.1167,38.1403],[-78.11,38.1487],[-78.1022,38.1522],[-78.0909,38.1507],[-78.0873,38.1474],[-78.081,38.1459],[-78.0746,38.1414],[-78.0689,38.1424],[-78.0586,38.1404],[-78.047,38.1358],[-78.0371,38.1352],[-78.0295,38.1392],[-78.0252,38.1369],[-78.0214,38.1415],[-78.0039,38.1385],[-77.9971,38.1348],[-77.9906,38.1279],[-77.9897,38.1246],[-77.9816,38.12],[-77.9687,38.1221],[-77.9557,38.1175],[-77.9439,38.1191],[-77.933,38.1139],[-77.9231,38.1149],[-77.9152,38.1177],[-77.9126,38.112],[-77.9065,38.1111],[-77.9029,38.1088],[-77.8896,38.1122],[-77.8736,38.1064],[-77.8603,38.1051],[-77.8567,38.1],[-77.8514,38.1037],[-77.8473,38.0992],[-77.8451,38.0988],[-77.8434,38.1004],[-77.8448,38.104],[-77.8409,38.1057],[-77.8375,38.105],[-77.836,38.1015],[-77.8246,38.0962],[-77.82,38.0908],[-77.8196,38.0878],[-77.8133,38.0856],[-77.8112,38.0797],[-77.7937,38.0785],[-77.7871,38.076],[-77.7827,38.0678],[-77.7841,38.0642],[-77.7676,38.0523],[-77.7636,38.0523],[-77.7563,38.0485],[-77.7507,38.0521],[-77.7479,38.0525],[-77.7459,38.0509],[-77.7476,38.0482],[-77.7479,38.0423],[-77.7423,38.0386],[-77.7485,38.0371],[-77.7474,38.0251],[-77.7443,38.025],[-77.7399,38.0325],[-77.734,38.0318],[-77.7312,38.0309],[-77.7283,38.0266],[-77.7311,38.0238],[-77.7307,38.0215],[-77.7238,38.0234],[-77.7215,38.0226],[-77.7196,38.0205],[-77.7198,38.0177],[-77.7116,38.013],[-77.7007,38.0125],[-77.6953,38.0073],[-77.6843,38.0082],[-77.6771,38.0063],[-77.6711,38.0036],[-77.6665,37.9974],[-77.6616,37.9975],[-77.6591,37.9921],[-77.649,37.9941],[-77.6426,37.9916],[-77.6251,38.0057],[-77.3705,38.2466],[-77.3649,38.2426],[-77.3609,38.2425],[-77.3486,38.251],[-77.342,38.2527],[-77.3384,38.2517],[-77.3331,38.246],[-77.3192,38.2429],[-77.3113,38.2354],[-77.3086,38.235],[-77.2996,38.2412],[-77.2927,38.2417],[-77.2905,38.2391],[-77.2941,38.2276],[-77.292,38.224],[-77.2808,38.2244],[-77.2779,38.2262],[-77.2758,38.2346],[-77.2772,38.242],[-77.275,38.2476],[-77.2714,38.2495],[-77.2511,38.2508],[-77.2466,38.2458],[-77.2292,38.245],[-77.2244,38.2412],[-77.2254,38.2371],[-77.2317,38.2343],[-77.2459,38.2325],[-77.2507,38.2307],[-77.2517,38.2284],[-77.242,38.2132],[-77.2422,38.2106],[-77.2535,38.1963],[-77.2548,38.1933],[-77.2532,38.1893],[-77.2346,38.186],[-77.2307,38.1872],[-77.2292,38.1896],[-77.2321,38.1967],[-77.2297,38.1993],[-77.2195,38.1995],[-77.2146,38.1972],[-77.209,38.1909],[-77.1966,38.1829],[-77.1881,38.1746],[-77.1735,38.1666],[-77.1662,38.165],[-77.1527,38.17],[-77.1458,38.1689],[-77.1282,38.162],[-77.1215,38.1519],[-77.1164,38.1499],[-77.0967,38.161],[-77.0866,38.1609],[-77.0841,38.1593],[-77.083,38.1484],[-77.0813,38.1452],[-77.0762,38.1414],[-77.0708,38.1426],[-77.0673,38.1468],[-77.0691,38.1573],[-77.0668,38.1613],[-77.0614,38.1616],[-77.0639,38.1676],[-77.0628,38.1729],[-77.0509,38.1771],[-77.0514,38.1799],[-77.0485,38.1824],[-77.0449,38.2562],[-77.0428,38.2607],[-77.035,38.259],[-77.0328,38.2639],[-77.0282,38.267],[-77.0132,38.2683],[-77.0111,38.2705],[-77.0079,38.2705],[-77.0056,38.2753],[-77.0022,38.2736],[-76.9997,38.2744],[-77.0018,38.2817],[-77.0095,38.2885],[-77.0165,38.2988],[-77.0235,38.3015],[-77.028,38.3053],[-77.0295,38.3132],[-77.0146,38.3327],[-77.0145,38.3376],[-77.0169,38.3417],[-77.0145,38.3622],[-77.016,38.3709],[-77.0118,38.3746],[-77.0388,38.3982],[-77.0444,38.4005],[-77.0514,38.3991],[-77.056,38.3962],[-77.0707,38.3772],[-77.0848,38.3683],[-77.0938,38.367],[-77.106,38.3697],[-77.1247,38.3669],[-77.1378,38.3678],[-77.1595,38.3476],[-77.178,38.3416],[-77.2044,38.3406],[-77.2402,38.3312],[-77.265,38.3328],[-77.2795,38.3391],[-77.2838,38.3428],[-77.2883,38.3598],[-77.2973,38.371],[-77.305,38.3754],[-77.3109,38.4001],[-77.319,38.4178],[-77.3226,38.4309],[-77.3229,38.4344],[-77.3208,38.4359],[-77.3258,38.4439],[-77.3245,38.4448],[-77.3254,38.4489],[-77.3226,38.4671],[-77.3156,38.4791],[-77.3104,38.4949],[-77.2994,38.5032],[-77.299,38.5104],[-77.2961,38.512],[-77.2954,38.5093],[-77.2873,38.5219],[-77.2835,38.5252],[-77.2828,38.5276],[-77.288,38.5276],[-77.2863,38.5306],[-77.2792,38.534],[-77.2789,38.5368],[-77.2763,38.5396],[-77.2766,38.5471],[-77.2703,38.5529],[-77.2623,38.5562],[-77.2615,38.5594],[-77.2566,38.5607],[-77.262,38.5682],[-77.2651,38.5834],[-77.264,38.5853],[-77.2595,38.5849],[-77.2582,38.5832],[-77.2559,38.5864],[-77.247,38.5906],[-77.2466,38.5939],[-77.2511,38.5937],[-77.2553,38.5963],[-77.2569,38.6],[-77.2537,38.6041],[-77.2539,38.6028],[-77.2508,38.604],[-77.2518,38.6062],[-77.2485,38.6061],[-77.2479,38.6078],[-77.2497,38.6099],[-77.2459,38.6119],[-77.2451,38.6207],[-77.2489,38.6286],[-77.2488,38.6317],[-77.2467,38.6352],[-77.2406,38.6389],[-77.2345,38.6364],[-77.2284,38.6376],[-77.2287,38.6396],[-77.2246,38.645],[-77.2243,38.6478],[-77.2404,38.6627],[-77.2396,38.664],[-77.2358,38.6595],[-77.2378,38.6634],[-77.2363,38.6641],[-77.2259,38.6611],[-77.2249,38.6577],[-77.2117,38.6565],[-77.2026,38.6584],[-77.1948,38.6533],[-77.1949,38.658],[-77.1943,38.6505],[-77.2057,38.6388],[-77.2163,38.6378],[-77.2051,38.6239],[-77.2043,38.6178],[-77.202,38.6172],[-77.1749,38.6242],[-77.1575,38.6364],[-77.1302,38.635],[-77.1319,38.6442],[-77.1359,38.6504],[-77.1445,38.6563],[-77.1475,38.6569],[-77.1493,38.6554],[-77.1493,38.6645],[-77.1506,38.6657],[-77.1572,38.6691],[-77.1578,38.6709],[-77.1629,38.6722],[-77.1677,38.6773],[-77.1746,38.6801],[-77.1769,38.679],[-77.1794,38.6811],[-77.189,38.6816],[-77.1893,38.685],[-77.1874,38.6849],[-77.1933,38.6858],[-77.194,38.6874],[-77.1894,38.6876],[-77.1845,38.6848],[-77.1793,38.6858],[-77.173,38.6832],[-77.1673,38.6859],[-77.1652,38.6835],[-77.1598,38.6947],[-77.1609,38.6958],[-77.163,38.6948],[-77.1668,38.6989],[-77.1645,38.7019],[-77.1637,38.7007],[-77.1652,38.6981],[-77.1608,38.6998],[-77.1593,38.6959],[-77.1598,38.6986],[-77.1582,38.6989],[-77.1546,38.6944],[-77.1548,38.6907],[-77.1533,38.6889],[-77.1579,38.684],[-77.1538,38.6815],[-77.154,38.6792],[-77.1485,38.678],[-77.143,38.6741],[-77.1403,38.6752],[-77.1385,38.6733],[-77.1364,38.6731],[-77.1385,38.6744],[-77.1354,38.6732],[-77.1325,38.6738],[-77.122,38.6858],[-77.1272,38.7027],[-77.1298,38.7031],[-77.1286,38.7049],[-77.1229,38.7047],[-77.1178,38.7001],[-77.1049,38.6973],[-77.099,38.6986],[-77.0827,38.7074],[-77.0795,38.7095],[-77.078,38.7131],[-77.0653,38.7096],[-77.0532,38.7099],[-77.0455,38.7143],[-77.0423,38.7185],[-77.041,38.7379],[-77.0441,38.7387],[-77.0418,38.7429],[-77.0463,38.7487],[-77.0449,38.7533],[-77.0458,38.7583],[-77.0494,38.7628],[-77.0476,38.7628],[-77.0473,38.7675],[-77.0498,38.7686],[-77.0465,38.7708],[-77.0455,38.7738],[-77.0481,38.7747],[-77.0493,38.7731],[-77.0489,38.7785],[-77.0534,38.7834],[-77.0507,38.7897],[-77.0403,38.7871],[-77.0402,38.7903],[-77.0386,38.7915],[-77.0389,38.8008],[-77.0358,38.8149],[-77.0381,38.8156],[-77.0391,38.8214],[-77.0404,38.8217],[-77.0381,38.8286],[-77.0392,38.8322],[-77.0449,38.8347],[-77.046,38.8413],[-77.0385,38.84],[-77.0328,38.8417],[-77.0317,38.8505],[-77.0378,38.8619],[-77.0426,38.8635],[-77.0393,38.8643],[-77.0389,38.8658],[-77.0406,38.8712],[-77.0454,38.8752],[-77.0466,38.8749],[-77.0463,38.8713],[-77.0491,38.8707],[-77.0513,38.8732],[-77.0511,38.8752],[-77.0564,38.8799],[-77.0553,38.8806],[-77.0484,38.8744],[-77.0461,38.8758],[-77.0606,38.8888],[-77.0638,38.8896],[-77.0673,38.8992],[-77.0707,38.9008],[-77.0688,38.9035],[-77.0571,38.8996],[-77.0553,38.8919],[-77.0523,38.888],[-77.041,38.8796],[-77.0412,38.8829],[-77.044,38.8842],[-77.0403,38.8874],[-77.0374,38.8871],[-77.0338,38.8819],[-77.0373,38.8818],[-77.0396,38.8799],[-77.0391,38.8785],[-77.0298,38.8695],[-77.019,38.8507],[-77.0247,38.835],[-77.0239,38.833],[-77.0248,38.8341],[-77.0263,38.8294],[-77.0279,38.816],[-77.0249,38.8109],[-77.0165,38.8101],[-77.0139,38.8079],[-77.0158,38.8051],[-77.022,38.8059],[-77.0257,38.8018],[-77.0248,38.7955],[-77.0233,38.7994],[-77.0198,38.7958],[-77.0237,38.7945],[-77.0267,38.7964],[-77.0254,38.7934],[-77.0227,38.7911],[-77.0237,38.7932],[-77.017,38.7922],[-77.0221,38.7803],[-77.0307,38.7732],[-77.0265,38.7544],[-77.0106,38.7499],[-77.0079,38.748],[-77.0089,38.7471],[-77.0069,38.7449],[-77.0097,38.7437],[-77.0193,38.7453],[-77.0293,38.74],[-77.0319,38.7215],[-77.0255,38.7203],[-77.0368,38.7126],[-77.0304,38.7037],[-77.0138,38.7016],[-77.0164,38.6954],[-77.0229,38.6953],[-77.0233,38.6937],[-77.0271,38.6962],[-77.0298,38.6943],[-77.0347,38.6966],[-77.0449,38.6979],[-77.0452,38.7015],[-77.0447,38.7005],[-77.0433,38.7027],[-77.0521,38.6978],[-77.0554,38.6937],[-77.0583,38.6964],[-77.067,38.6964],[-77.0786,38.6906],[-77.079,38.6889],[-77.0826,38.6907],[-77.0884,38.6902],[-77.1022,38.6852],[-77.1065,38.6813],[-77.1098,38.675],[-77.1152,38.6704],[-77.1154,38.664],[-77.1124,38.6552],[-77.1127,38.6507],[-77.1095,38.6435],[-77.111,38.6341],[-77.1063,38.6339],[-77.1095,38.6275],[-77.1247,38.6198],[-77.1298,38.6139],[-77.1407,38.6107],[-77.1481,38.6058],[-77.1697,38.6069],[-77.1838,38.6007],[-77.1914,38.5884],[-77.1918,38.5855],[-77.2094,38.5702],[-77.2173,38.5545],[-77.2353,38.5533],[-77.2438,38.5443],[-77.2466,38.5384],[-77.2457,38.5364],[-77.2472,38.5281],[-77.2551,38.526],[-77.2572,38.5234],[-77.2569,38.5192],[-77.2636,38.5124],[-77.2673,38.4984],[-77.2722,38.4893],[-77.2742,38.4818],[-77.2711,38.4768],[-77.2661,38.4738],[-77.2656,38.4697],[-77.262,38.4716],[-77.2656,38.4667],[-77.2673,38.4677],[-77.2708,38.4647],[-77.2697,38.4606],[-77.263,38.4531],[-77.2655,38.4428],[-77.2588,38.4363],[-77.2567,38.4322],[-77.2656,38.4167],[-77.2654,38.4139],[-77.258,38.4027],[-77.2568,38.3971],[-77.2541,38.3948],[-77.2502,38.3828],[-77.2377,38.3748],[-77.2315,38.3733],[-77.2158,38.3627],[-77.2067,38.36],[-77.1849,38.3664],[-77.1729,38.3741],[-77.1644,38.377],[-77.1541,38.3841],[-77.1367,38.3918],[-77.1277,38.4008],[-77.1233,38.4107],[-77.1106,38.4092],[-77.1066,38.4062],[-77.0911,38.4076],[-77.0864,38.4148],[-77.0755,38.4247],[-77.0692,38.4263],[-77.0593,38.4343],[-77.0442,38.443],[-77.0406,38.4446],[-77.016,38.4449],[-77.0123,38.4371],[-77.0016,38.422],[-76.9986,38.4093],[-76.9883,38.395],[-76.9888,38.3891],[-76.9849,38.3766],[-76.9845,38.3676],[-76.9812,38.3652],[-76.9836,38.3661],[-76.9836,38.363],[-76.9751,38.3539],[-76.9732,38.3542],[-76.9746,38.3516],[-76.9779,38.3548],[-76.9755,38.3473],[-76.9787,38.3419],[-76.9252,38.291],[-76.9184,38.2912],[-76.9085,38.2884],[-76.8865,38.277],[-76.8645,38.2702],[-76.8471,38.2562],[-76.842,38.2545],[-76.842,38.2501],[-76.8289,38.2509],[-76.7749,38.227],[-76.7523,38.2221],[-76.716,38.2329],[-76.6858,38.2325],[-76.6735,38.2344],[-76.6619,38.2313],[-76.6589,38.2284],[-76.6506,38.2254],[-76.6325,38.2257],[-76.5949,38.2159],[-76.591,38.2164],[-76.5888,38.2128],[-76.564,38.1967],[-76.5505,38.1839],[-76.5442,38.1625],[-76.5395,38.1513],[-76.5343,38.1463],[-76.5304,38.1336],[-76.5198,38.1405],[-76.5127,38.1413],[-76.5033,38.1393],[-76.4823,38.1177],[-76.4766,38.1054],[-76.4737,38.1026],[-76.4653,38.1058],[-76.4652,38.1073],[-76.4187,38.1045],[-76.3817,38.0897],[-76.3732,38.0817],[-76.3612,38.0596],[-76.3528,38.0532],[-76.3406,38.0541],[-76.3318,38.0522],[-76.325,38.046],[-76.3219,38.0364],[-76.3206,38.0487],[-76.3283,38.0679],[-76.331,38.0869],[-76.333,38.0873],[-76.331,38.0875],[-76.3308,38.0993],[-76.3416,38.1174],[-76.3201,38.1383],[-76.3297,38.1552],[-76.3535,38.1781],[-76.3619,38.192],[-76.3852,38.2178],[-76.3986,38.2555],[-76.3991,38.2641],[-76.3984,38.2658],[-76.3939,38.2673],[-76.3947,38.2708],[-76.397,38.2716],[-76.3942,38.2782],[-76.3734,38.2977],[-76.3815,38.3031],[-76.4001,38.3095],[-76.4087,38.3042],[-76.4228,38.3048],[-76.4268,38.291],[-76.4379,38.2925],[-76.4468,38.291],[-76.4491,38.287],[-76.4529,38.2873],[-76.4541,38.2882],[-76.453,38.2912],[-76.45,38.293],[-76.4542,38.2928],[-76.4622,38.2964],[-76.4701,38.3085],[-76.4809,38.3151],[-76.4779,38.3164],[-76.4752,38.3223],[-76.4911,38.3221],[-76.497,38.3248],[-76.4948,38.3248],[-76.4942,38.3293],[-76.4898,38.3323],[-76.5005,38.3398],[-76.5011,38.3447],[-76.5004,38.3426],[-76.4964,38.3443],[-76.5017,38.3567],[-76.5002,38.3584],[-76.5062,38.3626],[-76.5142,38.3631],[-76.5171,38.3676],[-76.5195,38.3679],[-76.5201,38.3707],[-76.5284,38.3717],[-76.5245,38.3732],[-76.5317,38.3764],[-76.5331,38.3787],[-76.5352,38.379],[-76.5369,38.3767],[-76.5375,38.3799],[-76.5334,38.3815],[-76.5356,38.3837],[-76.5403,38.3833],[-76.5517,38.3885],[-76.5618,38.389],[-76.5505,38.4058],[-76.548,38.4124],[-76.5471,38.4111],[-76.5447,38.4121],[-76.5408,38.4078],[-76.5384,38.4085],[-76.5369,38.4071],[-76.5376,38.4101],[-76.5351,38.4157],[-76.534,38.4121],[-76.5319,38.4111],[-76.5259,38.4129],[-76.521,38.411],[-76.5214,38.4083],[-76.5144,38.4025],[-76.5126,38.3952],[-76.5094,38.3907],[-76.4966,38.3851],[-76.4915,38.3803],[-76.4872,38.3733],[-76.4855,38.365],[-76.4775,38.3569],[-76.478,38.3532],[-76.4702,38.349],[-76.4708,38.344],[-76.4737,38.3388],[-76.484,38.3294],[-76.4781,38.3317],[-76.4687,38.3294],[-76.4657,38.3259],[-76.4616,38.3246],[-76.4555,38.3161],[-76.4521,38.3208],[-76.4572,38.3202],[-76.4606,38.3246],[-76.4566,38.3224],[-76.457,38.3237],[-76.45,38.3252],[-76.4517,38.3246],[-76.4508,38.3228],[-76.4361,38.325],[-76.4261,38.3222],[-76.4216,38.3191],[-76.4048,38.3412],[-76.387,38.3613],[-76.391,38.3751],[-76.3878,38.3807],[-76.3806,38.3845],[-76.3815,38.3861],[-76.391,38.3883],[-76.3999,38.3934],[-76.4128,38.4086],[-76.4154,38.4147],[-76.4259,38.4224],[-76.4313,38.4289],[-76.4371,38.4328],[-76.4363,38.4334],[-76.4509,38.4424],[-76.456,38.4479],[-76.4558,38.4512],[-76.4632,38.4581],[-76.471,38.464],[-76.4738,38.4622],[-76.4712,38.4651],[-76.484,38.4741],[-76.4927,38.4829],[-76.5089,38.5107],[-76.5157,38.529],[-76.5175,38.5392],[-76.5151,38.5558],[-76.5168,38.5743],[-76.5163,38.5915],[-76.5113,38.6158],[-76.515,38.6234],[-76.5156,38.6294],[-76.5223,38.6404],[-76.5257,38.6496],[-76.5324,38.6784],[-76.5333,38.6931],[-76.5314,38.7055],[-76.5298,38.7068],[-76.5307,38.7075],[-76.5272,38.7189],[-76.5267,38.7244],[-76.5281,38.7279],[-76.5145,38.7997],[-76.5101,38.8012],[-76.509,38.8044],[-76.5065,38.8056],[-76.5075,38.8073],[-76.5059,38.8105],[-76.5018,38.8113],[-76.5006,38.8143],[-76.498,38.8147],[-76.5001,38.819],[-76.4969,38.821],[-76.4983,38.8225],[-76.498,38.825],[-76.4959,38.8254],[-76.4969,38.8305],[-76.4963,38.8322],[-76.4919,38.8341],[-76.4899,38.8387],[-76.4899,38.8428],[-76.4916,38.8433],[-76.4929,38.8473],[-76.4941,38.8461],[-76.4945,38.8505],[-76.4966,38.8531],[-76.4992,38.8524],[-76.5103,38.8695],[-76.4907,38.8848],[-76.4898,38.89],[-76.4694,38.9076],[-76.4595,38.9071],[-76.463,38.91],[-76.4681,38.91],[-76.4677,38.9116],[-76.4717,38.9148],[-76.4701,38.9176],[-76.473,38.9198],[-76.473,38.9226],[-76.467,38.9206],[-76.4665,38.9152],[-76.4581,38.9143],[-76.463,38.9247],[-76.4634,38.9289],[-76.461,38.9328],[-76.4503,38.9411],[-76.4578,38.9484],[-76.4631,38.9486],[-76.4665,38.9513],[-76.4713,38.9565],[-76.474,38.9663],[-76.4749,38.9673],[-76.4764,38.9661],[-76.469,38.9823],[-76.4623,38.9809],[-76.4607,38.9839],[-76.4569,38.9847],[-76.4543,38.982],[-76.4546,38.9745],[-76.4505,38.9776],[-76.449,38.9828],[-76.4504,38.9895],[-76.4491,38.9948],[-76.4406,38.9954],[-76.439,38.997],[-76.4373,38.9954],[-76.4272,39.0009],[-76.4228,38.9976],[-76.424,38.9925],[-76.4274,38.9896],[-76.4274,38.9865],[-76.4228,38.9858],[-76.4211,38.9883],[-76.4231,38.9927],[-76.4223,38.9938],[-76.4146,38.9943],[-76.4126,38.9961],[-76.4143,38.9982],[-76.4144,38.9968],[-76.4172,38.9959],[-76.4179,38.998],[-76.4156,38.9972],[-76.4147,38.9985],[-76.4139,39.0014],[-76.416,39.0022],[-76.4151,39.0039],[-76.4118,39.0023],[-76.4063,39.006],[-76.4047,39.0053],[-76.406,39.0064],[-76.4037,39.0084],[-76.4017,39.006],[-76.4027,39.0079],[-76.3941,39.0113],[-76.3946,39.0125],[-76.3825,39.0095],[-76.4061,39.0327],[-76.404,39.033],[-76.405,39.0338],[-76.4302,39.0458],[-76.439,39.0528],[-76.4231,39.0742],[-76.4219,39.0815],[-76.433,39.1132],[-76.4325,39.1267],[-76.4287,39.1317],[-76.4304,39.1331],[-76.439,39.1329],[-76.4383,39.1306],[-76.4404,39.1346],[-76.4401,39.1376],[-76.4715,39.1547],[-76.4779,39.1666],[-76.4842,39.1643],[-76.4898,39.1566],[-76.5009,39.1593],[-76.5008,39.1611],[-76.5084,39.1694],[-76.5241,39.1761],[-76.53,39.187],[-76.5342,39.1906],[-76.5339,39.193],[-76.5277,39.1949],[-76.5323,39.2025],[-76.5354,39.2038],[-76.5319,39.2085],[-76.5359,39.211],[-76.5343,39.2132],[-76.5408,39.2102],[-76.5423,39.2107],[-76.5404,39.2137],[-76.5487,39.2103],[-76.5508,39.2118],[-76.5485,39.2133],[-76.551,39.2175],[-76.5633,39.2146],[-76.5682,39.2154],[-76.5732,39.2188],[-76.5726,39.2155],[-76.5738,39.2156],[-76.5726,39.2152],[-76.5745,39.2136],[-76.572,39.2112],[-76.575,39.2079],[-76.5793,39.2075],[-76.5778,39.2057],[-76.5833,39.2074],[-76.5836,39.2095],[-76.5821,39.2099],[-76.5809,39.2136],[-76.5891,39.213],[-76.5811,39.2165],[-76.5788,39.2159],[-76.5799,39.2189],[-76.5776,39.2207],[-76.5791,39.221],[-76.5763,39.221],[-76.5799,39.2229],[-76.5778,39.2232],[-76.58,39.2236],[-76.5816,39.2269],[-76.5801,39.2287],[-76.582,39.2291],[-76.5804,39.229],[-76.5823,39.2316],[-76.5805,39.2313],[-76.5791,39.227],[-76.5767,39.2258],[-76.5713,39.2274],[-76.564,39.2244],[-76.5626,39.2303],[-76.5601,39.2311],[-76.5598,39.2326],[-76.564,39.2329],[-76.5601,39.2343],[-76.5637,39.2373],[-76.5611,39.2388],[-76.5632,39.2377],[-76.5669,39.2388],[-76.5647,39.24],[-76.5656,39.2412],[-76.5675,39.2403],[-76.5666,39.2424],[-76.5694,39.2409],[-76.5694,39.2429],[-76.5711,39.2434],[-76.5693,39.2438],[-76.5711,39.245],[-76.5692,39.2464],[-76.5712,39.2453],[-76.5709,39.2471],[-76.5725,39.2457],[-76.5713,39.2478],[-76.5732,39.2463],[-76.5773,39.2483],[-76.5766,39.2499],[-76.579,39.2491],[-76.5789,39.2509],[-76.5813,39.2492],[-76.5809,39.2512],[-76.5821,39.2495],[-76.5812,39.2517],[-76.5858,39.2457],[-76.587,39.2474],[-76.5862,39.2504],[-76.5877,39.2495],[-76.5884,39.2509],[-76.59,39.2505],[-76.5887,39.248],[-76.5912,39.2482],[-76.5909,39.2503],[-76.5927,39.2491],[-76.5913,39.2476],[-76.5919,39.2438],[-76.5938,39.2442],[-76.5933,39.2457],[-76.5959,39.2438],[-76.5988,39.245],[-76.5982,39.2483],[-76.6017,39.2448],[-76.6019,39.2424],[-76.6022,39.2456],[-76.6048,39.2436],[-76.6035,39.2419],[-76.6078,39.243],[-76.6152,39.2556],[-76.6232,39.2554],[-76.6314,39.2583],[-76.6259,39.2683],[-76.6314,39.2692],[-76.6269,39.2699],[-76.6296,39.272],[-76.6258,39.2696],[-76.6245,39.2737],[-76.622,39.2739],[-76.6216,39.2701],[-76.6203,39.2701],[-76.6205,39.2651],[-76.6161,39.2624],[-76.6151,39.2597],[-76.6136,39.2609],[-76.6101,39.2575],[-76.6102,39.2556],[-76.6074,39.2591],[-76.6047,39.2595],[-76.608,39.262],[-76.606,39.2632],[-76.6035,39.2617],[-76.6054,39.2636],[-76.603,39.2617],[-76.6045,39.2642],[-76.6008,39.2617],[-76.6042,39.2645],[-76.6027,39.2636],[-76.6026,39.2659],[-76.5993,39.2618],[-76.6003,39.2642],[-76.5955,39.2648],[-76.5937,39.2643],[-76.594,39.263],[-76.5912,39.2644],[-76.5894,39.2619],[-76.5877,39.2629],[-76.5886,39.2612],[-76.5839,39.264],[-76.5797,39.2613],[-76.578,39.2657],[-76.5809,39.2696],[-76.5827,39.2675],[-76.5811,39.2703],[-76.5831,39.2682],[-76.5826,39.2713],[-76.5844,39.27],[-76.5836,39.272],[-76.5853,39.2703],[-76.5843,39.2725],[-76.5866,39.2707],[-76.5853,39.2733],[-76.5876,39.2716],[-76.5864,39.2739],[-76.5881,39.2732],[-76.5874,39.2747],[-76.5891,39.2729],[-76.5885,39.2752],[-76.5929,39.2753],[-76.5925,39.2764],[-76.5997,39.2734],[-76.5999,39.275],[-76.6043,39.2756],[-76.6025,39.2762],[-76.6043,39.2762],[-76.6034,39.2775],[-76.6058,39.2775],[-76.6034,39.2777],[-76.6057,39.2787],[-76.6043,39.2795],[-76.6058,39.2793],[-76.6045,39.2802],[-76.6058,39.2817],[-76.6117,39.2823],[-76.6118,39.2855],[-76.6087,39.286],[-76.6078,39.2844],[-76.6073,39.2866],[-76.6073,39.2842],[-76.6063,39.2866],[-76.605,39.2832],[-76.6052,39.2867],[-76.6045,39.283],[-76.6038,39.2863],[-76.6022,39.281],[-76.5991,39.2821],[-76.6006,39.2797],[-76.5968,39.2784],[-76.5942,39.2792],[-76.5945,39.2803],[-76.5935,39.2795],[-76.593,39.2816],[-76.5919,39.2803],[-76.5918,39.2817],[-76.5914,39.28],[-76.5877,39.2791],[-76.5889,39.2821],[-76.5872,39.2834],[-76.5803,39.2796],[-76.5795,39.2765],[-76.5711,39.2765],[-76.5727,39.275],[-76.5709,39.2748],[-76.5726,39.2745],[-76.5707,39.2727],[-76.572,39.2705],[-76.5693,39.2703],[-76.5723,39.2697],[-76.5693,39.2687],[-76.5728,39.2678],[-76.5692,39.2678],[-76.5717,39.2669],[-76.5692,39.2652],[-76.5721,39.2647],[-76.569,39.2648],[-76.5717,39.2645],[-76.5719,39.2626],[-76.5664,39.2584],[-76.5651,39.2601],[-76.5647,39.2568],[-76.5638,39.2588],[-76.5628,39.2564],[-76.5626,39.2612],[-76.5609,39.2585],[-76.5606,39.2613],[-76.5603,39.2574],[-76.5586,39.257],[-76.5587,39.2613],[-76.557,39.2612],[-76.5568,39.2579],[-76.5564,39.2614],[-76.5557,39.2578],[-76.5543,39.2608],[-76.5475,39.2609],[-76.5401,39.2565],[-76.5414,39.2541],[-76.5387,39.2536],[-76.5362,39.2587],[-76.5348,39.2588],[-76.5343,39.2558],[-76.5387,39.2454],[-76.5351,39.2419],[-76.5325,39.2396],[-76.5204,39.2438],[-76.5172,39.2419],[-76.5175,39.2328],[-76.5136,39.2295],[-76.5206,39.2235],[-76.5056,39.2321],[-76.5035,39.232],[-76.4954,39.2257],[-76.496,39.2216],[-76.5,39.221],[-76.4962,39.2212],[-76.4997,39.22],[-76.4957,39.2198],[-76.4998,39.2188],[-76.4962,39.219],[-76.4976,39.2148],[-76.5012,39.2137],[-76.4944,39.2132],[-76.501,39.2104],[-76.5002,39.2076],[-76.4966,39.2076],[-76.4987,39.2065],[-76.4984,39.2048],[-76.4942,39.204],[-76.4932,39.2059],[-76.4926,39.203],[-76.4854,39.2033],[-76.4857,39.2112],[-76.4845,39.2095],[-76.4844,39.2114],[-76.4766,39.2122],[-76.481,39.2099],[-76.4818,39.2015],[-76.4816,39.2043],[-76.4801,39.2051],[-76.4635,39.2059],[-76.4612,39.204],[-76.4627,39.2159],[-76.4611,39.2164],[-76.4634,39.2182],[-76.4603,39.2204],[-76.4577,39.2187],[-76.4457,39.2188],[-76.4456,39.211],[-76.4444,39.2101],[-76.4465,39.2094],[-76.45,39.2014],[-76.4466,39.1965],[-76.4425,39.1954],[-76.4369,39.2028],[-76.4253,39.2057],[-76.4177,39.2198],[-76.3995,39.2308],[-76.3945,39.2315],[-76.3892,39.2358],[-76.3846,39.2426],[-76.3836,39.2469],[-76.3803,39.2491],[-76.3892,39.2505],[-76.3938,39.2467],[-76.4027,39.2491],[-76.401,39.2494],[-76.4048,39.254],[-76.405,39.256],[-76.3955,39.2694],[-76.4025,39.2659],[-76.4017,39.2678],[-76.4031,39.2688],[-76.3994,39.2704],[-76.3988,39.2731],[-76.4031,39.2744],[-76.401,39.2743],[-76.3984,39.2767],[-76.4015,39.278],[-76.398,39.2777],[-76.3979,39.2805],[-76.3963,39.2803],[-76.3958,39.2769],[-76.3871,39.2805],[-76.3846,39.2759],[-76.383,39.2775],[-76.385,39.2823],[-76.3842,39.2845],[-76.3819,39.2848],[-76.3893,39.297],[-76.3743,39.3015],[-76.3647,39.3116],[-76.3555,39.3122],[-76.3536,39.3103],[-76.351,39.3123],[-76.3505,39.3183],[-76.3446,39.3161],[-76.3431,39.317],[-76.3429,39.3156],[-76.3456,39.3148],[-76.3456,39.3128],[-76.3406,39.3065],[-76.3415,39.3027],[-76.3365,39.305],[-76.3391,39.3063],[-76.3406,39.31],[-76.3371,39.3142],[-76.3276,39.3141],[-76.3339,39.3339],[-76.3283,39.3349],[-76.3343,39.3413],[-76.3444,39.3585],[-76.3402,39.3617],[-76.3405,39.3691],[-76.3383,39.3737],[-76.3522,39.3761],[-76.3542,39.3803],[-76.3591,39.3815],[-76.3613,39.3776],[-76.3692,39.3783],[-76.3705,39.3772],[-76.3725,39.3819],[-76.3684,39.3861],[-76.3677,39.3898],[-76.3636,39.3926],[-76.3644,39.3892],[-76.3625,39.3877],[-76.3634,39.3892],[-76.3616,39.3914],[-76.3602,39.3908],[-76.3598,39.3947],[-76.3582,39.39],[-76.3588,39.3924],[-76.3569,39.3928],[-76.3563,39.3951],[-76.3536,39.3941],[-76.3568,39.3962],[-76.3545,39.3958],[-76.3543,39.398],[-76.3536,39.3953],[-76.3521,39.3968],[-76.3479,39.3961],[-76.349,39.3953],[-76.3449,39.3925],[-76.3353,39.3904],[-76.3334,39.3884],[-76.3255,39.3899],[-76.3166,39.3894],[-76.3065,39.3852],[-76.3013,39.3745],[-76.3068,39.3603],[-76.3161,39.3574],[-76.3092,39.3541],[-76.2979,39.3518],[-76.2948,39.3485],[-76.2988,39.3402],[-76.2988,39.3292],[-76.2934,39.3245],[-76.2891,39.3178],[-76.2923,39.3063],[-76.2986,39.3021],[-76.2916,39.3004],[-76.2814,39.3011],[-76.2808,39.3116],[-76.2775,39.3139],[-76.2786,39.3184],[-76.2761,39.3229],[-76.2671,39.3291],[-76.2636,39.3343],[-76.2539,39.3368],[-76.2587,39.3423],[-76.2573,39.3474],[-76.2653,39.35],[-76.2666,39.354],[-76.2652,39.3593],[-76.2742,39.3611],[-76.2757,39.3645],[-76.2819,39.3661],[-76.2828,39.3649],[-76.2869,39.369],[-76.2797,39.3726],[-76.2767,39.3715],[-76.2765,39.3734],[-76.2717,39.3772],[-76.2748,39.38],[-76.2764,39.3787],[-76.2766,39.3804],[-76.2685,39.3888],[-76.2689,39.3899],[-76.2714,39.3875],[-76.2762,39.3899],[-76.2755,39.3909],[-76.2782,39.3932],[-76.2836,39.3916],[-76.2794,39.3942],[-76.2835,39.3963],[-76.2828,39.3972],[-76.2797,39.3977],[-76.271,39.3906],[-76.2655,39.3923],[-76.2683,39.3974],[-76.2688,39.4027],[-76.2739,39.4039],[-76.2754,39.4067],[-76.278,39.4047],[-76.2819,39.4054],[-76.2798,39.4069],[-76.2803,39.4088],[-76.2828,39.4111],[-76.2868,39.4113],[-76.2859,39.4126],[-76.2816,39.4122],[-76.2781,39.4095],[-76.28,39.4158],[-76.2761,39.4172],[-76.2773,39.4145],[-76.275,39.4105],[-76.2759,39.4092],[-76.2719,39.4082],[-76.2684,39.4116],[-76.2671,39.4088],[-76.2651,39.4084],[-76.2548,39.4123],[-76.2542,39.417],[-76.2513,39.419],[-76.2518,39.4226],[-76.2493,39.4273],[-76.2516,39.4289],[-76.2476,39.4351],[-76.2537,39.442],[-76.2574,39.4435],[-76.2604,39.4397],[-76.262,39.4398],[-76.2602,39.4413],[-76.2644,39.4411],[-76.2736,39.4444],[-76.2746,39.4427],[-76.2734,39.4419],[-76.2755,39.4396],[-76.2748,39.4414],[-76.2761,39.4403],[-76.2798,39.4422],[-76.2813,39.448],[-76.2759,39.4513],[-76.2708,39.4505],[-76.267,39.4461],[-76.2632,39.4467],[-76.2594,39.4503],[-76.2489,39.4511],[-76.2441,39.4545],[-76.2408,39.466],[-76.2333,39.4652],[-76.2304,39.4677],[-76.223,39.4673],[-76.2249,39.4623],[-76.2289,39.4622],[-76.2321,39.4595],[-76.2306,39.4544],[-76.2394,39.4387],[-76.2249,39.4278],[-76.2225,39.4304],[-76.2226,39.4277],[-76.2298,39.4184],[-76.2422,39.4073],[-76.2409,39.4048],[-76.2508,39.3861],[-76.2466,39.3883],[-76.2467,39.3827],[-76.255,39.3764],[-76.2526,39.377],[-76.2481,39.3734],[-76.2439,39.3741],[-76.2461,39.3698],[-76.252,39.37],[-76.2534,39.3676],[-76.2503,39.3613],[-76.2399,39.3614],[-76.2338,39.352],[-76.227,39.3499],[-76.2208,39.3563],[-76.1962,39.3679],[-76.18,39.386],[-76.1789,39.3836],[-76.1801,39.3776],[-76.1715,39.3922],[-76.1585,39.4069],[-76.1569,39.4054],[-76.1464,39.4053],[-76.1219,39.4212],[-76.1168,39.4276],[-76.1022,39.4357],[-76.0833,39.4383],[-76.0812,39.4367],[-76.0663,39.4466],[-76.0607,39.448],[-76.0629,39.4567],[-76.0676,39.4632],[-76.0699,39.472],[-76.0724,39.4753],[-76.0793,39.4752],[-76.0817,39.4783],[-76.0983,39.4761],[-76.1047,39.4788],[-76.1134,39.4868],[-76.115,39.4861],[-76.1139,39.4837],[-76.1162,39.4806],[-76.1222,39.4811],[-76.1293,39.4877],[-76.1333,39.4886],[-76.1337,39.4913],[-76.1318,39.4934],[-76.1334,39.4941],[-76.1308,39.4974],[-76.1322,39.5007],[-76.1294,39.503],[-76.1247,39.4999],[-76.1254,39.4931],[-76.123,39.4944],[-76.1212,39.4914],[-76.1145,39.4997],[-76.1057,39.5188],[-76.1067,39.5211],[-76.1027,39.5238],[-76.098,39.5314],[-76.0994,39.5342],[-76.0982,39.5338],[-76.0951,39.5374],[-76.0851,39.5399],[-76.0851,39.5438],[-76.0675,39.5478],[-76.0598,39.546],[-76.0469,39.5464],[-76.0467,39.5475],[-76.0521,39.5497],[-76.0305,39.5502],[-76.0298,39.5481],[-76.0163,39.5457],[-76.0123,39.5393],[-76.0055,39.5388],[-76.0022,39.5411],[-76.007,39.5481],[-76.0035,39.5527],[-76.0057,39.5549],[-76.0027,39.5546],[-76.0003,39.5586],[-76.0018,39.56],[-75.9903,39.563],[-75.9776,39.5715],[-75.9728,39.5703],[-75.9681,39.5746],[-75.9695,39.5762],[-75.9671,39.5764],[-75.9651,39.5791],[-75.9656,39.5821],[-75.9641,39.5833],[-75.9652,39.586],[-75.9622,39.5875],[-75.9634,39.588],[-75.9568,39.5935],[-75.9518,39.5943],[-75.9515,39.592],[-75.9493,39.595],[-75.9474,39.5946],[-75.9488,39.5929],[-75.9448,39.5923],[-75.9478,39.5909],[-75.9493,39.5874],[-75.9497,39.5837],[-75.9481,39.5807],[-75.9504,39.5784],[-75.9479,39.5768],[-75.9535,39.5766],[-75.9546,39.5744],[-75.9535,39.5722],[-75.9558,39.5716],[-75.9574,39.5658],[-75.9626,39.5621],[-75.9613,39.5588],[-75.9593,39.5583],[-75.9621,39.5578],[-75.9691,39.5613],[-75.9703,39.5576],[-75.9672,39.5501],[-75.9676,39.5478],[-75.9651,39.5464],[-75.9693,39.5437],[-75.9696,39.5417],[-75.9676,39.5389],[-75.9634,39.5383],[-75.9616,39.5349],[-75.9665,39.5318],[-75.9742,39.5322],[-75.9761,39.53],[-75.9806,39.529],[-75.9811,39.5191],[-75.9863,39.5104],[-75.9885,39.4968],[-75.9958,39.4887],[-75.9943,39.4774],[-75.9951,39.4724],[-75.9981,39.4663],[-76.012,39.455],[-76.0119,39.4514],[-76.0095,39.4492],[-75.9997,39.4517],[-75.997,39.4535],[-75.9986,39.4569],[-75.9901,39.4585],[-75.9871,39.4613],[-75.9856,39.4677],[-75.9786,39.4704],[-75.9779,39.474],[-75.971,39.4742],[-75.9694,39.4821],[-75.9629,39.4813],[-75.9622,39.4845],[-75.9572,39.4864],[-75.9567,39.4897],[-75.9499,39.4909],[-75.9492,39.495],[-75.9429,39.4976],[-75.9424,39.4993],[-75.9314,39.5001],[-75.9308,39.5041],[-75.9269,39.5055],[-75.929,39.5124],[-75.9334,39.5118],[-75.9372,39.5149],[-75.9323,39.5141],[-75.931,39.5161],[-75.9323,39.5197],[-75.9243,39.5147],[-75.918,39.5162],[-75.9159,39.5193],[-75.9019,39.5121],[-75.8948,39.5203],[-75.8914,39.5221],[-75.8931,39.5248],[-75.8906,39.5272],[-75.8789,39.5284],[-75.8808,39.527],[-75.8791,39.5245],[-75.8748,39.5259],[-75.8708,39.5236],[-75.8712,39.5135],[-75.8807,39.5115],[-75.8849,39.5134],[-75.8836,39.5069],[-75.8878,39.5075],[-75.8947,39.5044],[-75.9008,39.505],[-75.9051,39.5031],[-75.9156,39.5029],[-75.9208,39.4974],[-75.9229,39.4894],[-75.9248,39.4881],[-75.9217,39.4856],[-75.903,39.4865],[-75.9031,39.4885],[-75.8962,39.4862],[-75.8968,39.4878],[-75.8955,39.488],[-75.8913,39.4859],[-75.8786,39.4738],[-75.8738,39.4719],[-75.8691,39.4721],[-75.8686,39.4626],[-75.8604,39.4613],[-75.8612,39.4528],[-75.8703,39.4567],[-75.8707,39.4595],[-75.8747,39.4609],[-75.878,39.4665],[-75.8852,39.4669],[-75.8868,39.4718],[-75.8926,39.47],[-75.8948,39.4723],[-75.9049,39.476],[-75.9155,39.4718],[-75.9249,39.4743],[-75.935,39.4727],[-75.94,39.475],[-75.946,39.4745],[-75.9564,39.4634],[-75.9547,39.4611],[-75.9457,39.457],[-75.939,39.4572],[-75.9425,39.4557],[-75.9406,39.4539],[-75.9444,39.4501],[-75.9455,39.45],[-75.9434,39.4534],[-75.9511,39.4548],[-75.95,39.4565],[-75.9567,39.4579],[-75.9624,39.4619],[-75.967,39.4621],[-75.9724,39.4567],[-75.981,39.4367],[-75.9846,39.4343],[-75.9962,39.4314],[-76.0018,39.4244],[-76.0051,39.4164],[-76.0149,39.4093],[-76.035,39.402],[-76.041,39.3942],[-76.0399,39.3881],[-76.0288,39.3854],[-75.9964,39.3853],[-75.9871,39.3806],[-75.9834,39.3737],[-75.9795,39.3707],[-75.9828,39.374],[-75.984,39.3794],[-75.9827,39.3827],[-75.9784,39.3755],[-75.9745,39.3799],[-75.9622,39.3783],[-75.9563,39.3806],[-75.946,39.3763],[-75.9433,39.3708],[-75.9279,39.3746],[-75.9229,39.3728],[-75.9209,39.3701],[-75.9165,39.3699],[-75.9157,39.3711],[-75.9119,39.3675],[-75.9055,39.3664],[-75.8936,39.3677],[-75.8863,39.3631],[-75.8828,39.3654],[-75.882,39.3644],[-75.8678,39.3678],[-75.864,39.3664],[-75.8612,39.3676],[-75.8556,39.3645],[-75.8486,39.3681],[-75.8456,39.3675],[-75.8425,39.3708],[-75.8312,39.374],[-75.8249,39.3807],[-75.8193,39.3821],[-75.8058,39.3766],[-75.7967,39.3773],[-75.794,39.3799],[-75.7818,39.3816],[-75.7728,39.3779],[-75.7668,39.3777],[-75.7878,39.6409],[-75.7883,39.7209],[-75.7907,39.7221],[-76.1357,39.7222],[-76.2247,39.7203],[-76.2396,39.7222],[-76.2416,39.7211],[-77.4696,39.7196],[-77.8752,39.7222],[-78.3145,39.723],[-78.3453,39.7217],[-78.808,39.7232]],[[-76.5068,38.3898],[-76.5068,38.39],[-76.5067,38.3901],[-76.5064,38.3895],[-76.5068,38.3898]]],[[[-76.5904,38.2143],[-76.5904,38.2145],[-76.5906,38.2149],[-76.5909,38.2149],[-76.5924,38.2157],[-76.5928,38.216],[-76.5943,38.2161],[-76.5943,38.2158],[-76.5941,38.2157],[-76.5933,38.2155],[-76.5915,38.2147],[-76.5906,38.2142],[-76.5904,38.2143]]],[[[-76.4544,38.3218],[-76.4539,38.3221],[-76.4539,38.3222],[-76.4546,38.3226],[-76.4549,38.3226],[-76.455,38.3223],[-76.4552,38.322],[-76.4552,38.3218],[-76.455,38.3217],[-76.4544,38.3218]]],[[[-77.2971,38.5074],[-77.2962,38.5098],[-77.2987,38.5104],[-77.2971,38.5074]]],[[[-77.0293,38.6959],[-77.0295,38.6962],[-77.0298,38.696],[-77.0296,38.6958],[-77.0293,38.6959]]],[[[-77.0293,38.6964],[-77.0295,38.6967],[-77.0298,38.6966],[-77.0295,38.6964],[-77.0293,38.6964]]],[[[-77.0319,38.6954],[-77.0306,38.6958],[-77.033,38.6973],[-77.0319,38.6954]]],[[[-77.0306,38.8084],[-77.029,38.8089],[-77.0308,38.811],[-77.0306,38.8084]]],[[[-77.0597,38.8922],[-77.0599,38.8977],[-77.0624,38.8994],[-77.0665,38.8994],[-77.0622,38.8916],[-77.0612,38.8906],[-77.0597,38.8922]]],[[[-76.3631,39.3876],[-76.365,39.389],[-76.3647,39.3909],[-76.3664,39.3897],[-76.3652,39.386],[-76.3639,39.3857],[-76.3631,39.3876]]],[[[-76.0882,39.5361],[-76.0912,39.5367],[-76.0908,39.5348],[-76.0882,39.5361]]]]}}]}